SectionId	ParagraphId	SentenceId	TokenId	Begin	End	Token	Lemma	CPOS	POS	Morphology	DependencyHead	DependencyRelation	NamedEntity	QuoteMarker	SyntaxTree
_	2	0	0	158	162	Doch	doch	CONJ	KON	_	2	JU	_	0	(TOP(S(AP(AVP*
_	2	0	1	163	166	nun	nun	ADV	ADV	_	2	MO	_	0	*)
_	2	0	2	167	175	steigend	steigend	ADJ	ADJD	degree=pos	_	_	_	0	(CAP*
_	2	0	3	175	176	,	--	PUNC	$,	_	2	--	_	0	*
_	2	0	4	177	187	Schwellend	schwellend	ADJ	ADJD	degree=pos	2	CJ	_	0	*
_	2	0	5	187	188	,	--	PUNC	$,	_	4	--	_	0	*
_	2	0	6	189	199	schwellend	schwellend	ADJ	ADJD	degree=pos	4	CJ	_	0	*))
_	2	0	7	199	200	,	--	PUNC	$,	_	6	--	_	0	*
_	2	0	8	201	204	Mit	mit	PP	APPR	_	16	MO	_	0	(AVP(S(NP(PP*
_	2	0	9	205	214	vereinter	vereinter	ADJ	ADJA	_	10	NK	_	0	*))
_	2	0	10	215	221	Stimme	stimme	NN	NN	number=sg|person=3|tense=pres|mood=subj	8	NK	_	0	(PP(S(CNP(NP*
_	2	0	11	221	222	,	--	PUNC	$,	_	10	--	_	0	*
_	2	0	12	223	227	Laut	laut	PP	APPR	_	8	CJ	_	0	(VP(PP*
_	2	0	13	228	233	Rufen	rufe	NN	NN	case=dat|number=pl|gender=masc	12	NK	_	0	*
_	2	0	14	234	237	aus	aus	PP	APZR	_	12	AC	_	0	*)
_	2	0	15	238	241	wir	wir	PR	PPER	case=nom|number=pl|gender=*|person=1	8	NK	_	0	(NP*)
_	2	0	16	242	254	hochvertraut	hochvertraut	V	VVPP	_	6	CJ	_	0	*)))
_	2	0	17	254	255	;	--	PUNC	$.	_	16	--	_	0	*
_	2	0	18	256	262	Schlaf	schlaf	NN	NN	number=pl|person=1|tense=pres|mood=ind	19	PNC	_	0	(NP*)))))
_	2	0	19	263	265	du	du	PR	PPER	case=nom|number=sg|gender=*|person=2	16	DA	_	0	(NP*)
_	2	0	20	266	271	nicht	nicht	O	PTKNEG	_	16	NG	_	0	(S*
_	2	0	21	271	272	,	--	PUNC	$,	_	20	--	_	0	*
_	2	0	22	273	277	Wenn	wenn	CONJ	KOUS	_	26	CP	_	0	(S*
_	2	0	23	278	281	der	der	ART	ART	case=nom|number=sg|gender=masc	24	NK	_	0	(NP*
_	2	0	24	282	289	Neigung	neigung	NN	NN	case=nom|number=sg|gender=masc	26	SB	_	0	*)
_	2	0	25	290	296	Stimme	stimme	NN	NN	number=sg|person=3|tense=pres|mood=subj	26	OA	_	0	*
_	2	0	26	297	304	spricht	sprechen	V	VVFIN	number=sg|person=3|tense=pres|mood=ind	16	MO	_	0	*))
_	2	0	27	304	305	!	--	PUNC	$.	_	26	--	_	0	*))
_	3	1	28	307	312	Sucht	suchen	O	PTKNEG	case=nom|number=sg|gender=fem	31	NG	_	0	(TOP(CS(S(NP*
_	3	1	29	312	313	'	--	PUNC	$(	_	28	--	_	0	*
_	3	1	30	314	317	ein	ein	ART	ART	case=nom|number=sg|gender=masc	31	NK	_	0	(CNP(NP*
_	3	1	31	318	324	Weiser	weiser	NN	NN	case=nom|number=sg|gender=masc	49	OA	_	0	*
_	3	1	32	325	328	nah	nah	ADJ	ADJD	degree=pos	35	NK	_	0	*)
_	3	1	33	329	332	und	und	CONJ	KON	_	32	CD	_	0	*
_	3	1	34	333	338	ferne	fern	ADJ	ADJA	case=nom|number=pl|gender=neut|degree=pos	33	CJ	_	0	(NP*
_	3	1	35	339	347	Menschen	mensch	NN	NN	case=nom|number=pl|gender=neut	31	AG	_	0	*)))
_	3	1	36	348	353	einst	einst	ADV	ADV	_	43	MO	_	0	(PP*
_	3	1	37	354	357	mit	mit	PP	APPR	_	43	MO	_	0	*
_	3	1	38	358	361	der	der	ART	ART	case=dat|number=sg|gender=fem	39	NK	_	0	*
_	3	1	39	362	369	Laterne	laterne	NN	NN	case=dat|number=sg|gender=fem	37	NK	_	0	*)
_	3	1	40	369	370	;	--	PUNC	$.	_	39	--	_	0	*
_	3	1	41	371	378	Wieviel	wieviel	NN	NN	case=dat|number=sg|gender=neut	43	PNC	_	0	(NP*
_	3	1	42	379	386	seltner	seltner	ADJ	ADJD	degree=comp	43	MO	_	0	(NP(AP*
_	3	1	43	387	391	dann	dann	ADV	ADV	_	49	MO	_	0	(PP*
_	3	1	44	392	395	als	als	PP	APPR	_	49	MO	_	0	*
_	3	1	45	396	400	Gold	gold	NN	NN	case=nom|number=sg|gender=neut	44	NK	_	0	*))
_	3	1	46	401	409	Menschen	mensch	NN	NN	case=nom|number=sg|gender=neut	45	NK	_	0	*)))
_	3	1	47	409	410	,	--	PUNC	$,	_	46	--	_	0	*
_	3	1	48	411	414	uns	uns	PR	PPER	case=dat|number=pl|gender=*|person=1	49	OA	_	0	(S*
_	3	1	49	415	422	geneigt	geneigt	V	VVFIN	_	_	_	_	0	*
_	3	1	50	423	426	und	und	CONJ	KON	_	49	CD	_	0	(AP*
_	3	1	51	427	431	hold	hold	ADJ	ADJD	_	50	CJ	_	0	*))
_	3	1	52	431	432	?	--	PUNC	$.	_	51	--	_	0	*))
_	3	2	53	433	437	Drum	drum	ADV	ADV	_	59	MO	_	0	(TOP(S*
_	3	2	54	437	438	,	--	PUNC	$,	_	53	--	_	0	*
_	3	2	55	439	443	wenn	wenn	CONJ	KOUS	_	59	CP	_	0	(S*
_	3	2	56	444	456	Freundschaft	freundschaft	NN	NN	case=nom|number=sg|gender=fem	59	SB	_	0	*
_	3	2	57	456	457	,	--	PUNC	$,	_	56	--	_	0	*
_	3	2	58	458	463	Liebe	liebe	NN	NN	case=nom|number=sg|gender=fem	56	CJ	_	0	(S*
_	3	2	59	464	471	spricht	sprechen	V	VVFIN	number=sg|person=3|tense=pres|mood=ind	_	_	_	0	*
_	3	2	60	472	480	Freundin	freundin	NN	NN	degree=pos	59	SB	_	0	(NP(CNP*
_	3	2	61	480	481	,	--	PUNC	$,	_	60	--	_	0	*
_	3	2	62	482	490	Liebchen	liebchen	NN	NN	case=acc|number=pl|gender=fem	60	CJ	_	0	*)))
_	3	2	63	490	491	,	--	PUNC	$,	_	62	--	_	0	*
_	3	2	64	492	498	schlaf	schlaf	V	VVFIN	number=sg|person=2|tense=pres|mood=ind	59	CJ	_	0	*
_	3	2	65	499	501	du	du	PR	PPER	case=nom|number=sg|gender=*|person=2	64	SB	_	0	*
_	3	2	66	502	507	nicht	nicht	O	PTKNEG	_	64	NG	_	0	*)
_	3	2	67	507	508	!	--	PUNC	$.	_	66	--	_	0	*))
_	4	3	68	510	514	Aber	aber	CONJ	KON	_	77	JU	_	0	(TOP(CS*
_	4	3	69	515	518	was	was	PR	PWS	case=nom|number=sg|gender=neut	77	OA	_	0	(S(NP*)
_	4	3	70	519	521	in	in	PP	APPR	_	77	MO	_	0	(PP*
_	4	3	71	522	527	allen	aller	PR	PIAT	case=dat|number=sg|gender=neut	72	NK	_	0	*
_	4	3	72	528	535	Reichen	reich	NN	NN	case=dat|number=sg|gender=neut	70	NK	_	0	*
_	4	3	73	536	540	Wär'	wär'	NP	NE	case=dat|number=sg|gender=neut	72	UC	_	0	*))
_	4	3	74	541	544	dem	der	ART	ART	case=dat|number=sg|gender=neut	75	NK	_	0	(VP(NP*
_	4	3	75	545	554	Schlummer	schlummer	NN	NN	degree=comp	77	OA	_	0	*)
_	4	3	76	555	557	zu	zu	O	PTKZU	_	77	PM	_	0	(VZ*
_	4	3	77	558	569	vergleichen	vergleichen	V	VVINF	_	_	_	_	0	*))
_	4	3	78	569	570	?	--	PUNC	$.	_	77	--	_	0	*))
_	4	4	79	571	575	Drum	drum	NN	NN	_	_	_	_	0	(TOP(S(NP*
_	4	4	80	576	581	statt	statt	PP	APPR	_	79	MNR	_	0	(CPP(PP*
_	4	4	81	582	588	Worten	wort	NN	NN	case=dat|number=pl|gender=neut	80	NK	_	0	*)
_	4	4	82	589	592	und	und	CONJ	KON	_	80	CD	_	0	*
_	4	4	83	593	598	statt	statt	PP	APPR	_	82	CJ	_	0	(PP*
_	4	4	84	599	604	Gaben	gabe	NN	NN	number=pl|person=3|tense=pres|mood=ind	83	NK	_	0	*
_	4	4	85	605	611	Sollst	sollen	NP	NE	number=sg|person=2|tense=pres|mood=ind	86	PNC	_	0	(MPN*
_	4	4	86	612	614	du	du	NP	NE	case=nom|number=sg|gender=*|person=2	84	NK	_	0	*))))
_	4	4	87	615	618	nun	nun	ADV	ADV	_	83	MO	_	0	(AVP*
_	4	4	88	619	623	auch	auch	ADV	ADV	_	89	MO	_	0	*)
_	4	4	89	624	628	Ruhe	ruhe	NN	NN	_	90	OA	_	0	(VP*
_	4	4	90	629	634	haben	haben	V	VAINF	_	83	OC	_	0	*)
_	4	4	91	634	635	.	--	PUNC	$.	_	90	--	_	0	*))
_	4	5	92	636	640	Noch	noch	ADV	ADV	_	94	MO	_	0	(TOP(CS(S*
_	4	5	93	641	644	ein	ein	ART	ART	case=nom|number=sg|gender=neut	94	NK	_	0	(NP*
_	4	5	94	645	653	Grüßchen	grüßchen	NN	NN	case=nom|number=sg|gender=neut	103	DA	_	0	*))
_	4	5	95	653	654	,	--	PUNC	$,	_	94	--	_	0	*
_	4	5	96	655	659	noch	noch	ADV	ADV	_	98	MO	_	0	(S*
_	4	5	97	660	663	ein	ein	ART	ART	case=nom|number=sg|gender=neut	98	NK	_	0	(NP*
_	4	5	98	664	668	Wort	wort	NN	NN	case=nom|number=sg|gender=neut	94	CJ	_	0	*))
_	4	5	99	668	669	,	--	PUNC	$,	_	98	--	_	0	*
_	4	5	100	670	672	Es	es	PR	PPER	case=nom|number=sg|gender=neut|person=3	101	PH	_	0	(S*
_	4	5	101	673	682	verstummt	verstummen	V	VVFIN	number=sg|person=3|tense=pres|mood=ind	98	OC	_	0	*
_	4	5	102	683	686	dir	dir	PR	PPER	case=dat|number=sg|gender=*|person=2	101	DA	_	0	*
_	4	5	103	687	692	frohe	froh	ADJ	ADJA	_	_	_	_	0	(CNP(NP*
_	4	5	104	693	698	Weise	weise	NN	NN	number=sg|person=3|tense=pres|mood=subj	103	NK	_	0	*)
_	4	5	105	698	699	,	--	PUNC	$,	_	104	--	_	0	*
_	4	5	106	700	705	Leise	leise	NN	NN	degree=pos	104	CJ	_	0	(NP*
_	4	5	107	705	706	,	--	PUNC	$,	_	106	--	_	0	*
_	4	5	108	707	712	leise	leise	ADJ	ADJA	degree=pos	106	CJ	_	0	*)
_	4	5	109	712	713	,	--	PUNC	$,	_	108	--	_	0	*
_	4	5	110	714	724	Schleichen	schleichen	NN	NN	number=pl|person=1|tense=pres|mood=ind	106	CJ	_	0	*)
_	4	5	111	725	728	wir	wir	PR	PPER	case=nom|number=pl|gender=*|person=1	114	NK	_	0	(NP*)
_	4	5	112	729	732	uns	uns	PR	PPER	case=acc|number=pl|person=1	96	CJ	_	0	(NP*))
_	4	5	113	732	733	,	--	PUNC	$,	_	112	--	_	0	*
_	4	5	114	734	736	ja	ja	O	PTKANT	_	116	OC	_	0	(S*
_	4	5	115	736	737	,	--	PUNC	$,	_	114	--	_	0	*
_	4	5	116	738	748	schleichen	schleichen	V	VVFIN	number=pl|person=1|tense=pres|mood=ind	103	CJ	_	0	*
_	4	5	117	749	752	wir	wir	PR	PPER	case=nom|number=pl|gender=*|person=1	116	SB	_	0	*
_	4	5	118	753	756	uns	uns	PR	PRF	case=acc|number=pl|person=1	116	OA	_	0	*
_	4	5	119	757	763	wieder	wieder	ADV	ADV	_	116	MO	_	0	*
_	4	5	120	764	768	fort	fort	V	PTKVZ	_	116	SVP	_	0	*)
_	4	5	121	768	769	!	--	PUNC	$.	_	120	--	_	0	*))
_	6	6	122	865	873	Gegrüßet	gegrüßet	V	VVPP	_	123	PD	_	0	(TOP(S*
_	6	6	123	874	877	sei	sein	V	VAFIN	number=sg|person=3|tense=pres|mood=subj	_	_	_	0	*
_	6	6	124	878	880	du	du	PR	PPER	case=nom|number=sg|gender=*|person=2	123	SB	_	0	*
_	6	6	125	880	881	,	--	PUNC	$,	_	124	--	_	0	*
_	6	6	126	882	888	Halber	halber	NN	NN	_	123	VO	_	0	(S*
_	6	6	127	888	889	,	--	PUNC	$,	_	126	--	_	0	*
_	6	6	128	890	894	dort	dort	ADV	ADV	_	129	MO	_	0	(S(AVP*
_	6	6	129	895	899	oben	oben	ADV	ADV	_	134	MO	_	0	*)
_	6	6	130	899	900	,	--	PUNC	$,	_	129	--	_	0	*
_	6	6	131	901	904	wie	wie	CONJ	KOKOM	_	132	CM	_	0	(NP*
_	6	6	132	905	907	du	du	PR	PPER	case=nom|number=sg|gender=*|person=2	129	CC	_	0	*)
_	6	6	133	907	908	,	--	PUNC	$,	_	132	--	_	0	*
_	6	6	134	909	912	bin	sein	V	VAFIN	number=sg|person=1|tense=pres|mood=ind	126	PAR	_	0	*
_	6	6	135	913	916	ich	ich	PR	PPER	case=nom|number=sg|gender=*|person=1	134	SB	_	0	(NP*
_	6	6	136	917	922	einer	ein	PR	PIS	case=dat|number=sg|gender=fem	134	PD	_	0	*)
_	6	6	137	922	923	,	--	PUNC	$,	_	136	--	_	0	*
_	6	6	138	924	927	der	der	PR	PRELS	case=dat|number=sg|gender=fem	139	NK	_	0	(NP*)
_	6	6	139	928	932	halb	halb	ADJ	ADJD	degree=pos	136	PAR	_	0	(AP*)))
_	6	6	140	932	933	.	--	PUNC	$.	_	139	--	_	0	*))
_	6	7	141	934	938	Halb	halb	ADJ	ADJD	degree=pos	142	MO	_	0	(TOP(CNP(NP(CAP(AP*
_	6	7	142	939	942	gut	gut	ADJ	ADJD	degree=pos	155	NK	_	0	*)
_	6	7	143	942	943	,	--	PUNC	$,	_	142	--	_	0	*
_	6	7	144	944	948	halb	halb	ADJ	ADJD	degree=pos	146	MO	_	0	(AP(AP*
_	6	7	145	949	953	übel	übel	ADJ	ADJD	degree=pos	146	MO	_	0	*)
_	6	7	146	954	961	geboren	gebären	V	VVPP	_	142	CJ	_	0	*)
_	6	7	147	961	962	,	--	PUNC	$,	_	146	--	_	0	*
_	6	7	148	963	966	und	und	CONJ	KON	_	142	CD	_	0	*
_	6	7	149	967	974	dürftig	dürftig	ADJ	ADJD	degree=pos	148	CJ	_	0	(AP*
_	6	7	150	975	977	in	in	PP	APPR	_	149	MO	_	0	(PP*
_	6	7	151	978	984	beider	beide	PR	PIAT	case=dat|number=sg|gender=fem	152	NK	_	0	(AP*))))
_	6	7	152	985	992	Gestalt	gestalt	NN	NN	case=dat|number=sg|gender=fem	150	NK	_	0	*)
_	6	7	153	992	993	,	--	PUNC	$,	_	152	--	_	0	*
_	6	7	154	994	998	mein	mein	PR	PPOSAT	case=acc|number=sg|gender=neut	155	NK	_	0	(NP*
_	6	7	155	999	1004	Gutes	gut	NN	NN	case=acc|number=sg|gender=neut|degree=pos	_	_	_	0	*
_	6	7	156	1005	1009	ohne	ohne	PP	APPR	_	155	MNR	_	0	(PP*
_	6	7	157	1010	1015	Würde	werden	NN	NN	case=acc|number=sg|gender=neut	156	NK	_	0	*))
_	6	7	158	1015	1016	,	--	PUNC	$,	_	157	--	_	0	*
_	6	7	159	1017	1020	das	der	ART	ART	case=acc|number=sg|gender=neut	160	NK	_	0	(NP*
_	6	7	160	1021	1025	Böse	böse	NN	NN	case=acc|number=sg|gender=neut	155	CJ	_	0	*
_	6	7	161	1026	1030	ohne	ohne	PP	APPR	_	160	MNR	_	0	(PP*
_	6	7	162	1031	1037	Gewalt	gewalt	NN	NN	case=acc|number=sg|gender=fem	161	NK	_	0	*))
_	6	7	163	1037	1038	.	--	PUNC	$.	_	162	--	_	0	*))
_	6	8	164	1039	1043	Halb	halb	ADJ	ADJD	_	165	MO	_	0	(TOP(S*
_	6	8	165	1044	1052	schmeckt	schmecken	V	VVFIN	number=sg|person=1|tense=pres|mood=ind	_	_	_	0	*
_	6	8	166	1053	1056	ich	ich	PR	PPER	case=nom|number=sg|gender=*|person=1	165	SB	_	0	*
_	6	8	167	1057	1060	die	der	ART	ART	case=nom|number=pl|gender=*	168	NK	_	0	(NP*
_	6	8	168	1061	1068	Freuden	freude	NN	NN	case=nom|number=pl|gender=*	165	OA	_	0	*
_	6	8	169	1069	1072	des	der	ART	ART	case=gen|number=sg|gender=neut	170	NK	_	0	(NP*
_	6	8	170	1073	1079	Lebens	leben	NN	NN	case=gen|number=sg|gender=neut	168	AG	_	0	*))
_	6	8	171	1079	1080	,	--	PUNC	$,	_	170	--	_	0	*
_	6	8	172	1081	1087	nichts	nichts	PR	PIS	case=*|number=*|gender=neut	181	OA	_	0	(AP*
_	6	8	173	1088	1092	ganz	ganz	ADV	ADV	_	181	MO	_	0	(AVP*
_	6	8	174	1093	1096	als	als	CONJ	KOKOM	_	176	CM	_	0	(S(S*
_	6	8	175	1097	1102	meine	mein	PR	PPOSAT	case=nom|number=sg|gender=fem	176	NK	_	0	(NP*
_	6	8	176	1103	1106	Reu	reu	NN	NN	_	173	CC	_	0	*
_	6	8	177	1106	1107	;	--	PUNC	$.	_	176	--	_	0	*
_	6	8	178	1108	1111	die	der	ART	ART	case=acc|number=pl|gender=masc	180	NK	_	0	(NP*
_	6	8	179	1112	1118	ersten	erster	ADJ	ADJA	case=acc|number=pl|gender=masc|degree=pos	180	NK	_	0	*
_	6	8	180	1119	1125	Bissen	bissen	NN	NN	case=acc|number=pl|gender=masc	173	APP	_	0	*))
_	6	8	181	1126	1134	genossen	genießen	V	VVPP	_	168	PAR	_	0	*)
_	6	8	182	1134	1135	,	--	PUNC	$,	_	181	--	_	0	*
_	6	8	183	1136	1142	schien	scheinen	V	VVFIN	number=sg|person=3|tense=past|mood=ind	165	CJ	_	0	*
_	6	8	184	1143	1148	alles	alle	PR	PIS	case=nom|number=sg|gender=neut	183	SB	_	0	*
_	6	8	185	1149	1152	mir	sich	PR	PPER	case=dat|number=sg|gender=*|person=1	183	DA	_	0	(NP*
_	6	8	186	1153	1161	einerlei	einerlei	PR	PIS	case=*|number=*|gender=*	183	MO	_	0	*))))
_	6	8	187	1161	1162	.	--	PUNC	$.	_	186	--	_	0	*))
_	6	9	188	1163	1167	Halb	halb	ADJ	ADJD	degree=pos	189	MO	_	0	(TOP(CS(S(CS(S*
_	6	9	189	1168	1171	gab	geben	V	VVFIN	number=sg|person=1|tense=pres|mood=ind	_	_	_	0	*
_	6	9	190	1172	1175	ich	ich	PR	PPER	case=nom|number=sg|gender=*|person=1	189	SB	_	0	*
_	6	9	191	1176	1180	mich	mich	PR	PRF	case=acc|number=sg|gender=*|person=1	189	OA	_	0	*
_	6	9	192	1181	1184	hin	hin	ADV	ADV	_	194	MO	_	0	*
_	6	9	193	1185	1188	den	der	ART	ART	case=acc|number=sg|gender=masc	194	NK	_	0	(NP*
_	6	9	194	1189	1194	Musen	muse	NN	NN	case=acc|number=sg|gender=masc	189	OA	_	0	*))
_	6	9	195	1194	1195	,	--	PUNC	$,	_	194	--	_	0	*
_	6	9	196	1196	1199	und	und	CONJ	KON	_	189	CD	_	0	*
_	6	9	197	1200	1203	sie	sie	PR	PPER	case=nom|number=sg|gender=fem|person=3	198	SB	_	0	(S*
_	6	9	198	1204	1211	erhörte	erhören	V	VVFIN	number=sg|person=3|tense=past|mood=ind	196	CJ	_	0	*
_	6	9	199	1212	1216	mich	mich	PR	PPER	case=acc|number=sg|gender=*|person=1	198	OA	_	0	*
_	6	9	200	1217	1221	halb	halb	ADJ	ADJD	degree=pos	198	MO	_	0	(AP*)
_	6	9	201	1221	1222	;	--	PUNC	$.	_	200	--	_	0	*
_	6	9	202	1223	1227	hart	hart	ADJ	ADJD	degree=pos	198	MO	_	0	(PP*
_	6	9	203	1228	1231	auf	auf	PP	APPR	_	198	MO	_	0	*
_	6	9	204	1232	1235	der	der	ART	ART	case=nom|number=sg|gender=masc	205	NK	_	0	*
_	6	9	205	1236	1242	Hälfte	hälfte	NN	NN	number=sg|person=3|tense=past|mood=ind	203	NK	_	0	*
_	6	9	206	1243	1246	des	der	ART	ART	case=gen|number=sg|gender=neut	207	NK	_	0	(NP*
_	6	9	207	1247	1253	Lebens	leben	NN	NN	case=gen|number=sg|gender=neut	205	AG	_	0	*))))
_	6	9	208	1253	1254	,	--	PUNC	$,	_	207	--	_	0	*
_	6	9	209	1255	1264	entfloh'n	entfloh'n	V	VVFIN	_	198	CJ	_	0	*
_	6	9	210	1265	1268	sie	sie	PR	PPER	_	209	SB	_	0	*)
_	6	9	211	1269	1272	und	und	CONJ	KON	_	209	CD	_	0	*
_	6	9	212	1273	1279	ließen	lassen	V	VVFIN	number=pl|person=3|tense=past|mood=ind	211	CJ	_	0	(S*
_	6	9	213	1280	1284	mich	mich	PR	PPER	case=acc|number=sg|gender=*|person=1	212	OA	_	0	*
_	6	9	214	1285	1288	alt	alt	ADJ	ADJD	degree=pos	212	MO	_	0	(AP*))
_	6	9	215	1288	1289	.	--	PUNC	$.	_	214	--	_	0	*))
_	6	10	216	1290	1293	Und	und	CONJ	KON	_	218	JU	_	0	(TOP(CS(S*
_	6	10	217	1294	1298	also	also	ADV	ADV	_	218	MO	_	0	*
_	6	10	218	1299	1303	sitz	sitz	V	VVFIN	number=sg|person=1|tense=pres|mood=ind	_	_	_	0	*
_	6	10	219	1304	1307	ich	ich	PR	PPER	case=nom|number=sg|gender=*|person=1	218	SB	_	0	*
_	6	10	220	1308	1318	verdrossen	verdrießen	V	VVPP	_	218	MO	_	0	(VP*))
_	6	10	221	1318	1319	,	--	PUNC	$,	_	220	--	_	0	*
_	6	10	222	1320	1324	doch	doch	CONJ	KON	_	218	CD	_	0	*
_	6	10	223	1325	1329	läßt	lassen	V	VVFIN	number=sg|person=3|tense=pres|mood=ind	222	CJ	_	0	(S*
_	6	10	224	1330	1333	die	der	ART	ART	case=acc|number=sg|gender=fem	225	NK	_	0	(NP*
_	6	10	225	1334	1348	Zersplitterung	zersplitterung	NN	NN	case=acc|number=sg|gender=fem	223	OA	_	0	*)
_	6	10	226	1349	1353	nach	nach	V	PTKVZ	_	223	SVP	_	0	*)
_	6	10	227	1353	1354	;	--	PUNC	$.	_	226	--	_	0	*
_	6	10	228	1355	1358	die	der	ART	ART	case=nom|number=sg|gender=fem	230	NK	_	0	(S(NP*
_	6	10	229	1359	1364	leere	leer	ADJ	ADJA	case=nom|number=sg|gender=fem	230	NK	_	0	*
_	6	10	230	1365	1371	Hälfte	hälfte	NN	NN	case=nom|number=sg|gender=fem	233	SB	_	0	*
_	6	10	231	1372	1375	der	der	ART	ART	case=dat|number=sg|gender=fem	232	NK	_	0	(NP*
_	6	10	232	1376	1381	Seele	seele	NN	NN	case=dat|number=sg|gender=fem	230	AG	_	0	*))
_	6	10	233	1382	1391	verdrängt	verdrängen	V	VVFIN	number=sg|person=3|tense=pres|mood=ind	223	OC	_	0	*
_	6	10	234	1392	1395	die	der	ART	ART	case=nom|number=sg|gender=fem	233	SB	_	0	(NP*
_	6	10	235	1396	1400	noch	noch	ADV	ADV	_	237	MO	_	0	(AP*
_	6	10	236	1401	1406	volle	voll	ADV	ADV	_	237	MO	_	0	(AP*
_	6	10	237	1407	1413	gemach	gemach	ADJ	ADJD	_	223	MO	_	0	*))))
_	6	10	238	1413	1414	.	--	PUNC	$.	_	237	--	_	0	*))
_	9	11	239	1537	1539	So	so	ADV	ADV	_	240	MO	_	0	(TOP(S*
_	9	11	240	1540	1546	willst	wollen	V	VMFIN	number=sg|person=2|tense=pres|mood=ind	_	_	_	0	*
_	9	11	241	1547	1549	Du	du	PR	PPER	case=nom|number=sg|gender=*|person=2	240	SB	_	0	*
_	9	11	242	1550	1554	denn	denn	ADV	ADV	_	240	MO	_	0	*
_	9	11	243	1555	1559	nach	nach	PP	APPR	_	240	MO	_	0	(PP*
_	9	11	244	1560	1565	Hause	haus	NN	NN	case=dat|number=sg|gender=neut	243	NK	_	0	*)
_	9	11	245	1565	1566	?	--	PUNC	$.	_	244	--	_	0	*))
_	9	12	246	1567	1568	O	O	O	ITJ	_	_	_	_	0	(TOP(NP*
_	9	12	247	1569	1573	nein	nein	O	PTKANT	_	246	NK	_	0	*
_	9	12	248	1573	1574	!	--	PUNC	$.	_	247	--	_	0	*))
_	9	13	249	1575	1578	Nur	nur	ADV	ADV	_	251	MO	_	0	(TOP(S(AVP*
_	9	13	250	1579	1584	nicht	nicht	O	PTKNEG	_	251	NG	_	0	*)
_	9	13	251	1585	1589	nach	nach	PP	APPR	_	_	_	_	0	(PP*
_	9	13	252	1590	1594	Haus	haus	NN	NN	case=dat|number=sg|gender=neut	251	NK	_	0	*)
_	9	13	253	1594	1595	!	--	PUNC	$.	_	252	--	_	0	*))
_	9	14	254	1596	1600	Dort	dort	ADV	ADV	_	255	MO	_	0	(TOP(S*
_	9	14	255	1601	1607	stirbt	sterben	V	VVFIN	number=sg|person=3|tense=pres|mood=ind	_	_	_	0	*
_	9	14	256	1608	1611	des	der	ART	ART	case=gen|number=sg|gender=neut	257	NK	_	0	(NP*
_	9	14	257	1612	1618	Lebens	leben	NN	NN	case=gen|number=sg|gender=neut	255	SB	_	0	*)
_	9	14	258	1619	1624	Leben	leben	NN	NN	case=acc|number=sg|gender=neut	255	OA	_	0	(NP*
_	9	14	259	1625	1627	Im	in	PP	APPRART	case=acc|number=sg|gender=neut	255	MO	_	0	(PP*
_	9	14	260	1628	1636	Einerlei	einerlei	NN	NN	case=acc|number=sg|gender=neut	259	NK	_	0	*))
_	9	14	261	1637	1640	mir	sich	PR	PPER	case=dat|number=sg|gender=*|person=1	255	DA	_	0	(NP*)
_	9	14	262	1641	1644	aus	aus	V	PTKVZ	_	255	SVP	_	0	*
_	9	14	263	1644	1645	.	--	PUNC	$.	_	262	--	_	0	*))
_	10	15	264	1647	1649	Wo	wo	PR	PWAV	_	266	MO	_	0	(TOP(S*
_	10	15	265	1650	1654	also	also	ADV	ADV	_	264	MO	_	0	*
_	10	15	266	1655	1661	willst	wollen	V	VMFIN	number=sg|person=2|tense=pres|mood=ind	_	_	_	0	*
_	10	15	267	1662	1664	Du	du	PR	PPER	case=nom|number=sg|gender=*|person=2	266	SB	_	0	*
_	10	15	268	1665	1671	weilen	weilen	V	VVINF	_	266	OC	_	0	(VP*)
_	10	15	269	1671	1672	?	--	PUNC	$.	_	268	--	_	0	*))
_	10	16	270	1673	1675	Wo	wo	PR	PWAV	_	271	MO	_	0	(TOP(S*
_	10	16	271	1676	1683	findest	findest	V	VVFIN	number=sg|person=2|tense=pres|mood=ind	_	_	_	0	*
_	10	16	272	1684	1686	Du	du	PR	PPER	case=nom|number=sg|gender=*|person=2	271	SB	_	0	*
_	10	16	273	1687	1690	die	der	ART	ART	case=acc|number=sg|gender=fem	274	NK	_	0	(NP*
_	10	16	274	1691	1696	Statt	statt	NN	NN	case=acc|number=sg|gender=fem	271	OA	_	0	*)
_	10	16	275	1696	1697	?	--	PUNC	$.	_	274	--	_	0	*))
_	10	17	276	1698	1699	O	O	O	ITJ	_	277	NK	_	0	(TOP(NP*
_	10	17	277	1700	1706	Mensch	mensch	NN	NN	case=nom|number=sg|gender=masc	_	_	_	0	*
_	10	17	278	1706	1707	,	--	PUNC	$,	_	277	--	_	0	*
_	10	17	279	1708	1711	der	der	PR	PRELS	case=nom|number=sg|gender=masc	286	SB	_	0	(S*
_	10	17	280	1712	1715	nur	nur	ADV	ADV	_	281	MO	_	0	*
_	10	17	281	1716	1720	zwei	zwei	CARD	CARD	_	282	NK	_	0	(NP*
_	10	17	282	1721	1728	Fremden	fremde	NN	NN	case=dat|number=pl|gender=neut	286	OA	_	0	(CNP*
_	10	17	283	1729	1732	Und	und	CONJ	KON	_	282	CD	_	0	*
_	10	17	284	1733	1738	keine	kein	PR	PIAT	case=nom|number=sg|gender=fem	285	NK	_	0	(NP*
_	10	17	285	1739	1745	Heimat	heimat	NN	NN	case=nom|number=sg|gender=fem	283	CJ	_	0	*)))
_	10	17	286	1746	1749	hat	haben	V	VAFIN	number=sg|person=3|tense=pres|mood=ind	277	RC	_	0	*)
_	10	17	287	1749	1750	.	--	PUNC	$.	_	286	--	_	0	*))
