SectionId	ParagraphId	SentenceId	TokenId	Begin	End	Token	Lemma	CPOS	POS	Morphology	DependencyHead	DependencyRelation	NamedEntity	QuoteMarker	SyntaxTree
_	2	0	0	129	133	Doch	doch	CONJ	KON	_	2	JU	_	0	(TOP(S(NP(CNP*
_	2	0	1	134	137	der	der	ART	ART	case=nom|number=sg|gender=masc	2	NK	_	0	(NP*
_	2	0	2	138	142	Fink	fink	NN	NN	case=nom|number=sg|gender=masc	_	_	_	0	*)
_	2	0	3	142	143	,	--	PUNC	$,	_	2	--	_	0	*
_	2	0	4	144	147	die	der	ART	ART	case=nom|number=sg|gender=fem	5	NK	_	0	(NP*
_	2	0	5	148	158	Nachtigall	nachtigall	NN	NN	_	2	CJ	_	0	*)
_	2	0	6	158	159	,	--	PUNC	$,	_	5	--	_	0	*
_	2	0	7	160	166	Selbst	selbst	ADV	ADV	_	10	MO	_	0	(NP*
_	2	0	8	167	170	der	der	ART	ART	case=nom|number=sg|gender=masc	10	NK	_	0	*
_	2	0	9	171	177	muntre	muntr	ADJ	ADJA	case=nom|number=sg|gender=masc|degree=pos	10	NK	_	0	*
_	2	0	10	178	183	Spatz	spatz	NN	NN	case=nom|number=sg|gender=masc	5	APP	_	0	*))
_	2	0	11	184	190	Wählen	wählen	NN	NN	_	10	NK	_	0	*)
_	2	0	12	190	191	,	--	PUNC	$,	_	11	--	_	0	*
_	2	0	13	192	195	eh'	eh'	CONJ	KOUS	_	16	CP	_	0	(S*
_	2	0	14	196	199	die	der	ART	ART	case=nom|number=sg|gender=fem	15	NK	_	0	(NP*
_	2	0	15	200	205	Kehle	kehle	NN	NN	case=nom|number=sg|gender=fem	16	SB	_	0	*)
_	2	0	16	206	210	tönt	tönen	V	VVFIN	number=sg|person=3|tense=pres|mood=ind	10	MNR	_	0	*)
_	2	0	17	210	211	,	--	PUNC	$,	_	16	--	_	0	*
_	2	0	18	212	215	Für	für	PP	APPR	_	16	MO	_	0	(PP*
_	2	0	19	216	219	den	der	ART	ART	case=acc|number=sg|gender=masc	20	NK	_	0	*
_	2	0	20	220	223	Fuß	fuß	NN	NN	case=acc|number=sg|gender=masc	18	NK	_	0	*
_	2	0	21	224	227	den	der	ART	ART	case=acc|number=sg|gender=masc	22	NK	_	0	(NP*
_	2	0	22	228	233	Platz	platz	NN	NN	case=acc|number=sg|gender=masc	16	OA	_	0	*))
_	2	0	23	233	234	.	--	PUNC	$.	_	22	--	_	0	*))
_	3	1	24	236	240	Gebt	geben	V	VVIMP	_	_	_	_	0	(TOP(CS(S*
_	3	1	25	241	244	mir	sich	PR	PPER	case=dat|number=sg|gender=*|person=1	24	DA	_	0	*)
_	3	1	26	244	245	,	--	PUNC	$,	_	25	--	_	0	*
_	3	1	27	246	248	wo	wo	PR	PWAV	_	30	MO	_	0	(S*
_	3	1	28	249	252	ich	ich	PR	PPER	case=nom|number=sg|gender=*|person=1	30	SB	_	0	*
_	3	1	29	253	259	stehen	stehen	V	VVINF	_	30	OC	_	0	(VP*)
_	3	1	30	260	264	soll	sollen	V	VMFIN	number=sg|person=3|tense=pres|mood=ind	25	RC	_	0	*)
_	3	1	31	264	265	,	--	PUNC	$,	_	30	--	_	0	*
_	3	1	32	266	271	Weist	weist	NN	NN	case=nom|number=sg|gender=*	24	DA	_	0	(S*
_	3	1	33	272	275	mir	sich	PR	PPER	case=dat|number=sg|gender=*|person=1	29	DA	_	0	(NP*
_	3	1	34	276	279	das	der	ART	ART	case=acc|number=sg|gender=neut	35	NK	_	0	(NP*
_	3	1	35	280	286	Gebiet	gebiet	NN	NN	case=acc|number=sg|gender=neut	24	OA	_	0	*)))
_	3	1	36	286	287	,	--	PUNC	$,	_	35	--	_	0	*
_	3	1	37	288	291	Und	und	CONJ	KON	number=sg|person=1|tense=pres|mood=ind	24	CD	_	0	*
_	3	1	38	292	295	ich	ich	PR	PPER	case=nom|number=sg|gender=*|person=1	39	SB	_	0	(S*
_	3	1	39	296	300	will	wollen	V	VMFIN	number=sg|person=1|tense=pres|mood=ind	37	CJ	_	0	*
_	3	1	40	301	305	euch	euch	PR	PPER	case=dat|number=pl|gender=*|person=2	42	OA	_	0	*
_	3	1	41	306	310	wohl	wohl	ADV	ADV	_	39	MO	_	0	(VP*
_	3	1	42	311	318	erfreun	erfreun	V	VVINF	_	39	OC	_	0	*
_	3	1	43	319	323	Noch	noch	ADV	ADV	_	42	MO	_	0	(PP*
_	3	1	44	324	327	mit	mit	PP	APPR	_	42	MO	_	0	*
_	3	1	45	328	335	manchem	mancher	PR	PIAT	case=dat|number=sg|gender=masc	46	NK	_	0	*
_	3	1	46	336	340	Lied	lied	NN	NN	case=dat|number=sg|gender=masc	44	NK	_	0	*)))
_	3	1	47	340	341	.	--	PUNC	$.	_	46	--	_	0	*))
_	4	2	48	343	347	Denn	denn	CONJ	KON	_	51	JU	_	0	(TOP(CS(S*
_	4	2	49	348	350	in	in	PP	APPR	_	51	MO	_	0	(PP*
_	4	2	50	351	362	Deutschland	deutschland	NP	NE	case=dat|number=sg|gender=neut	49	NK	B-LOC	0	*)
_	4	2	51	363	367	weht	wehen	V	VVFIN	number=sg|person=3|tense=pres|mood=ind	_	_	_	0	*
_	4	2	52	368	371	der	der	ART	ART	case=nom|number=sg|gender=masc	53	NK	_	0	(NP*
_	4	2	53	372	377	Sturm	sturm	NN	NN	case=nom|number=sg|gender=masc	51	SB	_	0	*)
_	4	2	54	378	379	–	–	PP	APPRART	_	51	MO	_	0	(PP*
_	4	2	55	380	385	Sturm	sturm	NN	NN	case=acc|number=sg|gender=masc	54	NK	_	0	*))
_	4	2	56	385	386	,	--	PUNC	$,	_	55	--	_	0	*
_	4	2	57	387	390	man	man	PR	PIS	case=nom|number=sg|gender=*	58	SB	_	0	(S*
_	4	2	58	391	395	weiß	weiß	V	VVFIN	number=sg|person=3|tense=pres|mood=ind	51	CJ	_	0	*
_	4	2	59	395	396	,	--	PUNC	$,	_	58	--	_	0	*
_	4	2	60	397	400	ist	sein	V	VAFIN	number=sg|person=3|tense=pres|mood=ind	58	OC	_	0	(S*
_	4	2	61	401	405	Wind	wind	NN	NN	case=nom|number=sg|gender=*	60	SB	_	0	*
_	4	2	62	406	407	–	–	NN	NN	degree=pos	60	PD	_	0	(NP(CNP*
_	4	2	63	407	408	,	--	PUNC	$,	_	62	--	_	0	*
_	4	2	64	409	415	Wähnen	wähnen	NN	NN	_	62	CJ	_	0	*)
_	4	2	65	415	416	,	--	PUNC	$,	_	64	--	_	0	*
_	4	2	66	417	421	wenn	wenn	CONJ	KOUS	_	70	CP	_	0	(S*
_	4	2	67	422	425	der	der	ART	ART	case=nom|number=sg|gender=masc	68	NK	_	0	(NP*
_	4	2	68	426	429	Ast	ast	NN	NN	case=nom|number=sg|gender=masc	70	SB	_	0	*)
_	4	2	69	430	433	sie	sie	PR	PPER	case=acc|number=sg|gender=fem|person=3	70	OA	_	0	*
_	4	2	70	434	442	schnellt	schnellen	V	VVFIN	number=sg|person=3|tense=pres|mood=ind	60	MO	_	0	*
_	4	2	71	442	443	,	--	PUNC	$,	_	70	--	_	0	*
_	4	2	72	444	447	Daß	daß	CONJ	KOUS	_	75	CP	_	0	(S*
_	4	2	73	448	451	sie	sie	PR	PPER	case=nom|number=sg|gender=fem|person=3	75	SB	_	0	*
_	4	2	74	452	458	flügge	flügge	ADJ	ADJD	degree=pos	75	PD	_	0	*
_	4	2	75	459	463	sind	sein	V	VAFIN	number=pl|person=3|tense=pres|mood=ind	70	OC	_	0	*)))))
_	4	2	76	463	464	.	--	PUNC	$.	_	75	--	_	0	*))
_	5	3	77	466	469	Und	und	CONJ	KON	_	92	JU	_	0	(TOP(S*
_	5	3	78	470	474	hier	hier	ADV	ADV	_	79	MO	_	0	*
_	5	3	79	475	481	Landes	land	NN	NN	case=gen|number=sg|gender=neut	81	AMS	_	0	(NP*
_	5	3	80	482	491	dunkelt's	dunkelt	NP	NE	case=gen|number=sg|gender=neut	79	NK	_	0	*
_	5	3	81	492	496	tief	tief	ADJ	ADJD	degree=pos	83	NK	_	0	*)
_	5	3	82	496	497	,	--	PUNC	$,	_	81	--	_	0	*
_	5	3	83	498	503	Nacht	nacht	NN	NN	number=pl|person=2|mood=imp	92	CJ	_	0	(NP*
_	5	3	84	504	507	wie	wie	CONJ	KOKOM	_	85	CM	_	0	(NP*
_	5	3	85	508	512	Pech	pech	NN	NN	case=acc|number=sg|gender=neut	83	CC	_	0	(CNP*
_	5	3	86	513	516	und	und	CONJ	KON	_	85	CD	_	0	*
_	5	3	87	517	521	Harz	harz	NN	NN	case=acc|number=sg|gender=neut	86	CJ	_	0	*)))
_	5	3	88	521	522	,	--	PUNC	$,	_	87	--	_	0	*
_	5	3	89	523	525	In	in	PP	APPR	_	92	MO	_	0	(PP*
_	5	3	90	526	529	den	der	ART	ART	case=acc|number=sg|gender=masc	91	NK	_	0	*
_	5	3	91	530	537	Zweigen	zweiger	NN	NN	case=acc|number=sg|gender=masc	89	NK	_	0	*)
_	5	3	92	538	544	nächst	nächst	V	VVFIN	number=sg|person=3|tense=pres|mood=ind	_	_	_	0	*
_	5	3	93	545	548	dem	der	ART	ART	case=dat|number=sg|gender=neut	94	NK	_	0	(NP*
_	5	3	94	549	554	Stamm	stamm	NN	NN	case=dat|number=sg|gender=neut	92	DA	_	0	*
_	5	3	95	555	561	Nisten	nist	NN	NN	case=acc|number=pl|gender=fem	92	DA	B-ORG	0	(NP*
_	5	3	96	562	568	Dohlen	dohle	NN	NN	case=acc|number=pl|gender=fem	92	OA	I-ORG	0	*))
_	5	3	97	569	576	schwarz	schwarz	ADJ	ADJD	_	92	MO	_	0	*
_	5	3	98	576	577	.	--	PUNC	$.	_	97	--	_	0	*))
_	6	4	99	579	583	Kauz	kauz	NN	NN	_	112	SB	_	0	(TOP(CS(S*)
_	6	4	100	584	587	und	und	CONJ	KON	_	99	CD	_	0	*
_	6	4	101	588	592	Eule	eule	NN	NN	number=sg|person=1|tense=pres|mood=ind	100	CJ	_	0	(S(AP(AP*
_	6	4	102	593	600	dämisch	dämisch	ADJ	ADJD	degree=pos	104	PNC	_	0	*)
_	6	4	103	601	605	dumm	dumm	ADJ	ADJD	_	104	NK	_	0	*)
_	6	4	104	606	612	Schaun	schaun	NP	NE	_	99	AG	_	0	*
_	6	4	105	613	616	zum	zu	PP	APPRART	case=dat|number=sg|gender=masc	104	MNR	_	0	(PP*
_	6	4	106	617	624	Astloch	astloch	NN	NN	case=dat|number=sg|gender=masc	105	NK	_	0	*)
_	6	4	107	625	629	raus	raus	V	PTKVZ	_	104	SVP	_	0	(AP*
_	6	4	108	629	630	,	--	PUNC	$,	_	107	--	_	0	*
_	6	4	109	631	634	Nur	nur	ADV	ADV	_	111	MO	_	0	(NP*
_	6	4	110	635	638	der	der	ART	ART	case=nom|number=sg|gender=masc	111	NK	_	0	*
_	6	4	111	639	647	Starmatz	starmatz	NN	NN	case=nom|number=sg|gender=masc	104	AG	_	0	*))
_	6	4	112	648	656	schwatzt	schwatzen	V	VVFIN	number=sg|person=3|tense=pres|mood=ind	_	_	_	0	*
_	6	4	113	657	660	vom	von	PP	APPRART	case=dat|number=sg|gender=masc	112	MO	_	0	(PP*
_	6	4	114	661	666	Platz	platz	NN	NN	case=dat|number=sg|gender=masc	113	NK	_	0	*)
_	6	4	115	666	667	,	--	PUNC	$,	_	114	--	_	0	*
_	6	4	116	668	675	Kanzelt	kanzelt	NN	NN	case=nom|number=sg|gender=fem	112	OA	_	0	(NP*
_	6	4	117	676	679	für	für	PP	APPR	_	116	MNR	_	0	(PP*
_	6	4	118	680	683	das	der	ART	ART	case=acc|number=sg|gender=neut	119	NK	_	0	*
_	6	4	119	684	688	Haus	haus	NN	NN	case=acc|number=sg|gender=neut	117	NK	_	0	*)))
_	6	4	120	688	689	.	--	PUNC	$.	_	119	--	_	0	*))
_	7	5	121	691	697	Tiefer	tief	ADJ	ADJD	degree=comp	133	MO	_	0	(TOP(NUR*
_	7	5	122	698	703	unten	unten	ADV	ADV	_	133	MO	_	0	(CS(S*
_	7	5	123	704	708	aber	aber	ADV	ADV	_	133	MO	_	0	(NP*
_	7	5	124	709	717	steigt's	steigt	O	FM	_	125	PNC	_	0	(MPN*
_	7	5	125	718	721	Auf	auf	O	FM	_	133	CJ	_	0	*))
_	7	5	126	722	725	vom	von	PP	APPRART	case=dat|number=sg|gender=masc	125	MNR	_	0	(PP*
_	7	5	127	726	731	Boden	boden	NN	NN	case=dat|number=sg|gender=masc	126	NK	_	0	*
_	7	5	128	732	737	dumpf	dumpf	PP	APZR	case=dat|number=sg|gender=masc	126	MO	_	0	*))
_	7	5	129	737	738	,	--	PUNC	$,	_	128	--	_	0	*
_	7	5	130	739	742	Und	und	CONJ	KON	_	133	JU	_	0	*
_	7	5	131	743	746	die	der	ART	ART	case=nom|number=pl|gender=masc	132	NK	_	0	(S(NP*
_	7	5	132	747	754	Frösche	Frosch	NN	NN	case=nom|number=pl|gender=masc	133	SB	_	0	*)
_	7	5	133	755	761	quaken	quaken	V	VVFIN	number=pl|person=3|tense=pres|mood=ind	_	_	_	0	*
_	7	5	134	762	766	laut	laut	PP	APPR	_	133	MO	_	0	(PP*
_	7	5	135	767	770	Aus	aus	PP	APPR	_	133	MO	_	0	*
_	7	5	136	771	781	verjährtem	verjährt	ADJ	ADJA	_	137	NK	_	0	*
_	7	5	137	782	787	Sumpf	sumpf	NN	NN	_	135	NK	_	0	*)))
_	7	5	138	787	788	.	--	PUNC	$.	_	137	--	_	0	*))
_	8	6	139	790	793	Und	und	CONJ	KON	_	141	JU	_	0	(TOP(S*
_	8	6	140	794	796	so	so	ADV	ADV	_	141	MO	_	0	*
_	8	6	141	797	803	schweb	schweb	V	VVFIN	number=sg|person=1|tense=past|mood=ind	_	_	_	0	*
_	8	6	142	804	807	ich	ich	PR	PPER	case=nom|number=sg|gender=*|person=1	141	SB	_	0	*
_	8	6	143	808	814	ew'gen	ew'gen	ADJ	ADJA	number=pl|person=3|tense=pres|mood=ind	144	NK	_	0	(CNP(NP*
_	8	6	144	815	820	Flugs	flugs	NN	NN	_	141	OA	_	0	*
_	8	6	145	821	829	zwischen	zwischen	PP	APPR	_	144	MNR	_	0	(PP*
_	8	6	146	830	834	Erd'	erd'	NN	NN	_	145	NK	_	0	(CNP*
_	8	6	147	835	838	und	und	CONJ	KON	_	146	CD	_	0	*
_	8	6	148	839	843	Luft	luft	NN	NN	case=acc|number=sg|gender=fem	147	CJ	_	0	*)))
_	8	6	149	843	844	,	--	PUNC	$,	_	148	--	_	0	*
_	8	6	150	845	848	Und	und	CONJ	KON	_	144	CD	_	0	*
_	8	6	151	849	853	kein	kein	PR	PIAT	case=nom|number=sg|gender=masc	152	NK	_	0	(NP*
_	8	6	152	854	859	Platz	platz	NN	NN	case=nom|number=sg|gender=masc	150	CJ	_	0	*))
_	8	6	153	860	863	dem	der	ART	ART	case=dat|number=sg|gender=masc	155	NK	_	0	(NP*
_	8	6	154	864	869	müden	müden	ADJ	ADJA	case=dat|number=sg|gender=masc	155	NK	_	0	*
_	8	6	155	870	873	Fuß	fuß	NN	NN	case=acc|number=sg|gender=masc	152	AG	_	0	*)
_	8	6	156	873	874	,	--	PUNC	$,	_	155	--	_	0	*
_	8	6	157	875	878	Als	als	CONJ	KOUS	_	141	MO	_	0	(S*
_	8	6	158	879	887	dereinst	dereinst	ADV	ADV	number=sg|person=2|tense=pres|mood=ind	160	MO	_	0	*
_	8	6	159	888	891	die	der	ART	ART	case=acc|number=sg|gender=fem	160	NK	_	0	(NP*
_	8	6	160	892	897	Gruft	gruft	NN	NN	case=acc|number=sg|gender=fem	157	NK	_	0	*))
_	8	6	161	897	898	.	--	PUNC	$.	_	160	--	_	0	*))
_	10	7	162	988	992	Fort	fort	NN	NN	_	169	OA	_	0	(TOP(S(NP*
_	10	7	163	993	996	aus	aus	PP	APPR	_	162	MNR	_	0	(PP*
_	10	7	164	997	1000	der	der	ART	ART	case=dat|number=sg|gender=fem	165	NK	_	0	*
_	10	7	165	1001	1006	Prosa	prosa	NN	NN	case=dat|number=sg|gender=fem	163	NK	_	0	*
_	10	7	166	1007	1013	Lasten	last	NN	NN	case=dat|number=pl|gender=fem	165	NK	_	0	(CNP*
_	10	7	167	1014	1017	und	und	CONJ	KON	_	166	CD	_	0	*
_	10	7	168	1018	1022	Müh'	müh'	NN	NN	case=*|number=*|gender=*	167	CJ	_	0	*)))
_	10	7	169	1023	1028	Zieh'	zieh'	V	VVFIN	number=sg|person=1|tense=pres|mood=ind	_	_	_	0	*
_	10	7	170	1029	1032	ich	ich	PR	PPER	case=nom|number=sg|gender=*|person=1	169	SB	_	0	*
_	10	7	171	1033	1036	zum	zu	PP	APPRART	case=dat|number=sg|gender=neut	169	MO	_	0	(PP*
_	10	7	172	1037	1042	Lande	land	NN	NN	case=dat|number=sg|gender=neut	171	NK	_	0	*
_	10	7	173	1043	1046	der	der	ART	ART	case=dat|number=sg|gender=fem	174	NK	_	0	(NP*
_	10	7	174	1047	1053	Poesie	poesie	NN	NN	case=dat|number=sg|gender=fem	172	AG	_	0	*))
_	10	7	175	1053	1054	.	--	PUNC	$.	_	174	--	_	0	*))
_	11	8	176	1056	1064	Gold'ner	gold'ner	NN	NN	case=nom|number=pl|gender=masc	_	_	_	0	(TOP(CNP(NP*
_	11	8	177	1065	1068	die	der	ART	ART	case=nom|number=pl|gender=masc	178	NK	_	0	(NP*
_	11	8	178	1069	1074	Sonne	sonne	NN	NN	case=nom|number=pl|gender=masc	176	AG	_	0	*))
_	11	8	179	1074	1075	,	--	PUNC	$,	_	178	--	_	0	*
_	11	8	180	1076	1082	blauer	blau	ADJ	ADJD	number=pl|person=1|tense=pres|mood=ind	182	MO	_	0	(NP*
_	11	8	181	1083	1086	die	der	ART	ART	case=acc|number=sg|gender=fem	182	NK	_	0	*
_	11	8	182	1087	1091	Luft	luft	NN	NN	case=acc|number=sg|gender=fem	178	APP	_	0	*)
_	11	8	183	1091	1092	,	--	PUNC	$,	_	182	--	_	0	*
_	11	8	184	1093	1099	Grüner	grüner	NN	NN	case=nom|number=sg|gender=*	176	CJ	_	0	(NP*
_	11	8	185	1100	1103	die	der	ART	ART	case=acc|number=sg|gender=fem	186	NK	_	0	(NP*
_	11	8	186	1104	1109	Grüne	grüne	NN	NN	case=nom|number=pl|gender=*	184	OA	_	0	*))
_	11	8	187	1109	1110	,	--	PUNC	$,	_	186	--	_	0	*
_	11	8	188	1111	1119	würz'ger	würz'ger	NN	NN	case=nom|number=sg|gender=masc	184	CJ	_	0	(NP*
_	11	8	189	1120	1123	der	der	ART	ART	case=nom|number=sg|gender=masc	190	NK	_	0	(NP*
_	11	8	190	1124	1128	Duft	duft	NN	NN	number=sg|person=3|tense=pres|mood=ind	188	AG	_	0	*))
_	11	8	191	1128	1129	!	--	PUNC	$.	_	190	--	_	0	*))
_	12	9	192	1294	1297	Was	was	PR	PWS	case=acc|number=sg|gender=neut	193	OA2	_	0	(TOP(S*
_	12	9	193	1298	1304	glänzt	glänzen	V	VVFIN	_	_	_	_	0	*
_	12	9	194	1305	1307	im	in	PP	APPRART	case=dat|number=sg|gender=neut	193	MO	_	0	(PP*
_	12	9	195	1308	1313	Laube	laube	NN	NN	case=dat|number=sg|gender=neut	194	NK	_	0	*)
_	12	9	196	1313	1314	,	--	PUNC	$,	_	195	--	_	0	*
_	12	9	197	1315	1323	funkelnd	funkelnd	ADJ	ADJD	degree=pos	193	MO	_	0	(AP*
_	12	9	198	1324	1327	wie	wie	CONJ	KOKOM	_	199	CM	_	0	(NP*
_	12	9	199	1328	1332	Gold	gold	NN	NN	case=nom|number=sg|gender=neut	197	CC	_	0	*))
_	12	9	200	1332	1333	?	--	PUNC	$.	_	199	--	_	0	*))
_	12	10	201	1334	1336	Ha	ha	NP	NE	_	_	_	_	0	(TOP(DL*
_	12	10	202	1336	1337	!	--	PUNC	$.	_	201	--	_	0	*
_	12	10	203	1338	1347	Pomeranze	pomeranze	NN	NN	case=nom|number=pl|gender=*|person=2	_	_	_	0	(CS(S(NP*)
_	12	10	204	1347	1348	,	--	PUNC	$,	_	203	--	_	0	*
_	12	10	205	1349	1355	birgst	birgen	V	VVFIN	number=sg|person=2|tense=pres|mood=ind	201	RS	_	0	*
_	12	10	206	1356	1358	du	du	PR	PPER	case=nom|number=sg|gender=*|person=2	205	SB	_	0	*
_	12	10	207	1359	1363	dich	dich	PR	PRF	case=acc|number=sg|person=2	205	OA	_	0	*
_	12	10	208	1364	1368	hold	hold	V	PTKVZ	_	205	SVP	_	0	*))
_	12	10	209	1368	1369	?	--	PUNC	$.	_	208	--	_	0	*))
_	13	11	210	1371	1380	Trotz'ger	trotz'ger	ADJ	ADJA	_	211	NK	_	0	(TOP(CS(S(NP*
_	13	11	211	1381	1389	Poseidon	poseidon	NN	NN	_	_	_	_	0	*)
_	13	11	212	1389	1390	,	--	PUNC	$,	_	211	--	_	0	*
_	13	11	213	1391	1397	warest	wareen	V	VAFIN	number=sg|person=2|tense=pres|mood=ind	211	PAR	_	0	*
_	13	11	214	1398	1400	du	du	PR	PPER	case=nom|number=sg|gender=*|person=2	213	SB	_	0	*
_	13	11	215	1401	1405	dies	dieser	PR	PDS	case=nom|number=sg|gender=neut	213	SB	_	0	(NP*
_	13	11	216	1405	1406	,	--	PUNC	$,	_	215	--	_	0	*
_	13	11	217	1407	1410	Der	der	PR	PRELS	case=nom|number=sg|gender=masc	219	SB	_	0	(S*
_	13	11	218	1411	1416	unten	unten	ADV	ADV	_	219	MO	_	0	*
_	13	11	219	1417	1424	scherzt	scherzen	V	VVFIN	number=sg|person=3|tense=pres|mood=ind	215	RC	_	0	*)))
_	13	11	220	1425	1428	und	und	CONJ	KON	_	219	CD	_	0	*
_	13	11	221	1429	1436	murmelt	murmeln	V	VVFIN	number=sg|person=3|tense=pres|mood=ind	220	CJ	_	0	(S*
_	13	11	222	1437	1439	so	so	ADV	ADV	_	223	MO	_	0	*
_	13	11	223	1440	1443	süß	süß	ADJ	ADJD	degree=pos	221	MO	_	0	*)
_	13	11	224	1443	1444	?	--	PUNC	$.	_	223	--	_	0	*))
_	13	12	225	1445	1448	Und	und	CONJ	KON	_	237	JU	_	0	(TOP(NUR(S*
_	13	12	226	1449	1453	dies	dieser	PR	PDS	case=nom|number=sg|gender=neut	229	SB	_	0	(NP*
_	13	12	227	1453	1454	,	--	PUNC	$,	_	226	--	_	0	*
_	13	12	228	1455	1459	halb	halb	ADJ	ADJD	degree=pos	229	MO	_	0	(VP(CAP(AP(PP(AP*)
_	13	12	229	1460	1465	Wiese	wiese	NN	NN	case=acc|number=pl|gender=masc	236	RE	_	0	*))
_	13	12	230	1465	1466	,	--	PUNC	$,	_	229	--	_	0	*
_	13	12	231	1467	1471	halb	halb	ADJ	ADJD	degree=pos	232	MO	_	0	(AP*
_	13	12	232	1472	1477	Äther	äther	ADJ	ADJD	case=acc|number=pl|gender=masc	234	MO	_	0	*))
_	13	12	233	1478	1480	zu	zu	O	PTKZU	_	234	PM	_	0	(VZ*
_	13	12	234	1481	1488	schau'n	schau'n	V	VVINF	_	229	OC	_	0	*)))
_	13	12	235	1488	1489	,	--	PUNC	$,	_	234	--	_	0	*
_	13	12	236	1490	1492	Es	es	PR	PPER	case=nom|number=sg|gender=neut|person=3	237	SB	_	0	*
_	13	12	237	1493	1496	war	sein	V	VAFIN	number=sg|person=3|tense=past|mood=ind	_	_	_	0	*
_	13	12	238	1497	1500	des	der	ART	ART	case=gen|number=sg|gender=masc	239	NK	_	0	(NP*
_	13	12	239	1501	1507	Meeres	meer	NN	NN	case=gen|number=sg|gender=masc	237	PD	_	0	*))
_	13	12	240	1508	1519	furchtbares	furchtbar	ADJ	ADJA	case=nom|number=sg|gender=neut|degree=pos	241	NK	_	0	(NP*
_	13	12	241	1520	1526	Grau'n	grau'n	NN	NN	case=nom|number=sg|gender=neut	239	AG	_	0	*)
_	13	12	242	1526	1527	?	--	PUNC	$.	_	241	--	_	0	*))
_	14	13	243	1529	1533	Hier	hier	ADV	ADV	_	244	MO	_	0	(TOP(S*
_	14	13	244	1534	1538	will	wollen	V	VMFIN	number=sg|person=1|tense=pres|mood=ind	_	_	_	0	*
_	14	13	245	1539	1542	ich	ich	PR	PPER	case=nom|number=sg|gender=*|person=1	244	SB	_	0	*
_	14	13	246	1543	1549	wohnen	wohnen	V	VVINF	_	244	OC	_	0	*
_	14	13	247	1549	1550	,	--	PUNC	$,	_	246	--	_	0	*
_	14	13	248	1551	1560	Göttliche	göttliche	NN	NN	number=sg|person=2|tense=pres|mood=ind	244	CJ	_	0	*
_	14	13	249	1561	1563	du	du	PR	PPER	case=nom|number=sg|gender=*|person=2	251	PNC	_	0	(NP*)
_	14	13	250	1563	1564	:	--	PUNC	$.	_	249	--	_	0	*
_	14	13	251	1565	1572	Bringst	bringst	NN	NN	number=sg|person=2|tense=pres|mood=ind	248	PAR	_	0	(S(NP*)
_	14	13	252	1573	1575	du	du	PR	PPER	case=nom|number=sg|gender=*|person=2	251	NK	_	0	(NP*
_	14	13	253	1575	1576	,	--	PUNC	$,	_	252	--	_	0	*
_	14	13	254	1577	1587	Parthenope	parthenope	NN	NN	_	251	CJ	_	0	(NP(CNP*
_	14	13	255	1587	1588	,	--	PUNC	$,	_	254	--	_	0	*
_	14	13	256	1589	1594	Wogen	woge	NN	NN	_	254	CJ	_	0	*)
_	14	13	257	1595	1598	zur	zu	PP	APPRART	case=dat|number=sg|gender=fem	256	MNR	_	0	(PP*
_	14	13	258	1599	1603	Ruh'	ruh'	NN	NN	case=dat|number=sg|gender=fem	257	NK	_	0	*))))
_	14	13	259	1603	1604	?	--	PUNC	$.	_	258	--	_	0	*))
_	14	14	260	1605	1608	Nun	nun	ADV	ADV	_	261	MO	_	0	(TOP(S(AVP*
_	14	14	261	1609	1613	dann	dann	ADV	ADV	_	262	MO	_	0	*)
_	14	14	262	1614	1622	versuch'	versuch'n	V	VVFIN	_	_	_	_	0	*
_	14	14	263	1623	1625	es	es	PR	PPER	case=nom|number=sg|gender=neut|person=3	262	OA	_	0	*
_	14	14	264	1625	1626	,	--	PUNC	$,	_	263	--	_	0	*
_	14	14	265	1627	1631	Eden	eden	NN	NN	case=nom|number=sg|gender=masc	262	SB	_	0	(S*
_	14	14	266	1632	1635	der	der	ART	ART	case=nom|number=sg|gender=masc	267	NK	_	0	(NP*
_	14	14	267	1636	1640	Lust	lust	NN	NN	number=sg|person=3|tense=pres|mood=ind	265	AG	_	0	*
_	14	14	268	1640	1641	,	--	PUNC	$,	_	267	--	_	0	*
_	14	14	269	1642	1647	Eb'ne	eb'ne	NN	NN	number=sg|person=3|tense=pres|mood=subj	265	CJ	_	0	(NP*
_	14	14	270	1648	1651	die	der	ART	ART	case=acc|number=pl|gender=fem	271	NK	_	0	(NP*
_	14	14	271	1652	1657	Wogen	woge	NN	NN	case=acc|number=pl|gender=fem	269	MNR	_	0	*)))
_	14	14	272	1658	1662	auch	auch	ADV	ADV	_	274	MO	_	0	*
_	14	14	273	1663	1669	dieser	dieser	PR	PDAT	case=nom|number=sg|gender=masc	274	NK	_	0	(NP*
_	14	14	274	1670	1675	Brust	brust	NN	NN	case=nom|number=sg|gender=masc	271	AG	_	0	*))
_	14	14	275	1675	1676	!	--	PUNC	$.	_	274	--	_	0	*))
_	15	15	276	1678	1684	Grüner	grüner	ADJ	ADJA	case=nom|number=sg|gender=*	279	NK	_	0	(TOP(CNP(NP(CAP*
_	15	15	277	1685	1688	und	und	CONJ	KON	_	276	CD	_	0	*
_	15	15	278	1689	1695	grüner	grün	ADJ	ADJA	case=nom|number=sg|gender=*	277	CJ	_	0	*)
_	15	15	279	1696	1702	Matten	matte	NN	NN	case=acc|number=pl|gender=fem	_	_	_	0	*)
_	15	15	280	1703	1706	und	und	CONJ	KON	_	279	CD	_	0	*
_	15	15	281	1707	1711	Feld	feld	NN	NN	case=acc|number=sg|gender=neut	280	CJ	_	0	(NP*
_	15	15	282	1711	1712	,	--	PUNC	$,	_	281	--	_	0	*
_	15	15	283	1713	1719	Froher	froher	NN	NN	case=acc|number=sg|gender=neut	279	APP	_	0	(NP*
_	15	15	284	1720	1723	das	der	ART	ART	case=acc|number=sg|gender=neut	285	NK	_	0	(NP*
_	15	15	285	1724	1729	Leben	leben	NN	NN	case=acc|number=sg|gender=neut	283	AG	_	0	*
_	15	15	286	1729	1730	,	--	PUNC	$,	_	285	--	_	0	*
_	15	15	287	1731	1738	schöner	schön	ADJ	ADJD	number=pl|person=2|mood=imp	289	MO	_	0	(S*
_	15	15	288	1739	1742	die	der	ART	ART	case=acc|number=sg|gender=fem	289	NK	_	0	(NP*
_	15	15	289	1743	1747	Welt	welt	NN	NN	case=acc|number=sg|gender=fem	285	CJ	_	0	*)))))
_	15	15	290	1747	1748	!	--	PUNC	$.	_	289	--	_	0	*))
_	15	16	291	1749	1753	Fort	fort	NN	NN	_	295	SB	_	0	(TOP(S*
_	15	16	292	1754	1757	aus	aus	PP	APPR	_	291	MNR	_	0	(PP*
_	15	16	293	1758	1761	der	der	ART	ART	case=dat|number=sg|gender=fem	294	NK	_	0	*
_	15	16	294	1762	1767	Sorge	sorge	NN	NN	case=dat|number=sg|gender=fem	292	NK	_	0	*
_	15	16	295	1768	1776	düsterem	düst	ADJ	ADJA	case=dat|number=sg|gender=neut	_	_	_	0	(NP*
_	15	16	296	1777	1780	Tal	tal	NN	NN	case=dat|number=sg|gender=neut	295	OA	_	0	*))
_	15	16	297	1780	1781	,	--	PUNC	$,	_	296	--	_	0	*
_	15	16	298	1782	1785	Hin	hin	NN	NN	_	295	OA	_	0	(NP*
_	15	16	299	1786	1788	in	in	PP	APPR	_	298	MNR	_	0	(PP*
_	15	16	300	1789	1792	des	der	ART	ART	case=gen|number=sg|gender=masc	301	NK	_	0	*
_	15	16	301	1793	1802	Frühlings	frühling	NN	NN	case=gen|number=sg|gender=masc	299	NK	_	0	*
_	15	16	302	1803	1811	sonnigen	sonnig	ADJ	ADJA	number=pl|person=3|tense=pres|mood=ind	303	NK	_	0	(NP*
_	15	16	303	1812	1816	Saal	saal	NN	NN	degree=pos	301	AG	_	0	*)))
_	15	16	304	1816	1817	!	--	PUNC	$.	_	303	--	_	0	*))
_	16	17	305	1819	1825	Bunter	bunter	PP	APPR	_	_	_	_	0	(TOP(S(PP*
_	16	17	306	1826	1829	die	der	ART	ART	case=nom|number=pl|gender=*	307	NK	_	0	*
_	16	17	307	1830	1836	Blumen	blume	NN	NN	case=nom|number=pl|gender=*	305	NK	_	0	*
_	16	17	308	1836	1837	,	--	PUNC	$,	_	307	--	_	0	*
_	16	17	309	1838	1843	süßer	süßer	PP	APPR	case=nom|number=sg|gender=masc	305	CJ	_	0	(PP*
_	16	17	310	1844	1847	der	der	ART	ART	case=nom|number=sg|gender=masc	311	NK	_	0	*
_	16	17	311	1848	1852	Duft	duft	NN	NN	number=sg|person=3|tense=pres|mood=ind	309	NK	_	0	*))
_	16	17	312	1852	1853	,	--	PUNC	$,	_	311	--	_	0	*
_	16	17	313	1854	1862	Heit'rer	heit'rer	NN	NN	case=nom|number=sg|gender=masc	311	APP	_	0	(NP*
_	16	17	314	1863	1866	der	der	ART	ART	case=nom|number=sg|gender=masc	315	NK	_	0	(NP*
_	16	17	315	1867	1873	Himmel	himmel	NN	NN	case=nom|number=sg|gender=masc	313	AG	_	0	*)
_	16	17	316	1873	1874	,	--	PUNC	$,	_	315	--	_	0	*
_	16	17	317	1875	1883	frischer	frisch	ADJ	ADJD	number=sg|person=3|tense=pres|mood=ind	319	MO	_	0	(S*
_	16	17	318	1884	1887	die	der	ART	ART	case=nom|number=sg|gender=fem	319	NK	_	0	(NP*
_	16	17	319	1888	1892	Luft	luft	NN	NN	case=nom|number=sg|gender=fem	311	PAR	_	0	*)))
_	16	17	320	1892	1893	!	--	PUNC	$.	_	319	--	_	0	*))
_	16	18	321	1894	1899	Sieh'	sieh'	NP	NE	_	336	SB	_	0	(TOP(S(CNP(NP*
_	16	18	322	1899	1900	,	--	PUNC	$,	_	321	--	_	0	*
_	16	18	323	1901	1904	wie	wie	PR	PWAV	_	326	MO	_	0	(S*
_	16	18	324	1905	1908	die	der	ART	ART	case=nom|number=sg|gender=fem	325	NK	_	0	(NP*
_	16	18	325	1909	1914	Gemse	gemse	NN	NN	case=nom|number=sg|gender=fem	326	SB	_	0	*)
_	16	18	326	1915	1920	hüpft	hüpfen	V	VVFIN	number=sg|person=3|tense=pres|mood=ind	321	RC	_	0	*))
_	16	18	327	1921	1924	und	und	CONJ	KON	_	326	CD	_	0	*
_	16	18	328	1925	1928	das	der	ART	ART	case=acc|number=sg|gender=neut	329	NK	_	0	(NP*
_	16	18	329	1929	1932	Reh	reh	NN	NN	case=acc|number=sg|gender=neut	327	CJ	_	0	*
_	16	18	330	1932	1933	,	--	PUNC	$,	_	329	--	_	0	*
_	16	18	331	1934	1940	Schau'	schau'	NN	NN	case=nom|number=sg|gender=neut	329	CJ	_	0	(NP*
_	16	18	332	1940	1941	,	--	PUNC	$,	_	331	--	_	0	*
_	16	18	333	1942	1945	wie	wie	CONJ	KOKOM	_	335	CM	_	0	(NP*
_	16	18	334	1946	1949	der	der	ART	ART	case=nom|number=sg|gender=masc	335	NK	_	0	*
_	16	18	335	1950	1954	Bach	bach	NP	NE	case=nom|number=sg|gender=masc	331	CC	_	0	*))))
_	16	18	336	1955	1965	hinrauscht	hinrauschen	V	VVFIN	number=sg|person=3|tense=pres|mood=ind	_	_	_	0	*
_	16	18	337	1966	1968	in	in	PP	APPR	_	336	MO	_	0	(PP*
_	16	18	338	1969	1972	den	der	ART	ART	case=acc|number=sg|gender=masc	339	NK	_	0	*
_	16	18	339	1973	1976	See	see	NN	NN	case=acc|number=sg|gender=masc	337	NK	_	0	*)
_	16	18	340	1976	1977	!	--	PUNC	$.	_	339	--	_	0	*))
_	17	19	341	1979	1981	Zu	zu	PP	APPR	_	344	OP	_	0	(TOP(S(PP*
_	17	19	342	1982	1985	der	der	ART	ART	case=dat|number=sg|gender=fem	343	NK	_	0	*
_	17	19	343	1986	1992	Lawine	lawine	NN	NN	case=dat|number=sg|gender=fem	341	NK	_	0	*
_	17	19	344	1993	2000	dumpfem	dumpf	ADJ	ADJA	case=dat|number=sg|gender=neut	_	_	_	0	(NP*
_	17	19	345	2001	2006	Getön	getön	NN	NN	case=dat|number=sg|gender=neut	346	NK	_	0	*))
_	17	19	346	2007	2013	Hallen	halle	NN	NN	case=acc|number=pl|gender=fem	348	OA	_	0	(NP*
_	17	19	347	2014	2024	Schalmeien	schalmei	NN	NN	case=acc|number=pl|gender=fem	346	NK	_	0	(NP*
_	17	19	348	2025	2033	lieblich	lieblich	ADJ	ADJD	degree=pos	344	CC	_	0	(CAP*
_	17	19	349	2034	2037	und	und	CONJ	KON	_	348	CD	_	0	*
_	17	19	350	2038	2043	schön	schön	ADJ	ADJD	degree=pos	349	CJ	_	0	*)))
_	17	19	351	2043	2044	.	--	PUNC	$.	_	350	--	_	0	*))
_	17	20	352	2045	2051	Hüllet	hüllet	V	VVFIN	number=sg|person=3|tense=pres|mood=ind	364	MO	_	0	(TOP(S(CS(S*
_	17	20	353	2052	2055	der	der	ART	ART	case=nom|number=sg|gender=masc	354	NK	_	0	(NP*
_	17	20	354	2056	2061	Nebel	nebel	NN	NN	case=nom|number=sg|gender=masc	352	SB	_	0	*
_	17	20	355	2062	2065	die	der	ART	ART	case=acc|number=pl|gender=masc	356	NK	_	0	(NP*
_	17	20	356	2066	2071	Täler	täler	NN	NN	case=acc|number=pl|gender=masc	352	OA	_	0	*))
_	17	20	357	2072	2076	hier	hier	ADV	ADV	_	352	MO	_	0	*
_	17	20	358	2077	2080	ein	ein	V	PTKVZ	_	352	SVP	_	0	*)
_	17	20	359	2080	2081	,	--	PUNC	$,	_	358	--	_	0	*
_	17	20	360	2082	2086	Oben	oben	NN	NN	case=nom|number=sg|gender=neut	361	PD	_	0	(S(NP*)
_	17	20	361	2087	2090	ist	sein	V	VAFIN	number=sg|person=3|tense=pres|mood=ind	352	OC	_	0	*
_	17	20	362	2091	2097	Freud'	freud'	NP	NE	case=*|number=*|gender=*	361	PD	_	0	*))
_	17	20	363	2097	2098	,	--	PUNC	$,	_	362	--	_	0	*
_	17	20	364	2099	2102	ist	sein	V	VAFIN	number=sg|person=3|tense=pres|mood=ind	_	_	_	0	*
_	17	20	365	2103	2111	wonniger	wonniger	ADJ	ADJA	case=*|number=*|gender=*	366	NK	_	0	(NP*
_	17	20	366	2112	2118	Schein	schein	NN	NN	case=nom|number=sg|gender=*	364	PD	_	0	*)
_	17	20	367	2118	2119	.	--	PUNC	$.	_	366	--	_	0	*))
_	18	21	368	2121	2127	Drüben	drübe	NN	NN	_	371	MO	_	0	(TOP(CS(S*)
_	18	21	369	2128	2131	und	und	CONJ	KON	_	368	CD	_	0	*
_	18	21	370	2132	2138	droben	droben	ADV	ADV	_	369	CJ	_	0	(S*
_	18	21	371	2139	2143	wär'	wär'	V	VAFIN	number=sg|person=1|tense=pres|mood=ind	_	_	_	0	*
_	18	21	372	2144	2147	ich	ich	PR	PPER	case=nom|number=sg|gender=*|person=1	371	SB	_	0	*
_	18	21	373	2148	2150	so	so	ADV	ADV	_	374	MO	_	0	(AVP*
_	18	21	374	2151	2155	gern	gern	ADV	ADV	_	371	MO	_	0	*))
_	18	21	375	2155	2156	!	--	PUNC	$.	_	374	--	_	0	*))
_	18	22	376	2157	2162	Täler	tal	NN	NN	case=nom|number=sg|gender=*	381	VO	_	0	(TOP(S(CNP*
_	18	22	377	2163	2166	und	und	CONJ	KON	_	376	CD	_	0	*
_	18	22	378	2167	2172	Berge	berg	NN	NN	number=sg|person=3|tense=pres|mood=subj	377	CJ	_	0	*)
_	18	22	379	2172	2173	,	--	PUNC	$,	_	378	--	_	0	*
_	18	22	380	2174	2177	wie	wie	PR	PWAV	_	381	MO	_	0	(AVP*)
_	18	22	381	2178	2182	seid	sein	V	VAFIN	number=pl|person=2|tense=pres|mood=ind	_	_	_	0	*
_	18	22	382	2183	2186	ihr	ihr	PR	PPER	case=nom|number=sg|gender=masc	381	SB	_	0	*
_	18	22	383	2187	2189	so	so	ADV	ADV	_	384	MO	_	0	(AP*
_	18	22	384	2190	2194	fern	fern	ADJ	ADJD	_	381	PD	_	0	*)
_	18	22	385	2194	2195	!	--	PUNC	$.	_	384	--	_	0	*))
_	19	23	386	2352	2357	Täler	tal	NN	NN	case=nom|number=sg|gender=*	391	VO	_	0	(TOP(S(CNP*
_	19	23	387	2358	2361	und	und	CONJ	KON	_	386	CD	_	0	*
_	19	23	388	2362	2367	Berge	berg	NN	NN	number=sg|person=3|tense=pres|mood=subj	387	CJ	_	0	*)
_	19	23	389	2367	2368	,	--	PUNC	$,	_	388	--	_	0	*
_	19	23	390	2369	2372	wie	wie	PR	PWAV	_	391	MO	_	0	(AVP*)
_	19	23	391	2373	2377	seid	sein	V	VAFIN	number=pl|person=2|tense=pres|mood=ind	_	_	_	0	*
_	19	23	392	2378	2381	ihr	ihr	PR	PPER	case=nom|number=sg|gender=masc	391	SB	_	0	*
_	19	23	393	2382	2384	so	so	ADV	ADV	_	394	MO	_	0	(AP*
_	19	23	394	2385	2389	fern	fern	ADJ	ADJD	_	391	PD	_	0	*)
_	19	23	395	2389	2390	!	--	PUNC	$.	_	394	--	_	0	*))
_	19	24	396	2391	2397	Drüben	drübe	NN	NN	_	399	MO	_	0	(TOP(CS(S*)
_	19	24	397	2398	2401	und	und	CONJ	KON	_	396	CD	_	0	*
_	19	24	398	2402	2408	droben	droben	ADV	ADV	_	397	CJ	_	0	(S*
_	19	24	399	2409	2413	wär'	wär'	V	VAFIN	number=sg|person=1|tense=pres|mood=ind	_	_	_	0	*
_	19	24	400	2414	2417	ich	ich	PR	PPER	case=nom|number=sg|gender=*|person=1	399	SB	_	0	*
_	19	24	401	2418	2420	so	so	ADV	ADV	_	402	MO	_	0	(AVP*
_	19	24	402	2421	2425	gern	gern	ADV	ADV	_	399	MO	_	0	*))
_	19	24	403	2425	2426	!	--	PUNC	$.	_	402	--	_	0	*))
