SectionId	ParagraphId	SentenceId	TokenId	Begin	End	Token	Lemma	CPOS	POS	Morphology	DependencyHead	DependencyRelation	NamedEntity	QuoteMarker	SyntaxTree
_	4	0	0	270	276	Ahnest	ahnest	V	VVFIN	number=sg|person=2|tense=pres|mood=ind	2	MO	_	0	(TOP(S*
_	4	0	1	277	279	du	du	PR	PPER	case=nom|number=sg|gender=*|person=2	2	PNC	_	0	*
_	4	0	2	280	283	Ruh	ruh	NP	NE	number=sg|person=3|tense=past|mood=ind	_	_	_	0	(NP*)
_	4	0	3	283	284	?	--	PUNC	$.	_	2	--	_	0	*))
_	4	1	4	285	290	Alles	alle	PR	PIS	case=nom|number=sg|gender=neut	5	MO	_	0	(TOP(CS(S*
_	4	1	5	291	296	deckt	decken	V	VVFIN	number=sg|person=3|tense=pres|mood=ind	_	_	_	0	*
_	4	1	6	297	300	der	der	ART	ART	case=nom|number=sg|gender=masc	7	NK	_	0	(NP*
_	4	1	7	301	310	Schlummer	schlummer	NN	NN	case=nom|number=sg|gender=masc	5	AG	_	0	*))
_	4	1	8	310	311	,	--	PUNC	$,	_	7	--	_	0	*
_	4	1	9	312	322	Schlumm're	schlumm're	NN	NN	number=sg|person=2|tense=pres|mood=ind	7	CJ	_	0	(S*
_	4	1	10	323	325	du	du	PR	PPER	case=nom|number=sg|gender=*|person=2	9	VO	_	0	(CS(S(NP*)
_	4	1	11	325	326	,	--	PUNC	$,	_	10	--	_	0	*
_	4	1	12	327	337	schlumm're	schlumm're	V	VVFIN	number=sg|person=2|mood=imp	5	CJ	_	0	*
_	4	1	13	338	342	auch	auch	ADV	ADV	_	14	MO	_	0	(NP*
_	4	1	14	343	345	du	du	PR	PPER	case=nom|number=sg|gender=*|person=2	12	SB	_	0	*))))
_	4	1	15	345	346	.	--	PUNC	$.	_	14	--	_	0	*))
_	7	2	16	502	509	Sondern	sondern	CONJ	KON	_	26	JU	_	0	(TOP(S*
_	7	2	17	510	514	komm	komm	V	VVIMP	number=sg|person=2|mood=imp	16	CJ	_	0	(NP(CS*
_	7	2	18	514	515	,	--	PUNC	$,	_	17	--	_	0	*
_	7	2	19	516	520	wenn	wenn	CONJ	KOUS	_	26	CP	_	0	(S*
_	7	2	20	521	527	jemals	jemals	ADV	ADV	_	26	MO	_	0	*
_	7	2	21	528	531	dir	dir	PR	PPER	case=dat|number=sg|gender=*|person=2	26	DA	_	0	(VP*
_	7	2	22	532	540	lieblich	lieblich	ADJ	ADJD	degree=pos	26	MO	_	0	*
_	7	2	23	541	547	meiner	mein	PR	PPOSAT	case=gen|number=pl|gender=masc	24	NK	_	0	(NP(NP*
_	7	2	24	548	553	Leier	leier	NN	NN	case=*|number=*|gender=*|degree=pos	26	DA	_	0	*)
_	7	2	25	554	560	Saiten	saite	NN	NN	case=nom|number=pl|gender=fem	26	OA	_	0	*)
_	7	2	26	561	567	getönt	tönen	V	VVPP	_	_	_	_	0	*)
_	7	2	27	567	568	,	--	PUNC	$,	_	26	--	_	0	*
_	7	2	28	569	574	deren	der	PR	PRELAT	case=gen|number=pl|gender=masc	29	AG	_	0	(S(NP*
_	7	2	29	575	582	Klängen	klang	NN	NN	case=nom|number=pl|gender=fem	32	SB	_	0	*)
_	7	2	30	583	585	du	du	PR	PPER	case=nom|number=sg|gender=*|person=2	32	OA	_	0	*
_	7	2	31	586	592	öfters	öfter	ADV	ADV	_	32	MO	_	0	*
_	7	2	32	593	603	lauschtest	lauschtest	V	VVFIN	_	26	CJ	_	0	*)))
_	7	2	33	603	604	,	--	PUNC	$,	_	32	--	_	0	*
_	7	2	34	605	615	verlassend	verlassend	ADJ	ADJD	_	37	MO	_	0	(NP*
_	7	2	35	616	619	des	der	ART	ART	case=gen|number=sg|gender=masc	36	NK	_	0	*
_	7	2	36	620	626	Vaters	vater	NN	NN	case=gen|number=sg|gender=masc	34	MO	_	0	*
_	7	2	37	627	635	goldenes	golden	ADJ	ADJA	case=gen|number=sg|gender=masc	32	CJ	_	0	(NP*
_	7	2	38	636	640	Haus	haus	NN	NN	case=dat|number=sg|gender=neut	37	OA	_	0	*)))
_	7	2	39	640	641	.	--	PUNC	$.	_	38	--	_	0	*))
_	8	3	40	643	645	Du	du	PR	PPER	case=nom|number=sg|gender=*|person=2	41	SB	_	0	(TOP(S*
_	8	3	41	646	657	bespanntest	bespanntest	V	VVFIN	number=sg|person=2|tense=pres|mood=ind	_	_	_	0	*
_	8	3	42	658	661	den	der	ART	ART	case=acc|number=sg|gender=masc	44	NK	_	0	(CNP(NP*
_	8	3	43	662	674	schimmernden	schimmernd	ADJ	ADJA	case=acc|number=sg|gender=masc|degree=pos	44	NK	_	0	*
_	8	3	44	675	680	Wagen	wagen	NN	NN	case=acc|number=sg|gender=masc	41	OA	_	0	*)
_	8	3	45	680	681	,	--	PUNC	$,	_	44	--	_	0	*
_	8	3	46	682	685	und	und	CONJ	KON	_	41	CD	_	0	*
_	8	3	47	686	692	deiner	dein	PR	PPOSAT	case=gen|number=sg|gender=fem	48	NK	_	0	(NP*
_	8	3	48	693	702	Sperlinge	sperling	NN	NN	case=gen|number=sg|gender=fem	64	SB	_	0	*))
_	8	3	49	703	713	fröhliches	fröhlich	ADJ	ADJA	case=nom|number=sg|gender=neut|degree=pos	50	NK	_	0	(NP*
_	8	3	50	714	718	Paar	paar	NN	NN	case=nom|number=sg|gender=neut	64	OA	_	0	*)
_	8	3	51	718	719	,	--	PUNC	$,	_	50	--	_	0	*
_	8	3	52	720	726	munter	munter	ADJ	ADJD	_	53	MO	_	0	(S(AP*
_	8	3	53	727	737	schwingend	schwingend	ADJ	ADJD	degree=pos	50	PAR	_	0	*)
_	8	3	54	738	741	die	der	ART	ART	case=acc|number=pl|gender=fem	56	NK	_	0	(NP*
_	8	3	55	742	755	schwärzlichen	schwärzlich	ADJ	ADJA	_	56	NK	_	0	*
_	8	3	56	756	762	Flügel	flügel	NN	NN	case=acc|number=pl|gender=masc	53	DA	_	0	*
_	8	3	57	762	763	,	--	PUNC	$,	_	56	--	_	0	*
_	8	3	58	764	768	trug	tragen	V	VVFIN	number=sg|person=3|tense=past|mood=ind	64	MO	_	0	(S*
_	8	3	59	769	773	dich	dich	PR	PPER	case=acc|number=sg|person=3	64	OA2	_	0	*))
_	8	3	60	774	777	vom	von	PP	APPRART	case=dat|number=sg|gender=masc	64	SBP	_	0	(PP*
_	8	3	61	778	784	Himmel	himmel	NN	NN	case=dat|number=sg|gender=masc	60	NK	_	0	*
_	8	3	62	785	788	zur	zu	PP	APPRART	case=dat|number=sg|gender=fem	64	MO	_	0	(PP*
_	8	3	63	789	793	Erde	erde	NN	NN	case=dat|number=sg|gender=fem	62	NK	_	0	*))
_	8	3	64	794	799	herab	herab	V	VVFIN	_	46	CJ	_	0	*)
_	8	3	65	799	800	.	--	PUNC	$.	_	64	--	_	0	*))
_	9	4	66	802	805	Und	und	CONJ	KON	_	68	JU	_	0	(TOP(S*
_	9	4	67	806	808	du	du	PR	PPER	case=nom|number=sg|gender=*|person=2	68	SB	_	0	*
_	9	4	68	809	814	kamst	kamsen	V	VVFIN	number=sg|person=2|tense=pres|mood=ind	_	_	_	0	*
_	9	4	69	814	815	;	--	PUNC	$.	_	68	--	_	0	*
_	9	4	70	816	819	mit	mit	PP	APPR	_	81	MO	_	0	(CS(S(PP*
_	9	4	71	820	830	lieblichem	lieblich	ADJ	ADJA	case=dat|number=sg|gender=neut|degree=pos	72	NK	_	0	*
_	9	4	72	831	838	Lächeln	lächeln	NN	NN	case=dat|number=sg|gender=neut	70	NK	_	0	(CNP*
_	9	4	73	838	839	,	--	PUNC	$,	_	72	--	_	0	*
_	9	4	74	840	849	Göttliche	göttliche	NN	NN	case=nom|number=pl|gender=neut	72	CJ	_	0	*)
_	9	4	75	849	850	,	--	PUNC	$,	_	74	--	_	0	*
_	9	4	76	851	854	auf	auf	PP	APPR	_	70	CJ	_	0	(PP*
_	9	4	77	855	858	der	der	ART	ART	case=dat|number=sg|gender=fem	79	NK	_	0	*
_	9	4	78	859	872	unsterblichen	unsterblich	ADJ	ADJA	case=dat|number=sg|gender=fem|degree=pos	79	NK	_	0	*
_	9	4	79	873	878	Stirn	stirn	NN	NN	case=dat|number=sg|gender=fem	76	NK	_	0	*))
_	9	4	80	878	879	,	--	PUNC	$,	_	79	--	_	0	*
_	9	4	81	880	888	fragtest	fragtest	V	VVFIN	number=sg|person=2|tense=pres|mood=ind	68	OC	_	0	*
_	9	4	82	889	891	du	du	PR	PPER	case=nom|number=sg|gender=*|person=2	81	SB	_	0	*
_	9	4	83	891	892	,	--	PUNC	$,	_	82	--	_	0	*
_	9	4	84	893	896	was	was	PR	PWS	case=acc|number=sg|gender=neut	87	OA	_	0	(S*
_	9	4	85	897	900	die	der	ART	ART	case=nom|number=sg|gender=fem	86	NK	_	0	(NP*
_	9	4	86	901	909	Klagende	klagend	NN	NN	case=nom|number=sg|gender=fem	87	OA	_	0	*)
_	9	4	87	910	915	quäle	qual	V	VVFIN	number=sg|person=3|tense=pres|mood=subj	81	OC	_	0	*))
_	9	4	88	915	916	,	--	PUNC	$,	_	87	--	_	0	*
_	9	4	89	917	922	warum	warum	PR	PWAV	_	90	MO	_	0	(S*
_	9	4	90	923	932	erschalle	erschallen	V	VVFIN	number=sg|person=3|tense=pres|mood=subj	87	OC	_	0	*
_	9	4	91	933	936	der	der	ART	ART	case=dat|number=sg|gender=fem	92	NK	_	0	(NP*
_	9	4	92	937	946	Flehenden	flehend	NN	NN	case=gen|number=pl|gender=*	90	SB	_	0	*)
_	9	4	93	947	950	Ruf	ruf	V	PTKVZ	_	90	SVP	_	0	*))
_	9	4	94	950	951	.	--	PUNC	$.	_	93	--	_	0	*))
_	10	5	95	953	956	Was	was	PR	PWS	case=acc|number=sg|gender=neut	99	DA	_	0	(TOP(CS(S*
_	10	5	96	957	960	das	der	ART	ART	case=acc|number=sg|gender=neut	98	NK	_	0	(NP*
_	10	5	97	961	972	schwärmende	schwärmend	ADJ	ADJA	case=acc|number=sg|gender=neut|degree=pos	98	NK	_	0	*
_	10	5	98	973	977	Herz	herz	NN	NN	case=acc|number=sg|gender=neut	99	OA	_	0	*)
_	10	5	99	978	985	begehre	begehren	V	VVFIN	_	103	MO	_	0	*)
_	10	5	100	985	986	;	--	PUNC	$.	_	99	--	_	0	*
_	10	5	101	987	990	wen	wen	PR	PWS	number=pl|person=3|tense=pres|mood=ind	99	OA2	_	0	(S*
_	10	5	102	991	995	sich	sich	PR	PRF	case=dat|number=pl|person=3	101	NK	_	0	(NP*)
_	10	5	103	996	1001	sehne	sehnen	V	VVFIN	number=sg|person=3|tense=pres|mood=subj	_	_	_	0	*
_	10	5	104	1002	1005	die	der	ART	ART	case=nom|number=sg|gender=fem	106	NK	_	0	(VP(NP*
_	10	5	105	1006	1015	klopfende	klopfend	ADJ	ADJA	case=nom|number=sg|gender=fem|degree=pos	106	NK	_	0	*
_	10	5	106	1016	1021	Brust	brust	NN	NN	case=nom|number=sg|gender=fem	109	OA	_	0	*)
_	10	5	107	1022	1027	sanft	sanft	ADJ	ADJD	number=sg|person=3|tense=pres|mood=ind	109	MO	_	0	*
_	10	5	108	1028	1030	zu	zu	O	PTKZU	_	109	PM	_	0	(VZ*
_	10	5	109	1031	1041	bestricken	bestricken	V	VVINF	_	103	OC	_	0	*))
_	10	5	110	1042	1044	im	in	PP	APPRART	case=dat|number=sg|gender=neut	109	MO	_	0	(PP*
_	10	5	111	1045	1049	Netz	netz	NN	NN	case=dat|number=sg|gender=neut	110	NK	_	0	*
_	10	5	112	1050	1053	der	der	ART	ART	case=nom|number=sg|gender=masc	113	NK	_	0	(NP*
_	10	5	113	1054	1059	Liebe	liebe	NN	NN	case=nom|number=sg|gender=masc	111	AG	_	0	*)))
_	10	5	114	1059	1060	.	--	PUNC	$.	_	113	--	_	0	*))
_	10	6	115	1061	1064	Wer	wer	PR	PWS	case=nom|number=sg|gender=masc	116	SB	_	0	(TOP(S(NP*)
_	10	6	116	1065	1070	ist's	ist's	ADV	ADV	_	118	CD	_	0	*
_	10	6	117	1070	1071	,	--	PUNC	$,	_	116	--	_	0	*
_	10	6	118	1072	1078	Sappho	sappho	NP	NE	_	_	_	_	0	(NP*)
_	10	6	119	1078	1079	,	--	PUNC	$,	_	118	--	_	0	*
_	10	6	120	1080	1083	der	der	PR	PRELS	case=nom|number=sg|gender=masc	122	SB	_	0	(S*
_	10	6	121	1084	1088	dich	dich	PR	PPER	case=acc|number=sg|person=3	122	OA	_	0	(NP*)
_	10	6	122	1089	1097	verletzt	verletzen	V	VVFIN	_	118	RC	_	0	*)
_	10	6	123	1097	1098	?	--	PUNC	$.	_	122	--	_	0	*))
_	11	7	124	1100	1106	Flieht	fliehen	V	VVFIN	number=sg|person=3|tense=pres|mood=ind	133	MO	_	0	(TOP(DL(S*
_	11	7	125	1107	1109	er	er	PR	PPER	case=nom|number=sg|gender=masc|person=3	124	SB	_	0	*
_	11	7	126	1110	1114	dich	dich	PR	PPER	case=acc|number=sg|person=2	124	OA	_	0	(NP*
_	11	7	127	1115	1120	jetzt	jetzt	ADV	ADV	_	124	MO	_	0	*))
_	11	7	128	1120	1121	,	--	PUNC	$,	_	127	--	_	0	*
_	11	7	129	1122	1126	bald	bald	ADV	ADV	_	133	MO	_	0	(S*
_	11	7	130	1127	1131	wird	werden	V	VAFIN	number=sg|person=3|tense=pres|mood=ind	_	_	_	0	*
_	11	7	131	1132	1134	er	er	PR	PPER	case=nom|number=sg|gender=masc|person=3	130	SB	_	0	*
_	11	7	132	1135	1138	dir	dir	PR	PPER	case=dat|number=sg|gender=*|person=2	133	DA	_	0	(VP*
_	11	7	133	1139	1145	folgen	folgen	V	VVINF	_	130	OC	_	0	*))
_	11	7	134	1145	1146	.	--	PUNC	$.	_	133	--	_	0	*))
_	11	8	135	1147	1157	Verschmäht	verschmähen	V	VVFIN	number=sg|person=3|tense=pres|mood=ind	_	_	_	0	(TOP(CS(S*
_	11	8	136	1158	1160	er	er	PR	PPER	case=nom|number=sg|gender=masc|person=3	135	SB	_	0	*
_	11	8	137	1161	1170	Geschenke	geschenk	NN	NN	case=acc|number=pl|gender=neut	135	OA	_	0	*)
_	11	8	138	1170	1171	,	--	PUNC	$,	_	137	--	_	0	*
_	11	8	139	1172	1174	er	er	PR	PPER	case=nom|number=sg|gender=masc|person=3	140	SB	_	0	(S*
_	11	8	140	1175	1179	gibt	geben	V	VVFIN	number=sg|person=3|tense=pres|mood=ind	135	CJ	_	0	*
_	11	8	141	1180	1183	sie	sie	PR	PPER	case=acc|number=sg|gender=fem|person=3	140	OA	_	0	*
_	11	8	142	1184	1188	noch	noch	ADV	ADV	_	143	MO	_	0	(AVP*
_	11	8	143	1189	1195	selbst	selbst	ADV	ADV	_	140	MO	_	0	*))
_	11	8	144	1195	1196	.	--	PUNC	$.	_	143	--	_	0	*))
_	11	9	145	1197	1202	Liebt	lieben	V	VVFIN	number=sg|person=3|tense=pres|mood=ind	_	_	_	0	(TOP(S*
_	11	9	146	1203	1205	er	er	PR	PPER	case=nom|number=sg|gender=masc|person=3	145	SB	_	0	*
_	11	9	147	1206	1210	dich	dich	PR	PPER	case=acc|number=sg|person=2	154	OA	_	0	*
_	11	9	148	1211	1216	nicht	nicht	O	PTKNEG	_	154	NG	_	0	*
_	11	9	149	1216	1217	,	--	PUNC	$,	_	148	--	_	0	*
_	11	9	150	1218	1221	gar	gar	ADV	ADV	_	151	MO	_	0	(S(AVP*
_	11	9	151	1222	1226	bald	bald	ADV	ADV	_	154	MO	_	0	*)
_	11	9	152	1227	1231	wird	werden	V	VAFIN	number=sg|person=3|tense=pres|mood=ind	154	OC	_	0	*
_	11	9	153	1232	1234	er	er	PR	PPER	case=nom|number=sg|gender=masc|person=3	152	SB	_	0	*
_	11	9	154	1235	1241	lieben	lieben	V	VVINF	_	159	OC	_	0	(VP*))
_	11	9	155	1241	1242	,	--	PUNC	$,	_	154	--	_	0	*
_	11	9	156	1243	1250	folgsam	folgsam	ADJ	ADJD	degree=pos	157	MO	_	0	(S(AP*
_	11	9	157	1251	1261	gehorchend	gehorchend	ADJ	ADJD	degree=pos	154	MO	_	0	*)
_	11	9	158	1262	1271	jeglichem	jeglich	PR	PIAT	case=dat|number=sg|gender=neut|degree=pos	159	NK	_	0	(NP*
_	11	9	159	1272	1276	Wink	wink	NN	NN	case=dat|number=sg|gender=neut	146	APP	_	0	*))
_	11	9	160	1276	1277	.	--	PUNC	$.	_	159	--	_	0	*))
_	12	10	161	1279	1283	Komm	komm	V	VVIMP	number=sg|person=2|mood=imp	_	_	_	0	(TOP(S(S*
_	12	10	162	1284	1288	auch	auch	ADV	ADV	_	161	MO	_	0	(NP(CS(S*
_	12	10	163	1289	1294	jetzt	jetzt	ADV	ADV	_	161	MO	_	0	*)
_	12	10	164	1295	1298	und	und	CONJ	KON	_	161	CD	_	0	*
_	12	10	165	1299	1303	löse	lösen	V	VVFIN	_	164	CJ	_	0	(S*
_	12	10	166	1304	1307	den	der	ART	ART	case=acc|number=sg|gender=masc	167	NK	_	0	(NP*
_	12	10	167	1308	1314	Kummer	kummer	NN	NN	case=acc|number=sg|gender=masc	165	OA	_	0	*
_	12	10	168	1314	1315	,	--	PUNC	$,	_	167	--	_	0	*
_	12	10	169	1316	1319	der	der	PR	PRELS	case=nom|number=sg|gender=masc	174	SB	_	0	(S*
_	12	10	170	1320	1323	mir	sich	PR	PPER	case=dat|number=sg|gender=*|person=1	174	DA	_	0	*
_	12	10	171	1324	1331	lastend	lastend	ADJ	ADJD	degree=pos	174	MO	_	0	*
_	12	10	172	1332	1335	den	der	ART	ART	case=acc|number=sg|gender=masc	173	NK	_	0	(NP*
_	12	10	173	1336	1341	Busen	busen	NN	NN	case=acc|number=sg|gender=masc	174	OA	_	0	*)
_	12	10	174	1342	1348	beengt	beengen	V	VVFIN	_	167	RC	_	0	*)
_	12	10	175	1348	1349	;	--	PUNC	$.	_	174	--	_	0	*
_	12	10	176	1350	1354	hilf	hilf	ADJ	ADJD	_	178	MO	_	0	(S(AP*)
_	12	10	177	1355	1358	mir	sich	PR	PPER	case=dat|number=sg|gender=*|person=1	178	DA	_	0	*
_	12	10	178	1359	1367	erringen	erringen	V	VVFIN	_	165	OC	_	0	*
_	12	10	179	1367	1368	,	--	PUNC	$,	_	178	--	_	0	*
_	12	10	180	1369	1373	nach	nach	PP	APPR	_	183	MO	_	0	(S(PP*
_	12	10	181	1374	1377	was	was	PR	PRELS	case=acc|number=sg|gender=neut	180	NK	_	0	*)
_	12	10	182	1378	1381	ich	ich	PR	PPER	case=nom|number=sg|gender=*|person=1	183	SB	_	0	*
_	12	10	183	1382	1387	ringe	ringen	V	VVFIN	number=sg|person=1|tense=pres|mood=ind	173	RC	_	0	*)))))))
_	12	10	184	1387	1388	,	--	PUNC	$,	_	183	--	_	0	*
_	12	10	185	1389	1392	sei	sein	V	VAFIN	number=sg|person=3|tense=pres|mood=subj	183	MO	_	0	*
_	12	10	186	1393	1396	mir	sich	PR	PPER	case=dat|number=sg|gender=*|person=1	185	DA	_	0	*
_	12	10	187	1397	1406	Gefährtin	gefährtin	NN	NN	case=nom|number=sg|gender=fem	185	PD	_	0	(NP*
_	12	10	188	1407	1409	im	in	PP	APPRART	case=dat|number=sg|gender=neut	187	MNR	_	0	(PP*
_	12	10	189	1410	1420	lieblichen	lieblich	ADJ	ADJA	case=dat|number=sg|gender=neut|degree=pos	190	NK	_	0	*
_	12	10	190	1421	1427	Streit	streit	NN	NN	case=dat|number=sg|gender=neut	188	NK	_	0	*))
_	12	10	191	1427	1428	.	--	PUNC	$.	_	190	--	_	0	*))
_	16	11	192	1813	1816	Wer	wer	PR	PWS	case=nom|number=sg|gender=masc	193	PD	_	0	(TOP(S*
_	16	11	193	1817	1821	bist	sein	V	VAFIN	number=sg|person=2|tense=pres|mood=ind	_	_	_	0	*
_	16	11	194	1822	1824	du	du	PR	PPER	case=nom|number=sg|gender=*|person=2	193	SB	_	0	*
_	16	11	195	1824	1825	,	--	PUNC	$,	_	194	--	_	0	*
_	16	11	196	1826	1830	süße	süß	ADJ	ADJA	case=nom|number=pl|gender=*|degree=pos	199	NK	_	0	(NP*
_	16	11	197	1830	1831	,	--	PUNC	$,	_	196	--	_	0	*
_	16	11	198	1832	1840	reizende	reizend	ADJ	ADJA	case=nom|number=sg|gender=fem|degree=pos	196	CJ	_	0	*
_	16	11	199	1841	1848	Gestalt	gestalt	NN	NN	case=nom|number=sg|gender=fem	193	VO	_	0	*)
_	16	11	200	1848	1849	?	--	PUNC	$.	_	199	--	_	0	*))
_	16	12	201	1850	1857	Gefühle	gefühl	NN	NN	case=acc|number=pl|gender=neut	_	_	_	0	(TOP(NP*
_	16	12	202	1857	1858	,	--	PUNC	$,	_	201	--	_	0	*
_	16	12	203	1859	1862	die	der	PR	PRELS	case=nom|number=pl|gender=neut	208	SB	_	0	(S*
_	16	12	204	1863	1865	im	in	PP	APPRART	case=dat|number=sg|gender=masc	208	MO	_	0	(PP*
_	16	12	205	1866	1871	Grund	grund	NN	NN	case=dat|number=sg|gender=masc	204	NK	_	0	*
_	16	12	206	1872	1875	der	der	ART	ART	case=gen|number=pl|gender=neut	207	NK	_	0	(NP*
_	16	12	207	1876	1881	Seele	seele	NN	NN	case=gen|number=pl|gender=neut	205	AG	_	0	*))
_	16	12	208	1882	1891	schliefen	schlafen	V	VVFIN	case=gen|number=pl|gender=neut|degree=pos	201	RC	_	0	*
_	16	12	209	1891	1892	,	--	PUNC	$,	_	208	--	_	0	*
_	16	12	210	1893	1897	Hast	haben	NN	NN	number=sg|person=2|tense=pres|mood=ind	225	CJ	_	0	(CS(S*
_	16	12	211	1898	1900	du	du	PR	PPER	case=nom|number=sg|gender=*|person=2	212	DA	_	0	(NP*)
_	16	12	212	1901	1908	geweckt	wecken	V	VVPP	_	210	OC	_	0	(VP*
_	16	12	213	1909	1912	mit	mit	PP	APPR	_	212	MO	_	0	(PP*
_	16	12	214	1913	1922	magischer	magisch	ADJ	ADJA	case=dat|number=sg|gender=fem|degree=pos	215	NK	_	0	*
_	16	12	215	1923	1929	Gewalt	gewalt	NN	NN	case=dat|number=sg|gender=fem	213	NK	_	0	*)))
_	16	12	216	1929	1930	,	--	PUNC	$,	_	215	--	_	0	*
_	16	12	217	1931	1940	Gefesselt	gefesselt	NN	NN	case=dat|number=sg|gender=fem	218	PD	_	0	(S*
_	16	12	218	1941	1944	ist	sein	V	VAFIN	number=sg|person=3|tense=pres|mood=ind	215	PAR	_	0	*
_	16	12	219	1945	1949	mein	mein	PR	PPOSAT	case=nom|number=sg|gender=neut	223	NK	_	0	(NP*
_	16	12	220	1950	1956	ganzes	ganz	ADJ	ADJA	case=nom|number=sg|gender=neut|degree=pos	223	NK	_	0	*
_	16	12	221	1956	1957	,	--	PUNC	$,	_	220	--	_	0	*
_	16	12	222	1958	1966	tiefstes	tief	ADJ	ADJA	case=acc|number=sg|gender=neut|degree=sup	220	CJ	_	0	*
_	16	12	223	1967	1972	Wesen	wesen	NN	NN	case=acc|number=sg|gender=neut	218	PD	_	0	*))
_	16	12	224	1972	1973	,	--	PUNC	$,	_	223	--	_	0	*
_	16	12	225	1974	1977	Und	und	CONJ	KON	_	208	CD	_	0	*
_	16	12	226	1978	1983	Kraft	kraft	NN	NN	case=nom|number=sg|gender=fem	229	DA	_	0	(S(CNP*
_	16	12	227	1984	1987	und	und	CONJ	KON	_	226	CD	_	0	*
_	16	12	228	1988	1993	Wille	wille	NN	NN	case=nom|number=sg|gender=fem	227	CJ	_	0	*)
_	16	12	229	1994	1999	fehlt	fehlen	V	VVFIN	number=sg|person=3|tense=pres|mood=ind	225	CJ	_	0	*
_	16	12	230	1999	2000	,	--	PUNC	$,	_	229	--	_	0	*
_	16	12	231	2001	2004	das	der	ART	ART	case=acc|number=sg|gender=neut	232	NK	_	0	(VP(NP*
_	16	12	232	2005	2009	Band	band	NN	NN	case=acc|number=sg|gender=neut	234	OA	_	0	*)
_	16	12	233	2010	2012	zu	zu	O	PTKZU	_	234	PM	_	0	(VZ*
_	16	12	234	2013	2018	lösen	lösen	V	VVINF	_	229	OC	_	0	*)))))
_	16	12	235	2018	2019	!	--	PUNC	$.	_	234	--	_	0	*))
_	16	13	236	2020	2023	Seh	seh	CONJ	KOUS	_	242	CP	_	0	(TOP(CS(S*
_	16	13	237	2024	2027	ich	ich	PR	PPER	case=nom|number=sg|gender=*|person=1	242	SB	_	0	*
_	16	13	238	2028	2031	der	der	ART	ART	case=nom|number=sg|gender=masc	239	NK	_	0	(NP*
_	16	13	239	2032	2039	Glieder	glied	NN	NN	case=gen|number=pl|gender=neut	242	DA	_	0	*
_	16	13	240	2040	2045	zarte	zart	ADJ	ADJA	case=gen|number=pl|gender=neut	242	MO	_	0	(NP*
_	16	13	241	2046	2051	Fülle	fülle	NN	NN	case=gen|number=pl|gender=neut	242	OA	_	0	*))
_	16	13	242	2052	2059	prangen	prangen	V	VVFIN	case=gen|number=pl|gender=neut|degree=pos	260	NK	_	0	*)
_	16	13	243	2059	2060	,	--	PUNC	$,	_	242	--	_	0	*
_	16	13	244	2061	2070	Entstellt	entstellt	NN	NN	case=acc|number=sg|gender=neut	241	APP	_	0	(S(NP*
_	16	13	245	2071	2077	durchs	durch	PP	APPRART	case=acc|number=sg|gender=neut	244	MNR	_	0	(PP*
_	16	13	246	2078	2094	schöngeschmückte	schöngeschmückt	ADJ	ADJA	case=acc|number=sg|gender=fem|degree=pos	247	NK	_	0	*
_	16	13	247	2095	2106	Knabenkleid	knabenkleid	NN	NN	case=nom|number=sg|gender=neut	245	NK	_	0	*
_	16	13	248	2106	2107	,	--	PUNC	$,	_	247	--	_	0	*
_	16	13	249	2108	2111	Das	der	ART	ART	case=nom|number=sg|gender=neut	251	NK	_	0	(NP*
_	16	13	250	2112	2116	süße	süß	ADJ	ADJA	case=nom|number=sg|gender=neut|degree=pos	251	NK	_	0	*
_	16	13	251	2117	2120	Rot	rote	NN	NN	case=nom|number=sg|gender=neut	247	APP	_	0	*
_	16	13	252	2121	2124	der	der	ART	ART	case=gen|number=pl|gender=fem	254	NK	_	0	(NP*
_	16	13	253	2125	2139	schamgefärbten	schamgefärbt	ADJ	ADJA	case=gen|number=pl|gender=fem|degree=pos	254	NK	_	0	*
_	16	13	254	2140	2146	Wangen	wange	NN	NN	case=gen|number=pl|gender=fem	251	AG	_	0	*))
_	16	13	255	2146	2147	,	--	PUNC	$,	_	254	--	_	0	*
_	16	13	256	2148	2151	Die	der	NN	NN	case=nom|number=sg|gender=fem	257	OA	_	0	(NP*
_	16	13	257	2152	2157	blöde	blöden	ADJ	ADJA	case=nom|number=sg|gender=fem	242	CJ	_	0	(NM(CAP*
_	16	13	258	2157	2158	,	--	PUNC	$,	_	257	--	_	0	*
_	16	13	259	2159	2170	knabenhafte	knabenhaft	ADJ	ADJA	case=nom|number=sg|gender=fem	257	CJ	_	0	*)
_	16	13	260	2171	2185	Schüchternheit	schüchternheit	NN	NN	case=nom|number=sg|gender=fem	_	_	_	0	*))
_	16	13	261	2185	2186	,	--	PUNC	$,	_	260	--	_	0	*
_	16	13	262	2187	2190	Das	der	ART	ART	case=nom|number=sg|gender=neut	267	NK	_	0	(NP*
_	16	13	263	2191	2197	dunkle	dunkel	ADJ	ADJA	number=sg|person=3|tense=pres|mood=subj	267	NK	_	0	*
_	16	13	264	2197	2198	,	--	PUNC	$,	_	263	--	_	0	*
_	16	13	265	2199	2203	erst	erst	ADV	ADV	_	266	MO	_	0	(AP*
_	16	13	266	2204	2214	erwachende	erwachend	ADJ	ADJA	_	263	CJ	_	0	*)
_	16	13	267	2215	2224	Verlangen	verlangen	NN	NN	_	260	CJ	_	0	*
_	16	13	268	2224	2225	,	--	PUNC	$,	_	267	--	_	0	*
_	16	13	269	2226	2229	Das	der	NN	NN	case=nom|number=sg|gender=neut	271	OA	_	0	(CS(S(NP*)
_	16	13	270	2230	2238	brennend	brennend	ADJ	ADJD	degree=pos	271	MO	_	0	*
_	16	13	271	2239	2246	wünscht	wünschen	V	VVFIN	number=sg|person=3|tense=pres|mood=ind	267	RC	_	0	*)
_	16	13	272	2247	2250	und	und	CONJ	KON	_	271	CD	_	0	*
_	16	13	273	2251	2253	zu	zu	O	PTKZU	_	274	PM	_	0	(S(VP(VZ*
_	16	13	274	2254	2262	begehren	begehren	V	VVINF	_	275	OC	_	0	*))
_	16	13	275	2263	2269	scheut	scheuen	V	VVFIN	number=sg|person=3|tense=pres|mood=ind	272	CJ	_	0	*)))
_	16	13	276	2269	2270	,	--	PUNC	$,	_	275	--	_	0	*
_	16	13	277	2271	2274	Den	der	ART	ART	case=acc|number=sg|gender=masc	278	NK	_	0	(NP*
_	16	13	278	2275	2287	Flammenblick	flammenblick	NN	NN	case=acc|number=sg|gender=masc	267	APP	_	0	*))
_	16	13	279	2287	2288	,	--	PUNC	$,	_	278	--	_	0	*
_	16	13	280	2289	2294	scheu	scheu	ADJ	ADJD	_	284	MO	_	0	(S(VP(AP*
_	16	13	281	2295	2297	in	in	PP	APPR	_	284	MO	_	0	(PP*
_	16	13	282	2298	2301	den	der	ART	ART	case=acc|number=sg|gender=masc	283	NK	_	0	*
_	16	13	283	2302	2307	Grund	grund	NN	NN	case=acc|number=sg|gender=masc	281	NK	_	0	*))
_	16	13	284	2308	2316	gegraben	graben	V	VVPP	_	278	CJ	_	0	*
_	16	13	285	2316	2317	:	--	PUNC	$.	_	284	--	_	0	*
_	16	13	286	2318	2320	So	so	ADV	ADV	_	287	MO	_	0	(AVP*
_	16	13	287	2321	2329	scheinst	scheinst	ADV	ADV	number=sg|person=2|tense=pres|mood=ind	291	MO	_	0	*))
_	16	13	288	2330	2332	du	du	PR	PPER	case=nom|number=sg|gender=*|person=2	_	_	_	0	(NP*)))
_	16	13	289	2333	2336	mir	sich	PR	PPER	case=dat|number=sg|gender=*|person=1	287	DA	_	0	(NP*
_	16	13	290	2337	2340	der	der	ART	ART	case=nom|number=sg|gender=masc	291	NK	_	0	(NP*
_	16	13	291	2341	2351	reizendste	reizend	ADJ	ADJA	case=nom|number=sg|gender=masc|degree=sup	284	CJ	_	0	*
_	16	13	292	2352	2355	der	der	ART	ART	case=nom|number=sg|gender=masc	293	NK	_	0	(NP*
_	16	13	293	2356	2362	Knaben	knabe	NN	NN	case=nom|number=sg|gender=masc	291	AG	_	0	*))))
_	16	13	294	2362	2363	!	--	PUNC	$.	_	293	--	_	0	*))
_	16	14	295	2364	2368	Doch	doch	CONJ	KON	_	307	JU	_	0	(TOP(NUR(CS(S*
_	16	14	296	2369	2372	seh	seh	CONJ	KOUS	_	307	CP	_	0	*
_	16	14	297	2373	2376	ich	ich	PR	PPER	case=nom|number=sg|gender=*|person=1	307	SB	_	0	*
_	16	14	298	2377	2383	dieses	dieser	PR	PDAT	case=gen|number=sg|gender=neut	299	NK	_	0	(NP*
_	16	14	299	2384	2390	Busens	busen	NN	NN	case=gen|number=sg|gender=neut	307	MO	_	0	*)
_	16	14	300	2391	2397	Wallen	wallen	NN	NN	number=pl|person=1|tense=past|mood=subj	299	AG	_	0	(NP*
_	16	14	301	2398	2404	wieder	wieder	ADV	ADV	_	307	MO	_	0	*
_	16	14	302	2404	2405	,	--	PUNC	$,	_	301	--	_	0	*
_	16	14	303	2406	2418	Verräterisch	verräterisch	NN	NN	case=acc|number=sg|gender=neut	301	CJ	_	0	(VP*
_	16	14	304	2419	2425	durchs	durch	PP	APPRART	case=acc|number=sg|gender=neut	307	MO	_	0	(PP*
_	16	14	305	2426	2435	neid'sche	neid'sch	ADJ	ADJA	case=acc|number=sg|gender=neut|degree=pos	306	NK	_	0	*
_	16	14	306	2436	2441	Kleid	kleid	NN	NN	case=acc|number=sg|gender=neut	304	NK	_	0	*)
_	16	14	307	2442	2449	gebläht	blähen	V	VVPP	number=pl|person=2|tense=pres|mood=ind	_	_	_	0	*)
_	16	14	308	2449	2450	,	--	PUNC	$,	_	307	--	_	0	*
_	16	14	309	2451	2454	Des	der	NP	NE	case=gen|number=sg|gender=neut	311	NK	_	0	(MPN*
_	16	14	310	2455	2462	Nackens	nackens	NP	NE	case=gen|number=sg|gender=neut	311	PNC	_	0	*
_	16	14	311	2463	2469	Silber	silber	NP	NE	case=nom|number=sg|gender=masc	307	CJ	_	0	*))
_	16	14	312	2469	2470	,	--	PUNC	$,	_	311	--	_	0	*
_	16	14	313	2471	2477	gleich	gleich	ADV	ADV	_	316	MO	_	0	(NP*
_	16	14	314	2478	2481	des	der	ART	ART	case=gen|number=sg|gender=neut	316	NK	_	0	*
_	16	14	315	2482	2489	Schwans	schwan	NP	NE	case=gen|number=sg|gender=neut	316	PNC	_	0	(MPN*
_	16	14	316	2490	2498	Gefieder	gefied	NP	NE	_	311	APP	_	0	*)
_	16	14	317	2498	2499	,	--	PUNC	$,	_	316	--	_	0	*
_	16	14	318	2500	2503	Vom	von	PP	APPRART	case=dat|number=sg|gender=*	316	PAR	_	0	(PP*
_	16	14	319	2504	2511	reichen	reichen	ADJ	ADJA	case=*|number=*|gender=*	322	NK	_	0	*
_	16	14	320	2511	2512	,	--	PUNC	$,	_	319	--	_	0	*
_	16	14	321	2513	2520	seidnen	seidn	ADJ	ADJA	number=pl|person=3|tense=pres|mood=ind	319	CJ	_	0	(NP*
_	16	14	322	2521	2531	Lockenhaar	lockenhaar	NN	NN	degree=pos	323	OA	_	0	*)))
_	16	14	323	2532	2538	umweht	umwehen	V	VVFIN	_	325	RC	_	0	*
_	16	14	324	2538	2539	,	--	PUNC	$,	_	323	--	_	0	*
_	16	14	325	2540	2543	Hör	hör	PR	PWS	number=sg|person=1|tense=past|mood=ind	318	NK	_	0	(CS(S(NP*)
_	16	14	326	2544	2547	ich	ich	PR	PPER	case=nom|number=sg|gender=*|person=1	318	SB	_	0	(NP*
_	16	14	327	2548	2551	den	der	ART	ART	case=acc|number=sg|gender=masc	329	NK	_	0	(NP*
_	16	14	328	2552	2558	hellen	hell	ADJ	ADJA	case=acc|number=sg|gender=masc|degree=pos	329	NK	_	0	*
_	16	14	329	2559	2564	Klang	klang	NN	NN	case=acc|number=sg|gender=masc	316	APP	_	0	*
_	16	14	330	2565	2568	der	der	ART	ART	case=nom|number=sg|gender=masc	331	NK	_	0	(NP*
_	16	14	331	2569	2581	Zauberlieder	zauberlied	NN	NN	case=nom|number=sg|gender=masc	329	AG	_	0	*))))
_	16	14	332	2581	2582	,	--	PUNC	$,	_	331	--	_	0	*
_	16	14	333	2583	2586	Und	und	CONJ	KON	_	307	CD	_	0	*
_	16	14	334	2587	2590	was	was	PR	PWS	case=acc|number=sg|gender=neut	340	OA	_	0	(S(NP*)
_	16	14	335	2591	2594	ein	ein	ART	ART	case=nom|number=sg|gender=masc	337	NK	_	0	(NP*
_	16	14	336	2595	2600	jeder	jeder	PR	PIAT	case=nom|number=sg|gender=masc	337	NK	_	0	(AP*)
_	16	14	337	2601	2605	Sinn	sinn	NN	NN	case=nom|number=sg|gender=masc	340	OA	_	0	*)
_	16	14	338	2606	2610	noch	noch	ADV	ADV	_	339	MO	_	0	(VP*
_	16	14	339	2611	2616	leis'	leis'	ADJ	ADJD	_	340	MO	_	0	*
_	16	14	340	2617	2624	erspäht	erspähen	V	VVPP	_	333	CJ	_	0	*))))
_	16	14	341	2624	2625	,	--	PUNC	$,	_	340	--	_	0	*
_	16	14	342	2626	2631	Horch	horch	NP	NE	_	340	CJ	B-PER	0	(S*
_	16	14	343	2632	2635	ich	ich	PR	PPER	case=nom|number=sg|gender=*|person=1	340	SB	_	0	(NP*)))
_	16	14	344	2636	2639	des	der	ART	ART	case=gen|number=sg|gender=neut	345	NK	_	0	(NP*
_	16	14	345	2640	2647	Herzens	Herz	NN	NN	case=gen|number=sg|gender=neut	338	CJ	_	0	*
_	16	14	346	2648	2661	ahnungsvollen	ahnungsvoll	ADJ	ADJA	_	347	NK	_	0	(NP*
_	16	14	347	2662	2667	Tönen	ton	NN	NN	case=dat|number=pl|gender=masc	345	AG	_	0	*)
_	16	14	348	2667	2668	:	--	PUNC	$.	_	347	--	_	0	*)
_	16	14	349	2669	2671	So	so	ADV	ADV	_	350	MO	_	0	(S*
_	16	14	350	2672	2676	nenn	nenn	ADV	ADV	_	347	MNR	_	0	(NP*
_	16	14	351	2677	2680	ich	ich	PR	PPER	case=nom|number=sg|gender=masc|person=1	350	SB	_	0	*)
_	16	14	352	2681	2685	dich	dich	PR	PRF	case=acc|number=sg|person=2	340	DA	_	0	(VP*))
_	16	14	353	2686	2689	die	der	ART	ART	case=nom|number=sg|gender=fem	354	NK	_	0	(S(NP*
_	16	14	354	2690	2695	Krone	krone	NN	NN	case=nom|number=sg|gender=fem	340	OA	_	0	*)
_	16	14	355	2696	2701	aller	aller	PR	PIAT	case=gen|number=pl|gender=*	356	NK	_	0	(NP*
_	16	14	356	2702	2709	Schönen	schöne	NN	NN	case=gen|number=pl|gender=*	354	AG	_	0	*))
_	16	14	357	2709	2710	.	--	PUNC	$.	_	356	--	_	0	*))
_	16	15	358	2711	2719	Schlicht	schlicht	NN	NN	number=sg|person=3|tense=pres|mood=ind	377	SB	_	0	(TOP(CS(S(CNP(NP*
_	16	15	359	2720	2726	diesen	dieser	PR	PDAT	case=acc|number=sg|gender=masc	360	NK	_	0	(NP*
_	16	15	360	2727	2733	Streit	streit	NN	NN	case=acc|number=sg|gender=masc	377	DA	_	0	*)
_	16	15	361	2734	2737	von	von	PP	APPR	_	360	PG	_	0	(PP*
_	16	15	362	2738	2748	kämpfenden	kämpfend	ADJ	ADJA	case=dat|number=pl|gender=*|degree=pos	363	NK	_	0	*
_	16	15	363	2749	2757	Gefühlen	gefühl	NN	NN	case=dat|number=pl|gender=*	361	NK	_	0	*))
_	16	15	364	2757	2758	,	--	PUNC	$,	_	363	--	_	0	*
_	16	15	365	2759	2766	Bezähme	bezähme	NN	NN	number=sg|person=3|tense=pres|mood=subj	363	CJ	_	0	(NP*
_	16	15	366	2767	2773	dieses	dieser	PR	PDAT	case=nom|number=sg|gender=neut	369	NK	_	0	(NP*
_	16	15	367	2774	2781	siedend	siedend	ADJ	ADJD	degree=pos	368	MO	_	0	(AP*
_	16	15	368	2782	2787	heiße	heiß	ADJ	ADJA	_	369	NK	_	0	*)
_	16	15	369	2788	2792	Blut	blut	NN	NN	degree=pos	365	AG	_	0	*))
_	16	15	370	2792	2793	,	--	PUNC	$,	_	369	--	_	0	*
_	16	15	371	2794	2797	Laß	lassen	NN	NN	case=acc|number=sg|gender=masc	365	CJ	_	0	(NP*
_	16	15	372	2798	2804	meinen	mein	PR	PPOSAT	case=acc|number=sg|gender=masc	373	NK	_	0	(NP*
_	16	15	373	2805	2810	Blick	blick	NN	NN	case=acc|number=sg|gender=masc	371	AG	_	0	*)))
_	16	15	374	2811	2813	in	in	PP	APPR	_	377	MO	_	0	(PP*
_	16	15	375	2814	2820	diesen	dieser	PR	PDAT	case=dat|number=pl|gender=neut	376	NK	_	0	*
_	16	15	376	2821	2827	Reizen	reiz	NN	NN	case=dat|number=pl|gender=neut	374	NK	_	0	*)
_	16	15	377	2828	2834	wühlen	wühlen	V	VVFIN	_	_	_	_	0	*)
_	16	15	378	2834	2835	,	--	PUNC	$,	_	377	--	_	0	*
_	16	15	379	2836	2839	Laß	lassen	NN	NN	number=sg|person=2|mood=imp	390	OA	_	0	(S*
_	16	15	380	2840	2844	mich	mich	PR	PPER	case=acc|number=sg|gender=*|person=1	390	OA	_	0	(VP*
_	16	15	381	2845	2848	der	der	ART	ART	case=gen|number=pl|gender=fem	382	NK	_	0	(NP*
_	16	15	382	2849	2855	Lippen	lippe	NN	NN	case=gen|number=pl|gender=fem	390	SB	_	0	*
_	16	15	383	2856	2867	fieberische	fieberisch	ADJ	ADJA	case=nom|number=sg|gender=fem|degree=pos	413	MO	_	0	(NP*
_	16	15	384	2868	2872	Glut	glut	NN	NN	case=*|number=*|gender=*	382	AG	_	0	*))
_	16	15	385	2873	2875	In	in	PP	APPR	case=*|number=*|gender=*	390	MO	_	0	(PP*
_	16	15	386	2876	2882	dieses	dieser	PR	PDAT	case=gen|number=sg|gender=neut	387	NK	_	0	*
_	16	15	387	2883	2889	Busens	busen	NN	NN	case=gen|number=sg|gender=neut	385	NK	_	0	*
_	16	15	388	2890	2895	regen	regen	PP	APPR	case=gen|number=*|gender=*	390	MO	_	0	(PP*
_	16	15	389	2896	2902	Wellen	welle	NN	NN	case=acc|number=pl|gender=fem	388	NK	_	0	*))
_	16	15	390	2903	2909	kühlen	kühlen	V	VVINF	_	377	CJ	_	0	*))
_	16	15	391	2909	2910	;	--	PUNC	$.	_	390	--	_	0	*
_	16	15	392	2911	2914	Und	und	CONJ	KON	_	390	CD	_	0	*
_	16	15	393	2915	2921	meiner	mein	PR	PPOSAT	case=dat|number=sg|gender=fem	394	NK	_	0	(S(NP(AP(NP*
_	16	15	394	2922	2927	Küsse	kuß	NN	NN	case=dat|number=sg|gender=fem	403	SB	_	0	*)
_	16	15	395	2928	2939	räuberische	räuberisch	ADJ	ADJA	case=acc|number=sg|gender=fem|degree=pos	413	MO	_	0	*)
_	16	15	396	2940	2944	Flut	flut	NN	NN	case=acc|number=sg|gender=fem	413	MO	_	0	*)
_	16	15	397	2945	2949	Soll	sollen	V	VMFIN	number=sg|person=3|tense=pres|mood=ind	413	OC	_	0	*
_	16	15	398	2950	2953	das	der	ART	ART	case=nom|number=sg|gender=neut	399	NK	_	0	(NP(S(NP*
_	16	15	399	2954	2963	Geheimnis	geheimnis	NN	NN	case=nom|number=sg|gender=neut	397	SB	_	0	*)
_	16	15	400	2964	2967	dir	dir	PR	PPER	case=dat|number=sg|gender=*|person=2	403	OA	_	0	*
_	16	15	401	2968	2970	im	in	PP	APPRART	case=dat|number=sg|gender=neut	403	MO	_	0	(PP*
_	16	15	402	2971	2976	Sturm	sturm	NN	NN	case=dat|number=sg|gender=neut	401	NK	_	0	*)
_	16	15	403	2977	2986	entreißen	entreißen	V	VVFIN	_	397	OC	_	0	*
_	16	15	404	2986	2987	,	--	PUNC	$,	_	403	--	_	0	*
_	16	15	405	2988	2993	Welch	welch	NN	NN	case=*|number=*|gender=*	411	PD	_	0	(S(NP*
_	16	15	406	2994	2997	ein	ein	ART	ART	case=acc|number=sg|gender=neut	407	NK	_	0	(NP*
_	16	15	407	2998	3008	Geschlecht	geschlecht	NN	NN	case=acc|number=sg|gender=neut	411	PD	_	0	*))
_	16	15	408	3009	3011	du	du	PR	PPER	case=nom|number=sg|gender=*|person=2	409	SB	_	0	*
_	16	15	409	3012	3020	würdigst	würdigst	V	VVFIN	number=sg|person=2|tense=pres|mood=ind	407	OC	_	0	*
_	16	15	410	3020	3021	,	--	PUNC	$,	_	409	--	_	0	*
_	16	15	411	3022	3026	sein	sein	V	VAINF	_	413	OC	_	0	(VP*))))
_	16	15	412	3027	3029	zu	zu	O	PTKZU	_	413	PM	_	0	(VP(VZ*
_	16	15	413	3030	3036	heißen	heißen	V	VVINF	_	392	CJ	_	0	*)))
_	16	15	414	3036	3037	.	--	PUNC	$.	_	413	--	_	0	*))
