SectionId	ParagraphId	SentenceId	TokenId	Begin	End	Token	Lemma	CPOS	POS	Morphology	DependencyHead	DependencyRelation	NamedEntity	QuoteMarker	SyntaxTree
_	0	0	0	0	3	Der	der	ART	ART	case=nom|number=sg|gender=masc	1	NK	_	0	(TOP(S(NP*
_	0	0	1	4	8	Welt	welt	NN	NN	case=nom|number=sg|gender=masc	2	SB	_	0	*)
_	0	0	2	9	13	Lauf	lauf	V	VVFIN	case=nom|number=sg|gender=masc	_	_	_	0	*
_	0	0	3	13	14	.	--	PUNC	$.	_	2	--	_	0	*))
_	0	1	4	15	19	Eine	ein	ART	ART	case=nom|number=sg|gender=fem	5	NK	_	0	(TOP(NP*
_	0	1	5	20	27	Legende	legende	NN	NN	case=nom|number=sg|gender=fem	_	_	_	0	*
_	0	1	6	28	32	nach	nach	PP	APPR	_	5	MNR	_	0	(PP*
_	0	1	7	33	37	Hans	hans	NP	NE	case=gen|number=sg|gender=*	8	PNC	B-PER	0	(MPN*
_	0	1	8	38	43	Sachs	sachs	NP	NE	case=gen|number=sg|gender=*	6	NK	I-PER	0	*))
_	0	1	9	43	44	.	--	PUNC	$.	_	8	--	_	0	*))
_	0	2	10	45	48	Der	der	ART	ART	case=nom|number=sg|gender=masc	11	NK	_	0	(TOP(CS(S(NP*
_	0	2	11	49	53	Herr	herr	NN	NN	case=nom|number=sg|gender=masc	33	SB	_	0	(CNP*
_	0	2	12	54	57	und	und	CONJ	KON	_	11	CD	_	0	*
_	0	2	13	58	64	Petrus	--	NN	NN	case=nom|number=sg|gender=masc	12	CJ	B-PER	0	*))
_	0	2	14	65	68	oft	oft	ADV	ADV	_	33	MO	_	0	*)
_	0	2	15	68	69	,	--	PUNC	$,	_	14	--	_	0	*
_	0	2	16	70	72	in	in	PP	APPR	_	33	MO	_	0	(S(PP*
_	0	2	17	73	78	ihrer	ihr	PR	PPOSAT	case=dat|number=sg|gender=fem	18	NK	_	0	*
_	0	2	18	79	84	Liebe	liebe	NN	NN	case=dat|number=sg|gender=fem	16	NK	_	0	*)
_	0	2	19	85	90	beide	beide	PR	PIAT	case=nom|number=pl|gender=masc	18	NK	_	0	(NP(AP*)
_	0	2	20	90	91	,	--	PUNC	$,	_	19	--	_	0	*
_	0	2	21	92	102	Begegneten	begegneter	NN	NN	case=nom|number=pl|gender=masc	18	CJ	_	0	(NP*
_	0	2	22	103	105	im	in	PP	APPRART	case=dat|number=sg|gender=*	21	MNR	_	0	(PP*
_	0	2	23	106	113	Streite	streite	NN	NN	case=dat|number=sg|gender=*|degree=pos	22	NK	_	0	*)))
_	0	2	24	114	118	sich	sich	PR	PRF	case=acc|number=pl|person=3	33	DA	_	0	(VP*))
_	0	2	25	118	119	,	--	PUNC	$,	_	24	--	_	0	*
_	0	2	26	120	124	Wenn	wenn	CONJ	KOUS	_	33	CP	_	0	(S*
_	0	2	27	125	128	von	von	PP	APPR	_	32	OP	_	0	(PP*
_	0	2	28	129	132	der	der	ART	ART	case=dat|number=sg|gender=fem	29	NK	_	0	*
_	0	2	29	133	141	Menschen	mensch	NN	NN	case=dat|number=sg|gender=fem|degree=pos	27	NK	_	0	*
_	0	2	30	142	146	Heil	heil	NP	NE	case=dat|number=sg|gender=fem	29	NK	_	0	*)
_	0	2	31	147	150	die	der	ART	ART	case=nom|number=sg|gender=fem	32	NK	_	0	(NP*
_	0	2	32	151	155	Rede	rede	NN	NN	case=nom|number=sg|gender=fem	33	PD	_	0	*)
_	0	2	33	156	159	war	sein	V	VAFIN	number=sg|person=3|tense=past|mood=ind	51	OC	_	0	*)
_	0	2	34	159	160	;	--	PUNC	$.	_	33	--	_	0	*
_	0	2	35	161	164	Und	und	CONJ	KON	_	37	JU	_	0	(S*
_	0	2	36	165	171	dieser	dieser	PR	PDS	case=nom|number=sg|gender=masc	37	SB	_	0	*
_	0	2	37	172	178	nannte	nennen	V	VVFIN	number=sg|person=3|tense=past|mood=ind	33	CJ	_	0	*
_	0	2	38	179	183	zwar	zwar	ADV	ADV	_	37	MO	_	0	*
_	0	2	39	184	187	die	der	ART	ART	case=nom|number=sg|gender=fem	40	NK	_	0	(NP*
_	0	2	40	188	193	Gnade	gnade	NN	NN	case=nom|number=sg|gender=fem	37	MO	_	0	*
_	0	2	41	194	200	Gottes	gott	NN	NN	case=gen|number=sg|gender=masc	40	AG	B-LOC	0	*
_	0	2	42	201	205	groß	groß	ADJ	ADJD	degree=pos	33	PD	_	0	*))
_	0	2	43	205	206	,	--	PUNC	$,	_	42	--	_	0	*
_	0	2	44	207	211	Doch	doch	CONJ	KON	_	45	JU	_	0	*
_	0	2	45	212	216	wär'	wär'	V	VAFIN	_	33	CJ	_	0	(S*
_	0	2	46	217	219	er	er	PR	PPER	case=nom|number=sg|gender=masc|person=3	45	SB	_	0	*
_	0	2	47	220	224	Herr	herr	NN	NN	case=nom|number=sg|gender=masc	45	PD	_	0	(NP*
_	0	2	48	225	228	der	der	ART	ART	case=gen|number=sg|gender=fem	49	NK	_	0	(NP*
_	0	2	49	229	233	Welt	welt	NN	NN	case=gen|number=sg|gender=fem	47	AG	_	0	*)))
_	0	2	50	233	234	,	--	PUNC	$,	_	49	--	_	0	*
_	0	2	51	235	240	meint	meinen	V	VVFIN	number=sg|person=3|tense=pres|mood=ind	_	_	_	0	(S*
_	0	2	52	241	243	er	er	PR	PPER	case=nom|number=sg|gender=masc|person=3	51	SB	_	0	(NP*
_	0	2	53	243	244	,	--	PUNC	$,	_	52	--	_	0	*
_	0	2	54	245	250	Würd'	würd'	PR	PWS	number=sg|person=3|tense=pres|mood=ind	59	OA	_	0	(S(NP*)
_	0	2	55	251	253	er	er	PR	PPER	case=nom|number=sg|gender=masc|person=3	59	SB	_	0	(NP*)))
_	0	2	56	254	258	sich	sich	PR	PRF	case=acc|number=sg|person=3	59	OA	_	0	*
_	0	2	57	259	264	ihrer	ihr	PR	PPER	case=gen|number=pl|gender=*|person=3	59	DA	_	0	(NP*
_	0	2	58	265	269	mehr	mehr	PR	PIS	case=*|number=*|gender=*	59	OA	_	0	*)
_	0	2	59	270	278	erbarmen	erbarmen	V	VVINF	_	51	OC	_	0	*)
_	0	2	60	278	279	.	--	PUNC	$.	_	59	--	_	0	*))
_	0	3	61	280	282	Da	da	ADV	ADV	_	62	MO	_	0	(TOP(NUR(S*
_	0	3	62	283	287	trat	treten	V	VVFIN	number=sg|person=3|tense=past|mood=ind	_	_	_	0	*
_	0	3	63	288	290	zu	zu	PP	APPR	_	62	MO	_	0	(PP*
_	0	3	64	291	296	einer	ein	ART	ART	case=dat|number=sg|gender=fem	65	NK	_	0	*
_	0	3	65	297	301	Zeit	zeit	NN	NN	case=dat|number=sg|gender=fem	63	NK	_	0	*)
_	0	3	66	301	302	,	--	PUNC	$,	_	65	--	_	0	*
_	0	3	67	303	306	als	als	CONJ	KOKOM	_	69	CM	_	0	(VP(AVP*
_	0	3	68	307	313	längst	längst	ADV	ADV	_	69	MO	_	0	(AVP*
_	0	3	69	314	316	in	in	PP	APPR	_	62	MO	_	0	(CS(S(VP(PP*
_	0	3	70	317	323	beider	beide	PR	PIAT	_	71	NK	_	0	*
_	0	3	71	324	330	Herzen	herz	NN	NN	case=dat|number=sg|gender=neut	69	NK	_	0	*)
_	0	3	72	331	334	Der	der	ART	ART	case=nom|number=sg|gender=masc	73	NK	_	0	(NP*
_	0	3	73	335	341	Streit	streit	NN	NN	case=nom|number=sg|gender=masc	62	SB	_	0	*)
_	0	3	74	342	351	vergessen	vergessen	V	VVPP	_	75	MO	_	0	*)
_	0	3	75	352	358	schien	scheinen	V	VVFIN	number=sg|person=3|tense=past|mood=ind	73	OC	_	0	*)
_	0	3	76	359	362	und	und	CONJ	KON	_	75	CD	_	0	*
_	0	3	77	363	367	just	just	V	VVFIN	number=sg|person=2|tense=pres|mood=ind	76	CJ	_	0	(S*
_	0	3	78	367	368	,	--	PUNC	$,	_	77	--	_	0	*
_	0	3	79	369	371	Um	um	CONJ	KOUI	_	82	OP	_	0	(S(CS(S(PP*
_	0	3	80	372	379	welcher	welcher	PR	PWAT	case=acc|number=sg|gender=neut	81	NK	_	0	*
_	0	3	81	380	386	Ursach	ursach	NN	NN	case=acc|number=sg|gender=neut	79	NK	_	0	*)
_	0	3	82	387	391	weiß	weißn	V	VVFIN	number=sg|person=1|tense=pres|mood=ind	77	OC	_	0	*
_	0	3	83	392	395	ich	ich	PR	PPER	case=nom|number=sg|gender=*|person=1	82	SB	_	0	*
_	0	3	84	396	401	nicht	nicht	O	PTKNEG	_	82	NG	_	0	*)
_	0	3	85	401	402	,	--	PUNC	$,	_	84	--	_	0	*
_	0	3	86	403	406	Der	der	ART	ART	case=nom|number=sg|gender=masc	87	NK	_	0	(S(NP*
_	0	3	87	407	413	Himmel	himmel	NN	NN	case=nom|number=sg|gender=masc	92	DA	_	0	*)
_	0	3	88	414	418	oben	oben	ADV	ADV	_	92	MO	_	0	(AVP*
_	0	3	89	419	423	auch	auch	ADV	ADV	_	92	MO	_	0	*)
_	0	3	90	424	428	voll	voll	PP	APPR	degree=pos	92	MO	_	0	(PP*
_	0	3	91	429	435	Wolken	wolke	NN	NN	case=acc|number=pl|gender=fem	90	NK	_	0	*)
_	0	3	92	436	440	hing	hängen	V	VVFIN	_	82	OC	_	0	*)
_	0	3	93	440	441	,	--	PUNC	$,	_	92	--	_	0	*
_	0	3	94	442	445	Der	der	ART	ART	case=nom|number=sg|gender=masc	95	NK	_	0	(S(NP*
_	0	3	95	446	453	Sanktus	sanktus	NP	NE	case=nom|number=sg|gender=masc	96	SB	_	0	*)
_	0	3	96	454	465	mißgestimmt	mißgestimmen	V	VVFIN	number=sg|person=3|tense=pres|mood=ind	62	CJ	_	0	*
_	0	3	97	466	469	den	der	ART	ART	case=acc|number=sg|gender=masc	98	NK	_	0	(NP*
_	0	3	98	470	477	Heiland	heiland	NN	NN	case=acc|number=sg|gender=masc	96	OA	_	0	*)
_	0	3	99	478	480	an	an	V	PTKVZ	_	96	SVP	_	0	*)
_	0	3	100	481	484	und	und	CONJ	KON	_	96	CD	_	0	*
_	0	3	101	485	491	sprach	sprechen	V	VVFIN	number=sg|person=3|tense=past|mood=ind	100	CJ	_	0	(S*
_	0	3	102	491	492	:	--	PUNC	$.	_	101	--	_	0	*
_	0	3	103	493	494	»	»	ADJ	ADJA	case=nom|number=sg|gender=masc	104	NK	_	0	(NP*
_	0	3	104	494	498	Herr	herr	NN	NN	case=nom|number=sg|gender=masc	101	MO	_	1	*
_	0	3	105	498	499	,	--	PUNC	$,	_	104	--	_	1	*
_	0	3	106	500	503	laß	lassen	V	VVIMP	number=sg|person=3|tense=past|mood=ind	_	_	_	1	(S*
_	0	3	107	504	507	auf	auf	PP	APPR	_	106	MO	_	1	(PP*
_	0	3	108	508	512	eine	ein	ART	ART	case=acc|number=sg|gender=fem	109	NK	_	1	*
_	0	3	109	513	521	Handvoll	handvoll	NN	NN	case=acc|number=sg|gender=fem	107	NK	_	1	*
_	0	3	110	522	526	Zeit	zeit	NN	NN	case=acc|number=sg|gender=fem	109	NK	_	1	(NP*
_	0	3	111	527	531	Mich	mich	NP	NE	case=acc|number=sg|gender=*|person=1	117	OA	_	1	*))))
_	0	3	112	532	535	aus	aus	PP	APPR	_	117	MO	_	1	(VP(PP*
_	0	3	113	536	539	dem	der	ART	ART	case=dat|number=sg|gender=masc	114	NK	_	1	*
_	0	3	114	540	551	Himmelreich	himmelreich	NN	NN	case=dat|number=sg|gender=masc	112	NK	_	1	*)
_	0	3	115	552	555	auf	auf	PP	APPR	_	114	MNR	_	1	(PP*
_	0	3	116	556	561	Erden	erde	NN	NN	case=acc|number=sg|gender=*	115	NK	_	1	*)
_	0	3	117	562	574	niederfahren	niederfahren	V	VVPP	_	109	RC	_	1	*
_	0	3	118	574	575	,	--	PUNC	$,	_	117	--	_	1	*
_	0	3	119	576	579	Daß	daß	CONJ	KOUS	_	135	CP	_	1	(S*
_	0	3	120	580	583	ich	ich	PR	PPER	case=nom|number=sg|gender=*|person=1	135	SB	_	1	*
_	0	3	121	584	587	des	der	ART	ART	case=gen|number=sg|gender=neut	122	NK	_	1	(NP*
_	0	3	122	588	594	Unmuts	unmut	NN	NN	case=gen|number=sg|gender=neut	135	MO	_	1	*)
_	0	3	123	594	595	,	--	PUNC	$,	_	122	--	_	1	*
_	0	3	124	596	599	der	der	PR	PRELS	case=nom|number=sg|gender=masc	126	SB	_	1	(NP*)
_	0	3	125	600	604	mich	mich	PR	PPER	case=acc|number=sg|gender=*|person=1	126	OA	_	1	*
_	0	3	126	605	610	griff	greifen	V	VVFIN	number=sg|person=3|tense=past|mood=ind	122	RC	_	1	*
_	0	3	127	610	611	,	--	PUNC	$,	_	126	--	_	1	*
_	0	3	128	612	618	Vergeh	vergeh	NN	NN	case=nom|number=sg|gender=*	122	CJ	_	1	(CVP(VP(NP*))
_	0	3	129	619	622	und	und	CONJ	KON	_	128	CD	_	1	*
_	0	3	130	623	627	mich	mich	PR	PPER	case=acc|number=sg|gender=*|person=1	129	CJ	_	1	(VP(NP*)
_	0	3	131	628	634	einmal	einmal	ADV	ADV	_	130	MO	_	1	*))))
_	0	3	132	634	635	,	--	PUNC	$,	_	131	--	_	1	*
_	0	3	133	636	639	von	von	PP	APPR	_	135	MO	_	1	(PP*
_	0	3	134	640	646	Sorgen	sorge	NN	NN	case=nom|number=pl|gender=fem	133	NK	_	1	*)
_	0	3	135	647	651	frei	frei	V	PTKVZ	degree=pos	106	SVP	_	1	*))
_	0	3	136	651	652	,	--	PUNC	$,	_	135	--	_	1	*
_	0	3	137	653	660	ergötze	ergötzen	V	VVFIN	number=sg|person=3|tense=pres|mood=subj	106	CJ	_	1	*
_	0	3	138	660	661	,	--	PUNC	$,	_	137	--	_	1	*
_	0	3	139	662	666	Weil	weil	CONJ	KOUS	_	145	CP	_	1	(S*
_	0	3	140	667	669	es	es	PR	PPER	case=nom|number=sg|gender=neut|person=3	145	SB	_	1	*
_	0	3	141	670	675	jetzt	jetzt	ADV	ADV	_	145	MO	_	1	(AP*
_	0	3	142	676	681	grad'	grad'	ADJ	ADJD	degree=pos	145	PD	_	1	*
_	0	3	143	682	685	vor	vor	PP	APPR	_	142	MO	_	1	(PP*
_	0	3	144	686	695	Fastnacht	fastnacht	NN	NN	degree=pos	143	NK	_	1	*))
_	0	3	145	696	699	ist	sein	V	VAFIN	number=sg|person=3|tense=pres|mood=ind	137	MO	_	1	*)))))
_	0	3	146	699	700	.	--	PUNC	$.	_	145	--	_	1	*)))
_	0	3	147	700	701	«	«	O	XY	_	_	_	_	0	*))
_	0	4	148	702	705	Der	der	ART	ART	case=nom|number=sg|gender=masc	149	NK	_	0	(TOP(NUR(S(S(NP*
_	0	4	149	706	710	Herr	herr	NN	NN	case=nom|number=sg|gender=masc	165	SB	_	0	*
_	0	4	150	710	711	,	--	PUNC	$,	_	149	--	_	0	*
_	0	4	151	712	715	des	der	ART	ART	case=gen|number=sg|gender=masc	152	NK	_	0	(CS(S(NP*
_	0	4	152	716	723	Streits	streit	NN	NN	case=gen|number=sg|gender=masc	149	CJ	_	0	*)
_	0	4	153	724	728	noch	noch	ADV	ADV	_	154	MO	_	0	(VP*
_	0	4	154	729	735	sinnig	sinnig	ADJ	ADJD	degree=pos	155	MO	_	0	*
_	0	4	155	736	745	eingedenk	eingedenk	V	VVPP	_	152	OC	_	0	*))
_	0	4	156	745	746	,	--	PUNC	$,	_	155	--	_	0	*
_	0	4	157	747	754	Spricht	spricht	NN	NN	case=nom|number=sg|gender=neut	152	UC	_	0	(S*
_	0	4	158	754	755	:	--	PUNC	$.	_	157	--	_	0	*
_	0	4	159	756	757	»	»	ADJ	ADJA	_	160	NK	_	0	(NP*
_	0	4	160	757	760	Gut	gut	NN	NN	degree=pos	152	PAR	_	1	*))))
_	0	4	161	760	761	;	--	PUNC	$.	_	160	--	_	1	*
_	0	4	162	762	766	acht	acht	CARD	CARD	_	163	NK	_	1	(NP*
_	0	4	163	767	770	Tag	tag	NN	NN	case=acc|number=sg|gender=masc	160	PD	_	1	*))
_	0	4	164	770	771	'	--	PUNC	$(	_	163	--	_	1	*
_	0	4	165	772	775	geb	geb	V	VVFIN	_	_	_	_	1	*
_	0	4	166	776	779	ich	ich	PR	PPER	case=nom|number=sg|gender=*|person=1	165	SB	_	1	*
_	0	4	167	780	783	dir	dir	PR	PPER	case=dat|number=sg|gender=*|person=2	165	DA	_	1	(NP*)
_	0	4	168	784	788	Zeit	zeit	NN	NN	case=acc|number=sg|gender=fem	165	MO	_	1	(NP*
_	0	4	169	788	789	,	--	PUNC	$,	_	168	--	_	1	*
_	0	4	170	790	793	Der	der	ART	ART	case=nom|number=sg|gender=masc	171	NK	_	1	(S(NP*
_	0	4	171	794	799	Feier	feier	NN	NN	case=nom|number=sg|gender=masc	168	CJ	_	1	*
_	0	4	172	799	800	,	--	PUNC	$,	_	171	--	_	1	*
_	0	4	173	801	804	die	der	PR	PRELS	case=nom|number=pl|gender=masc	176	SB	_	1	(S*
_	0	4	174	805	808	mir	sich	PR	PPER	case=dat|number=sg|gender=*|person=1	176	DA	_	1	*
_	0	4	175	809	813	dort	dort	ADV	ADV	_	176	MO	_	1	*
_	0	4	176	814	821	beginnt	beginnen	V	VVFIN	number=sg|person=3|tense=pres|mood=ind	171	RC	_	1	*
_	0	4	177	821	822	,	--	PUNC	$,	_	176	--	_	1	*
_	0	4	178	823	827	dich	dich	PR	PPER	case=acc|number=sg|gender=*|person=2	179	OA	_	1	(VP*
_	0	4	179	828	840	beizumischen	beimischen	V	VVIZU	_	176	OC	_	1	*)))
_	0	4	180	840	841	;	--	PUNC	$.	_	179	--	_	1	*
_	0	4	181	842	848	Jedoch	jedoch	ADV	ADV	_	185	MO	_	1	(NP*
_	0	4	182	849	855	sobald	sobald	ADV	ADV	_	185	MO	_	1	*
_	0	4	183	856	859	das	der	ART	ART	case=nom|number=sg|gender=neut	184	NK	_	1	*
_	0	4	184	860	864	Fest	fest	NN	NN	case=nom|number=sg|gender=neut	185	NK	_	1	*)))
_	0	4	185	865	871	vorbei	vorbei	V	PTKVZ	_	171	PAR	_	1	*
_	0	4	186	871	872	,	--	PUNC	$,	_	185	--	_	1	*
_	0	4	187	873	879	Kommst	kommst	NN	NN	number=sg|person=2|tense=pres|mood=ind	171	CJ	_	1	(NP*)
_	0	4	188	880	882	du	du	PR	PPER	case=nom|number=sg|gender=*|person=2	187	VO	_	1	(NP*)
_	0	4	189	883	886	mir	sich	PR	PPER	case=dat|number=sg|gender=*|person=1	187	DA	_	1	(NP*)
_	0	4	190	887	889	zu	zu	PP	APPR	_	187	MO	_	1	(PP*
_	0	4	191	890	899	gesetzter	gesetzt	ADJ	ADJA	_	192	NK	_	1	*
_	0	4	192	900	906	Stunde	stunde	NN	NN	case=dat|number=sg|gender=fem	190	NK	_	1	*)
_	0	4	193	907	913	wieder	wieder	ADV	ADV	_	187	MO	_	1	*
_	0	4	194	913	914	.	--	PUNC	$.	_	193	--	_	1	*)
_	0	4	195	914	915	«	«	O	XY	_	_	_	_	0	*))
_	0	5	196	916	920	Acht	acht	CARD	CARD	_	198	NK	_	0	(TOP(NP*
_	0	5	197	921	926	volle	voll	ADJ	ADJA	_	198	NK	_	0	*
_	0	5	198	927	931	Tage	tag	NN	NN	number=sg|person=1|tense=pres|mood=ind	210	SB	_	0	*
_	0	5	199	932	936	doch	doch	ADV	ADV	_	210	MO	_	0	*
_	0	5	200	936	937	,	--	PUNC	$,	_	199	--	_	0	*
_	0	5	201	938	942	zwei	zwei	CARD	CARD	_	202	NK	_	0	(CS(S(NP*
_	0	5	202	943	949	Wochen	woche	NN	NN	case=dat|number=pl|gender=fem	199	NK	_	0	*)
_	0	5	203	950	955	schon	schon	ADV	ADV	_	210	MO	_	0	*)
_	0	5	204	956	959	und	und	CONJ	KON	_	203	CD	_	0	*
_	0	5	205	960	964	mehr	mehr	ADV	ADV	case=*|number=*|gender=*	204	CJ	_	0	(S*
_	0	5	206	964	965	,	--	PUNC	$,	_	205	--	_	0	*
_	0	5	207	966	969	Ein	ein	ART	ART	case=nom|number=sg|gender=masc	209	NK	_	0	(NP*
_	0	5	208	970	981	abgezählter	abgezählt	ADJ	ADJA	case=nom|number=sg|gender=masc|degree=pos	209	NK	_	0	*
_	0	5	209	982	986	Mond	mond	NN	NN	case=nom|number=sg|gender=masc	210	SB	_	0	*)
_	0	5	210	987	994	vergeht	vergehen	V	VVFIN	number=sg|person=3|tense=pres|mood=ind	_	_	_	0	*
_	0	5	211	994	995	,	--	PUNC	$,	_	210	--	_	0	*
_	0	5	212	996	1001	Bevor	bevor	CONJ	KOUS	case=nom|number=sg|gender=masc	217	CP	_	0	(S*
_	0	5	213	1002	1005	der	der	ART	ART	case=nom|number=sg|gender=masc	214	NK	_	0	(VP(NP*
_	0	5	214	1006	1011	Sankt	sankt	NN	NN	case=*|number=*|gender=*	217	DA	_	0	*)
_	0	5	215	1012	1015	zum	zu	PP	APPRART	case=dat|number=sg|gender=masc	217	MO	_	0	(PP*
_	0	5	216	1016	1022	Himmel	himmel	NN	NN	case=nom|number=sg|gender=masc	215	NK	_	0	*)
_	0	5	217	1023	1034	wiederkehrt	wiederkehren	V	VVPP	degree=pos	210	MO	_	0	*))))
_	0	5	218	1034	1035	.	--	PUNC	$.	_	217	--	_	0	*))
_	0	6	219	1036	1037	»	»	O	XY	_	220	PNC	_	0	(TOP(NUR*
_	0	6	220	1037	1039	Ei	ei	NN	NN	_	225	SB	_	1	(S(CNP*
_	0	6	221	1039	1040	,	--	PUNC	$,	_	220	--	_	1	*
_	0	6	222	1041	1046	Petre	petre	NN	NN	_	220	CJ	B-PER	1	*
_	0	6	223	1046	1047	,	--	PUNC	$,	_	222	--	_	1	*
_	0	6	224	1047	1048	«	«	NN	NN	_	222	CJ	_	0	*)
_	0	6	225	1049	1056	spricht	sprechen	V	VVFIN	number=sg|person=3|tense=pres|mood=ind	_	_	_	0	*
_	0	6	226	1057	1060	der	der	ART	ART	case=nom|number=sg|gender=masc	227	NK	_	0	(NP*
_	0	6	227	1061	1065	Herr	herr	NN	NN	case=nom|number=sg|gender=masc	225	SB	_	0	*)
_	0	6	228	1065	1066	,	--	PUNC	$,	_	227	--	_	0	*
_	0	6	229	1067	1068	»	»	PUNC	$.	_	219	--	_	0	*)
_	0	6	230	1068	1070	wo	wo	PR	PWAV	_	231	MO	_	1	(S*
_	0	6	231	1071	1079	weiltest	weilteen	V	VVFIN	number=sg|person=2|tense=pres|mood=ind	225	CJ	_	1	*
_	0	6	232	1080	1082	du	du	PR	PPER	case=nom|number=sg|gender=*|person=2	231	SB	_	1	*
_	0	6	233	1083	1085	so	so	ADV	ADV	_	234	MO	_	1	*
_	0	6	234	1086	1091	lange	lange	ADV	ADV	_	231	MO	_	1	*)
_	0	6	235	1091	1092	?	--	PUNC	$.	_	234	--	_	1	*))
_	0	7	236	1093	1101	Gefiel's	gefiel	ADV	ADV	_	243	MO	_	1	(TOP(NUR(S(AVP*
_	0	7	237	1102	1106	auch	auch	ADV	ADV	_	238	MO	_	1	*)
_	0	7	238	1107	1113	nieden	nieden	V	VVFIN	number=pl|person=1|tense=past|mood=ind	243	NK	_	1	*
_	0	7	239	1114	1117	dir	dir	PR	PPER	case=dat|number=sg|gender=*|person=2	238	SB	_	1	*
_	0	7	240	1118	1120	so	so	ADV	ADV	_	241	MO	_	1	(VP(AVP*
_	0	7	241	1121	1125	wohl	wohl	ADV	ADV	_	238	MO	_	1	*
_	0	7	242	1125	1126	?	--	PUNC	$.	_	241	--	_	1	*)))
_	0	7	243	1126	1127	«	«	O	XY	_	_	_	_	0	*))
_	0	8	244	1128	1131	Der	der	ART	ART	case=nom|number=sg|gender=masc	245	NK	_	0	(TOP(S(NP*
_	0	8	245	1132	1139	Sanktus	sanktus	NP	NE	case=nom|number=sg|gender=masc	252	SB	_	0	*
_	0	8	246	1139	1140	,	--	PUNC	$,	_	245	--	_	0	*
_	0	8	247	1141	1144	mit	mit	PP	APPR	_	252	OP	_	0	(S(PP*
_	0	8	248	1145	1149	noch	noch	ADV	ADV	_	249	MO	_	0	*)
_	0	8	249	1150	1158	schwerem	schwer	ADJ	ADJA	case=dat|number=sg|gender=masc	250	NK	_	0	(NP*
_	0	8	250	1159	1164	Kopfe	kopfe	NN	NN	case=dat|number=sg|gender=masc	247	NK	_	0	*)
_	0	8	251	1164	1165	,	--	PUNC	$,	_	250	--	_	0	*
_	0	8	252	1166	1173	spricht	sprechen	V	VVFIN	number=sg|person=3|tense=pres|mood=ind	_	_	_	0	*))
_	0	8	253	1173	1174	:	--	PUNC	$.	_	252	--	_	0	*
_	0	8	254	1175	1176	»	»	O	XY	_	257	CD	_	0	*
_	0	8	255	1176	1179	Ach	ach	O	ITJ	_	254	NK	_	1	(S*
_	0	8	256	1179	1180	,	--	PUNC	$,	_	255	--	_	1	*
_	0	8	257	1181	1185	Herr	herr	NN	NN	case=nom|number=sg|gender=masc	252	MO	_	1	(NP*))
_	0	8	258	1185	1186	!	--	PUNC	$.	_	257	--	_	1	*))
_	0	9	259	1187	1190	Das	der	PR	PDS	case=nom|number=sg|gender=neut	260	SB	_	1	(TOP(CS(S*
_	0	9	260	1191	1194	war	sein	V	VAFIN	number=sg|person=3|tense=past|mood=ind	_	_	_	1	*
_	0	9	261	1195	1198	ein	ein	ART	ART	case=nom|number=sg|gender=neut	262	NK	_	1	(NP*
_	0	9	262	1199	1204	Jubel	jubel	NN	NN	case=nom|number=sg|gender=neut	260	PD	_	1	*
_	0	9	263	1205	1210	unten	unten	ADV	ADV	_	262	MNR	_	1	(MPN*
_	0	9	264	1211	1212	–	–	PUNC	$.	_	263	--	_	1	*)))
_	0	9	265	1212	1213	!	--	PUNC	$.	_	264	--	_	1	*
_	0	9	266	1214	1217	Der	der	ART	ART	case=nom|number=sg|gender=masc	267	NK	_	1	(S(NP*
_	0	9	267	1218	1224	Himmel	himmel	NN	NN	case=nom|number=sg|gender=masc	269	SB	_	1	*
_	0	9	268	1225	1231	selbst	selbst	ADV	ADV	_	267	MNR	_	1	*)
_	0	9	269	1232	1241	beseliget	beseligen	V	VVFIN	number=sg|person=3|tense=pres|mood=ind	260	CJ	_	1	*
_	0	9	270	1242	1247	nicht	nicht	O	PTKNEG	_	269	NG	_	1	(AP*
_	0	9	271	1248	1254	besser	gut	ADJ	ADJD	degree=comp	269	MO	_	1	*))
_	0	9	272	1254	1255	.	--	PUNC	$.	_	271	--	_	1	*))
_	0	10	273	1256	1259	Die	der	ART	ART	case=nom|number=sg|gender=fem	274	NK	_	1	(TOP(S(NP*
_	0	10	274	1260	1265	Ernte	ernte	NN	NN	case=nom|number=sg|gender=fem	_	_	_	1	*)
_	0	10	275	1265	1266	,	--	PUNC	$,	_	274	--	_	1	*
_	0	10	276	1267	1272	reich	reich	ADJ	ADJD	degree=pos	274	PAR	_	1	(S*
_	0	10	277	1272	1273	,	--	PUNC	$,	_	276	--	_	1	*
_	0	10	278	1274	1276	du	du	PR	PPER	case=nom|number=sg|gender=*|person=2	279	SB	_	1	(S*
_	0	10	279	1277	1282	weißt	weißen	V	VVFIN	number=sg|person=2|tense=pres|mood=ind	276	CJ	_	1	*
_	0	10	280	1282	1283	,	--	PUNC	$,	_	279	--	_	1	*
_	0	10	281	1284	1287	wie	wie	CONJ	KOKOM	_	284	CM	_	1	(VP(VP*
_	0	10	282	1288	1293	keine	kein	PR	PIAT	case=nom|number=sg|gender=fem	287	NK	_	1	(CVP(VP(NP(AP*))
_	0	10	283	1294	1296	je	je	ADV	ADV	_	284	MO	_	1	*)))
_	0	10	284	1297	1304	gewesen	sein	V	VAPP	_	279	OC	_	1	*)
_	0	10	285	1304	1305	,	--	PUNC	$,	_	284	--	_	1	*
_	0	10	286	1306	1309	Gab	geben	NP	NE	_	276	CJ	_	1	*
_	0	10	287	1310	1315	alles	alle	PR	PIS	case=nom|number=sg|gender=neut	286	PNC	_	1	(NP*
_	0	10	288	1315	1316	,	--	PUNC	$,	_	287	--	_	1	*
_	0	10	289	1317	1320	was	was	PR	PRELS	case=nom|number=sg|gender=neut	293	OA	_	1	(S*
_	0	10	290	1321	1324	das	der	ART	ART	case=nom|number=sg|gender=neut	291	NK	_	1	(NP*
_	0	10	291	1325	1329	Herz	herz	NN	NN	case=nom|number=sg|gender=neut	293	DA	_	1	*)
_	0	10	292	1330	1333	nur	nur	ADV	ADV	_	293	MO	_	1	*
_	0	10	293	1334	1341	wünscht	wünschen	V	VVFIN	number=sg|person=3|tense=pres|mood=ind	287	RC	_	1	*))
_	0	10	294	1341	1342	,	--	PUNC	$,	_	293	--	_	1	*
_	0	10	295	1343	1351	Getreide	getreide	NN	NN	case=nom|number=sg|gender=neut	286	CJ	_	1	(CS(S(NP*)
_	0	10	296	1351	1352	,	--	PUNC	$,	_	295	--	_	1	*
_	0	10	297	1353	1357	weiß	weiß	ADJ	ADJD	number=sg|person=3|tense=pres|mood=ind	295	CJ	_	1	(CAP*
_	0	10	298	1358	1361	und	und	CONJ	KON	_	297	CD	_	1	*
_	0	10	299	1362	1365	süß	süß	ADJ	ADJD	degree=pos	298	CJ	_	1	*))
_	0	10	300	1365	1366	,	--	PUNC	$,	_	299	--	_	1	*
_	0	10	301	1367	1371	Most	most	NN	NN	_	295	CJ	_	1	(S*))))
_	0	10	302	1371	1372	,	--	PUNC	$,	_	301	--	_	1	*
_	0	10	303	1373	1376	sag	sag	V	VMFIN	_	301	CJ	_	1	*
_	0	10	304	1376	1377	'	--	PUNC	$(	_	303	--	_	1	(PP*
_	0	10	305	1378	1381	ich	ich	PR	PPER	case=nom|number=sg|gender=*|person=1	303	SB	_	1	*)
_	0	10	306	1382	1385	dir	dir	PR	PPER	case=dat|number=sg|gender=*|person=2	303	OC	_	1	(NP*)
_	0	10	307	1385	1386	,	--	PUNC	$,	_	306	--	_	1	*
_	0	10	308	1387	1390	wie	wie	CONJ	KOKOM	_	309	CM	_	1	(AP(NP*
_	0	10	309	1391	1396	Honig	honig	NN	NN	degree=pos	301	CC	_	1	(CNP*
_	0	10	310	1396	1397	,	--	PUNC	$,	_	309	--	_	1	*
_	0	10	311	1398	1405	Fleisch	fleisch	NN	NN	degree=pos	309	CJ	_	1	*))
_	0	10	312	1406	1410	fett	fett	ADJ	ADJD	degree=pos	276	MO	_	1	*
_	0	10	313	1410	1411	,	--	PUNC	$,	_	312	--	_	1	*
_	0	10	314	1412	1415	dem	der	ART	ART	case=dat|number=sg|gender=masc	315	NK	_	1	(NP*
_	0	10	315	1416	1421	Speck	speck	NN	NN	case=dat|number=sg|gender=masc	316	DA	_	1	*
_	0	10	316	1422	1428	gleich	gleich	ADV	ADV	_	312	MO	_	1	*
_	0	10	317	1428	1429	,	--	PUNC	$,	_	316	--	_	1	*
_	0	10	318	1430	1433	von	von	PP	APPR	_	312	SBP	_	1	(S(PP*
_	0	10	319	1434	1437	der	der	ART	ART	case=dat|number=sg|gender=fem	320	NK	_	1	*
_	0	10	320	1438	1443	Brust	brust	NN	NN	case=dat|number=sg|gender=fem	318	NK	_	1	*
_	0	10	321	1444	1447	des	der	ART	ART	case=gen|number=sg|gender=masc	322	NK	_	1	(NP*
_	0	10	322	1448	1454	Rindes	rind	NN	NN	case=gen|number=sg|gender=masc	320	AG	_	1	*)
_	0	10	323	1454	1455	;	--	PUNC	$.	_	322	--	_	1	*
_	0	10	324	1456	1460	Kurz	kurz	ADJ	ADJD	degree=pos	318	AC	_	1	(CO(AP*)
_	0	10	325	1460	1461	,	--	PUNC	$,	_	324	--	_	1	*
_	0	10	326	1462	1465	von	von	PP	APPR	_	318	CJ	_	1	(PP*
_	0	10	327	1466	1469	der	der	ART	ART	case=dat|number=sg|gender=fem	328	NK	_	1	*
_	0	10	328	1470	1474	Erde	erde	NN	NN	case=dat|number=sg|gender=fem	326	NK	_	1	*)))
_	0	10	329	1475	1484	jeglichem	jeglich	PR	PIAT	case=dat|number=sg|gender=neut|degree=pos	330	NK	_	1	(NP*
_	0	10	330	1485	1494	Erzeugnis	erzeugnis	NN	NN	case=dat|number=sg|gender=neut	328	AG	_	1	*
_	0	10	331	1495	1498	Zum	zu	PP	APPRART	case=dat|number=sg|gender=neut	330	MNR	_	1	(PP*
_	0	10	332	1499	1506	Brechen	brechen	NN	NN	case=dat|number=sg|gender=neut	331	NK	_	1	*
_	0	10	333	1507	1511	alle	aller	PR	PIAT	case=acc|number=pl|gender=*	334	NK	_	1	(NP*
_	0	10	334	1512	1518	Tafeln	tafel	NN	NN	degree=pos	332	AG	_	1	*)))
_	0	10	335	1519	1523	voll	voll	ADJ	ADJD	_	326	PD	_	1	*)))
_	0	10	336	1523	1524	.	--	PUNC	$.	_	335	--	_	1	*))
_	0	11	337	1525	1527	Da	da	ADV	ADV	_	338	MO	_	1	(TOP(NUR(S(NP(AVP*
_	0	11	338	1528	1532	ließ	lassen	V	VVFIN	number=sg|person=3|tense=past|mood=ind	_	_	_	1	(CS(S*
_	0	11	339	1533	1538	ich's	ich's	PR	PPER	_	338	SB	_	1	*
_	0	11	340	1539	1545	schier	schier	ADJ	ADJD	degree=pos	338	MO	_	1	*
_	0	11	341	1546	1548	zu	zu	V	PTKVZ	_	338	SVP	_	1	*)))
_	0	11	342	1549	1553	wohl	wohl	ADV	ADV	_	343	MO	_	1	*
_	0	11	343	1554	1557	mir	sich	PR	PPER	case=dat|number=sg|gender=*|person=1	346	DA	_	1	(AP*
_	0	11	344	1558	1562	sein	sein	PR	PPOSAT	_	345	NK	_	1	*)
_	0	11	345	1563	1566	Und	und	NN	NN	_	346	SB	_	1	*)
_	0	11	346	1567	1572	hätte	haben	V	VAFIN	number=sg|person=3|tense=past|mood=subj	338	OC	_	1	*
_	0	11	347	1573	1577	bald	bald	ADV	ADV	_	351	MO	_	1	(VP*
_	0	11	348	1578	1581	des	der	ART	ART	case=gen|number=sg|gender=masc	349	NK	_	1	(NP*
_	0	11	349	1582	1589	Himmels	himmel	NN	NN	case=gen|number=sg|gender=masc	351	OA	_	1	*)
_	0	11	350	1590	1593	gar	gar	ADV	ADV	_	351	MO	_	1	*
_	0	11	351	1594	1603	vergessen	vergessen	V	VVPP	_	346	OC	_	1	*)
_	0	11	352	1603	1604	.	--	PUNC	$.	_	351	--	_	1	*)
_	0	11	353	1604	1605	«	«	O	XY	_	_	_	_	0	*))
_	0	12	354	1606	1609	Der	der	ART	ART	case=nom|number=sg|gender=masc	355	NK	_	0	(TOP(S(NP*
_	0	12	355	1610	1614	Herr	herr	NN	NN	case=nom|number=sg|gender=masc	356	SB	_	0	*)
_	0	12	356	1615	1623	erwidert	erwidern	V	VVFIN	number=sg|person=3|tense=pres|mood=ind	_	_	_	0	*
_	0	12	357	1623	1624	:	--	PUNC	$.	_	356	--	_	0	*
_	0	12	358	1625	1626	»	»	PR	PPER	_	356	PH	_	0	(S(NP*)
_	0	12	359	1626	1629	Gut	gut	ADJ	ADJD	degree=pos	356	MO	_	1	*)
_	0	12	360	1629	1630	!	--	PUNC	$.	_	359	--	_	1	*))
_	0	13	361	1631	1635	Doch	doch	CONJ	KON	_	378	JU	_	1	(TOP(S*
_	0	13	362	1635	1636	,	--	PUNC	$,	_	361	--	_	1	*
_	0	13	363	1637	1642	Petre	petre	V	VVFIN	case=nom|number=sg|gender=neut	361	CJ	B-PER	1	*
_	0	13	364	1642	1643	,	--	PUNC	$,	_	363	--	_	1	*
_	0	13	365	1644	1647	sag	sag	V	VVFIN	_	363	CJ	_	1	(CS(S*
_	0	13	366	1647	1648	'	--	PUNC	$(	_	365	--	_	1	*
_	0	13	367	1649	1652	mir	sich	PR	PPER	case=dat|number=sg|gender=*|person=1	365	DA	_	1	*
_	0	13	368	1653	1655	an	an	V	PTKVZ	_	365	SVP	_	1	*
_	0	13	369	1655	1656	,	--	PUNC	$,	_	368	--	_	1	*
_	0	13	370	1657	1660	Bei	bei	PP	APPR	_	378	MO	_	1	(PP*
_	0	13	371	1661	1667	soviel	soviel	PR	PIAT	case=*|number=*|gender=*	372	NK	_	1	*
_	0	13	372	1668	1673	Segen	segen	NN	NN	case=nom|number=sg|gender=masc	370	NK	_	1	*))
_	0	13	373	1673	1674	,	--	PUNC	$,	_	372	--	_	1	*
_	0	13	374	1675	1678	den	der	PR	PRELS	case=acc|number=sg|gender=masc	376	OA	_	1	(S*
_	0	13	375	1679	1682	ich	ich	PR	PPER	case=nom|number=sg|gender=*|person=1	376	SB	_	1	(VP*
_	0	13	376	1683	1696	ausgeschüttet	ausschütten	V	VVPP	_	372	RC	_	1	*))
_	0	13	377	1696	1697	,	--	PUNC	$,	_	376	--	_	1	*
_	0	13	378	1698	1701	Hat	haben	V	VAFIN	number=sg|person=3|tense=pres|mood=ind	_	_	_	1	(S*
_	0	13	379	1702	1705	man	man	PR	PIS	case=nom|number=sg|gender=*	378	SB	_	1	*
_	0	13	380	1706	1710	auch	auch	ADV	ADV	_	381	MO	_	1	*
_	0	13	381	1711	1718	dankbar	dankbar	ADJ	ADJD	degree=pos	383	MO	_	1	(AP*
_	0	13	382	1719	1723	mein	mein	PR	PPOSAT	case=acc|number=sg|gender=neut	383	DA	_	1	(NP*
_	0	13	383	1724	1731	gedacht	denken	V	VVPP	_	378	OC	_	1	*))))
_	0	13	384	1731	1732	?	--	PUNC	$.	_	383	--	_	1	*))
_	0	14	385	1733	1738	Sahst	sahst	V	VVFIN	number=sg|person=2|tense=pres|mood=ind	_	_	_	1	(TOP(NUR(S*
_	0	14	386	1739	1741	du	du	PR	PPER	case=nom|number=sg|gender=*|person=2	385	SB	_	1	*
_	0	14	387	1742	1745	die	der	ART	ART	case=nom|number=pl|gender=fem	388	NK	_	1	(NP*
_	0	14	388	1746	1753	Kirchen	kirche	NN	NN	case=nom|number=pl|gender=fem	385	SB	_	1	*
_	0	14	389	1754	1758	auch	auch	ADV	ADV	_	390	MO	_	1	(AVP*
_	0	14	390	1759	1762	von	von	PP	APPR	_	388	PG	_	1	(NP(S(PP*
_	0	14	391	1763	1771	Menschen	mensch	NN	NN	case=dat|number=pl|gender=masc	390	NK	_	1	*)
_	0	14	392	1772	1776	voll	voll	ADJ	ADJD	_	385	MO	_	1	(AP*)))
_	0	14	393	1776	1777	?	--	PUNC	$.	_	392	--	_	1	*)))
_	0	14	394	1777	1778	«	«	O	XY	_	_	_	_	0	*))
_	0	15	395	1779	1780	–	–	O	XY	_	_	_	_	0	(TOP(NUR*
_	0	15	396	1781	1784	Der	der	ART	ART	case=nom|number=sg|gender=masc	397	NK	_	0	(CS(S(NP*
_	0	15	397	1785	1790	Sankt	sankt	NN	NN	case=nom|number=sg|gender=masc	395	AG	_	0	*)
_	0	15	398	1790	1791	,	--	PUNC	$,	_	397	--	_	0	*
_	0	15	399	1792	1800	bestürzt	bestürzt	ADJ	ADJD	degree=pos	409	MO	_	0	(AP*
_	0	15	400	1801	1808	hierauf	hierauf	ADV	PROAV	_	399	MO	_	0	*))
_	0	15	401	1808	1809	,	--	PUNC	$,	_	400	--	_	0	*
_	0	15	402	1810	1817	nachdem	nachdem	CONJ	KOUS	_	405	CP	_	0	(S*
_	0	15	403	1818	1820	er	er	PR	PPER	case=nom|number=sg|gender=masc|person=3	405	SB	_	0	*
_	0	15	404	1821	1825	sich	sich	PR	PRF	case=acc|number=sg|person=3	405	DA	_	0	*
_	0	15	405	1826	1834	besonnen	besonnen	ADJ	ADJD	_	399	MO	_	0	(NP(S*
_	0	15	406	1834	1835	:	--	PUNC	$.	_	405	--	_	0	*
_	0	15	407	1836	1837	»	»	O	XY	_	_	_	_	0	(NP(CS(S*
_	0	15	408	1837	1838	O	O	O	ITJ	_	409	NK	_	1	(PP*
_	0	15	409	1839	1843	Herr	herr	NN	NN	case=nom|number=sg|gender=masc	397	APP	_	1	*))
_	0	15	410	1843	1844	,	--	PUNC	$,	_	409	--	_	1	*
_	0	15	411	1844	1845	«	«	CONJ	KON	_	395	CD	_	0	*
_	0	15	412	1846	1853	spricht	sprechen	V	VVFIN	number=sg|person=3|tense=pres|mood=ind	411	CJ	_	0	(S*
_	0	15	413	1854	1856	er	er	PR	PPER	case=nom|number=sg|gender=masc|person=3	412	SB	_	0	*
_	0	15	414	1856	1857	,	--	PUNC	$,	_	413	--	_	0	*
_	0	15	415	1858	1859	»	»	PR	PWS	_	433	SB	_	0	(NP*)
_	0	15	416	1859	1862	bei	bei	PP	APPR	_	433	MO	_	1	(PP*
_	0	15	417	1863	1869	meiner	mein	PR	PPOSAT	case=dat|number=sg|gender=fem	418	NK	_	1	*
_	0	15	418	1870	1875	Liebe	liebe	NN	NN	case=dat|number=sg|gender=fem	416	NK	_	1	*
_	0	15	419	1875	1876	,	--	PUNC	$,	_	418	--	_	1	*
_	0	15	420	1877	1880	Den	den	ART	ART	case=acc|number=sg|gender=masc	422	NK	_	1	(NP*
_	0	15	421	1881	1887	ganzen	ganz	ADJ	ADJA	case=acc|number=sg|gender=masc|degree=pos	422	NK	_	1	*
_	0	15	422	1888	1896	Fastmond	fastmond	NN	NN	case=acc|number=sg|gender=masc	418	APP	_	1	*))
_	0	15	423	1897	1902	durch	durch	V	PTKVZ	_	_	_	_	1	*
_	0	15	424	1902	1903	,	--	PUNC	$,	_	423	--	_	1	*
_	0	15	425	1904	1906	wo	wo	PR	PWAV	_	428	MO	_	1	(S*
_	0	15	426	1907	1910	ich	ich	PR	PPER	case=nom|number=sg|gender=*|person=1	428	SB	_	1	*
_	0	15	427	1911	1915	mich	mich	PR	PRF	case=acc|number=sg|person=1	428	OA	_	1	(NP*)
_	0	15	428	1916	1927	hingewendet	hiewenden	V	VVPP	number=sg|person=3|tense=pres|mood=ind	422	RC	_	1	(VP*
_	0	15	429	1927	1928	,	--	PUNC	$,	_	428	--	_	1	*
_	0	15	430	1929	1934	Nicht	nicht	O	PTKNEG	case=acc|number=sg|gender=masc	433	NG	_	1	(CS(S*
_	0	15	431	1935	1941	deinen	dein	PR	PPOSAT	case=acc|number=sg|gender=masc	432	NK	_	1	(NP*
_	0	15	432	1942	1947	Namen	name	NN	NN	case=acc|number=sg|gender=masc	433	OA	_	1	*)
_	0	15	433	1948	1952	hört	hören	V	VVFIN	number=sg|person=3|tense=pres|mood=ind	412	OC	_	1	*)))
_	0	15	434	1952	1953	'	--	PUNC	$(	_	433	--	_	1	*))))))
_	0	15	435	1954	1957	ich	ich	PR	PPER	case=nom|number=sg|gender=*|person=1	436	SB	_	1	(NP*)
_	0	15	436	1958	1964	nennen	nennen	V	VVFIN	_	433	MO	_	1	*))
_	0	15	437	1964	1965	.	--	PUNC	$.	_	436	--	_	1	*))
_	0	16	438	1966	1969	Ein	ein	ART	ART	case=nom|number=sg|gender=masc	440	NK	_	1	(TOP(NUR(S(NP*
_	0	16	439	1970	1978	einz'ger	einz'g	ADJ	ADJA	case=nom|number=sg|gender=masc|degree=pos	440	NK	_	1	*
_	0	16	440	1979	1983	Mann	mann	NN	NN	case=nom|number=sg|gender=masc	441	SB	_	1	*
_	0	16	441	1984	1987	saß	sitzen	V	VVFIN	number=sg|person=3|tense=past|mood=ind	_	_	_	1	(CS(S*
_	0	16	442	1988	1996	murmelnd	murmelnd	ADJ	ADJD	degree=pos	441	MO	_	1	*
_	0	16	443	1997	1999	in	in	PP	APPR	_	441	MO	_	1	(PP*
_	0	16	444	2000	2003	der	der	ART	ART	case=dat|number=sg|gender=fem	445	NK	_	1	*
_	0	16	445	2004	2010	Kirche	kirche	NN	NN	case=dat|number=sg|gender=fem	443	NK	_	1	*))
_	0	16	446	2010	2011	;	--	PUNC	$.	_	445	--	_	1	*
_	0	16	447	2012	2015	Der	der	PR	PDS	case=nom|number=sg|gender=masc	449	SB	_	1	(S*
_	0	16	448	2016	2020	aber	aber	ADV	ADV	_	449	MO	_	1	*
_	0	16	449	2021	2024	war	sein	V	VAFIN	number=sg|person=3|tense=past|mood=ind	441	CJ	_	1	*
_	0	16	450	2025	2028	ein	ein	ART	ART	case=nom|number=sg|gender=masc	452	NK	_	1	(NP*
_	0	16	451	2029	2037	Wucherer	wucherer	ADJ	ADJA	case=nom|number=sg|gender=masc	452	NK	_	1	*
_	0	16	452	2038	2041	Und	und	NN	NN	case=nom|number=sg|gender=masc	449	SB	_	1	*))))
_	0	16	453	2042	2047	hatte	haben	V	VAFIN	number=sg|person=3|tense=past|mood=ind	_	_	_	1	*
_	0	16	454	2048	2052	Korn	korn	NP	NE	case=acc|number=sg|gender=neut	457	OA	_	1	*
_	0	16	455	2053	2055	im	in	PP	APPRART	case=dat|number=sg|gender=masc	457	MO	_	1	(VP(PP*
_	0	16	456	2056	2062	Herbst	herbst	NN	NN	case=dat|number=sg|gender=masc	455	NK	_	1	*)
_	0	16	457	2063	2072	erstanden	erstehen	V	VVPP	number=pl|person=1|tense=past|mood=ind	453	OC	_	1	*)
_	0	16	458	2072	2073	,	--	PUNC	$,	_	457	--	_	1	*
_	0	16	459	2074	2077	Für	für	PP	APPR	_	464	MO	_	1	(CVP(VP(PP*
_	0	16	460	2078	2083	Maus'	maus'	NP	NE	case=acc|number=sg|gender=*	459	NK	_	1	(CNP*
_	0	16	461	2084	2087	und	und	CONJ	KON	_	460	CD	_	1	*
_	0	16	462	2088	2094	Ratzen	ratze	NP	NE	case=acc|number=sg|gender=*	461	CJ	_	1	*))
_	0	16	463	2095	2102	hungrig	hungrig	ADJ	ADJD	degree=pos	464	MO	_	1	*
_	0	16	464	2103	2116	aufgeschüttet	aufschütten	V	VVPP	_	457	CJ	_	1	*))
_	0	16	465	2116	2117	.	--	PUNC	$.	_	464	--	_	1	*)
_	0	16	466	2117	2118	«	«	O	XY	_	449	PD	_	0	*))
_	0	17	467	2119	2120	–	–	O	XY	_	468	PNC	_	0	(TOP(NUR(S*
_	0	17	468	2121	2122	»	»	O	XY	_	_	_	_	0	*
_	0	17	469	2122	2128	Wohlan	wohlan	NN	NN	_	468	SB	_	1	(S(NP*
_	0	17	470	2129	2133	denn	denn	ADV	ADV	_	468	MO	_	1	(AVP*
_	0	17	471	2133	2134	,	--	PUNC	$,	_	470	--	_	1	*
_	0	17	472	2134	2135	«	«	PR	PPER	_	473	SB	_	0	(CS(S*
_	0	17	473	2136	2143	spricht	sprechen	V	VVFIN	number=sg|person=3|tense=pres|mood=ind	_	_	_	0	*
_	0	17	474	2144	2147	der	der	ART	ART	case=nom|number=sg|gender=masc	475	NK	_	0	(NP*
_	0	17	475	2148	2152	Herr	herr	NN	NN	case=nom|number=sg|gender=masc	473	MO	_	0	*))
_	0	17	476	2153	2156	und	und	CONJ	KON	_	473	CD	_	0	*
_	0	17	477	2157	2161	läßt	lassen	V	VVFIN	number=sg|person=3|tense=pres|mood=ind	476	CJ	_	0	(S*
_	0	17	478	2162	2165	die	der	ART	ART	case=nom|number=sg|gender=fem	479	NK	_	0	(NP*
_	0	17	479	2166	2170	Rede	rede	NN	NN	case=nom|number=sg|gender=fem	477	OA	_	0	*)
_	0	17	480	2171	2177	fallen	fallen	V	VVINF	_	477	OC	_	0	*))))
_	0	17	481	2177	2178	,	--	PUNC	$,	_	480	--	_	0	*
_	0	17	482	2179	2180	»	»	NP	NE	case=*|number=*|gender=*	483	PNC	_	0	(NP(MPN*
_	0	17	483	2180	2185	Petre	petre	NP	NE	case=nom|number=sg|gender=*	480	CJ	B-PER	1	*)
_	0	17	484	2185	2186	,	--	PUNC	$,	_	483	--	_	1	*
_	0	17	485	2187	2189	so	so	ADV	ADV	_	486	MO	_	1	(CO(AP(AVP*)
_	0	17	486	2190	2193	geh	geh	O	XY	_	_	_	_	1	*
_	0	17	487	2193	2194	!	--	PUNC	$.	_	486	--	_	1	*)
_	0	17	488	2195	2198	und	und	CONJ	KON	_	480	CD	_	1	*
_	0	17	489	2199	2208	künft'ges	künft'g	ADJ	ADJA	case=acc|number=sg|gender=neut|degree=pos	490	NK	_	1	(VP(NP*
_	0	17	490	2209	2213	Jahr	jahr	NN	NN	case=acc|number=sg|gender=neut	496	MO	_	1	*
_	0	17	491	2214	2220	Kannst	können	NP	NE	number=sg|person=2|tense=pres|mood=ind	492	PNC	_	1	(NP*
_	0	17	492	2221	2223	du	du	NP	NE	case=nom|number=sg|gender=*|person=2	490	NK	_	1	*)
_	0	17	493	2224	2227	die	der	ART	ART	case=acc|number=sg|gender=fem	494	NK	_	1	(NP*
_	0	17	494	2228	2237	Fastnacht	fastnacht	NN	NN	case=acc|number=sg|gender=fem	496	OA	_	1	(CNP(NP*
_	0	17	495	2238	2246	wiederum	wiederum	ADV	ADV	_	494	MO	_	1	*))))
_	0	17	496	2247	2255	besuchen	besuchen	V	VVINF	_	488	CJ	_	1	*
_	0	17	497	2255	2256	.	--	PUNC	$.	_	496	--	_	1	*)))))
_	0	17	498	2256	2257	«	«	O	XY	_	_	_	_	0	*))
_	0	18	499	2258	2262	Doch	doch	CONJ	KON	_	501	JU	_	0	(TOP(S*
_	0	18	500	2263	2270	diesmal	diesmal	ADV	ADV	_	505	MO	_	0	*
_	0	18	501	2271	2274	war	sein	V	VAFIN	number=sg|person=3|tense=past|mood=ind	_	_	_	0	*
_	0	18	502	2275	2278	das	der	ART	ART	case=nom|number=sg|gender=neut	503	NK	_	0	(NP*
_	0	18	503	2279	2283	Fest	fest	NN	NN	case=nom|number=sg|gender=neut	501	SB	_	0	*)
_	0	18	504	2284	2288	kaum	kaum	ADV	ADV	_	505	MO	_	0	(VP*
_	0	18	505	2289	2300	eingeläutet	einläuten	V	VVPP	_	501	PD	_	0	*)
_	0	18	506	2300	2301	,	--	PUNC	$,	_	505	--	_	0	*
_	0	18	507	2302	2304	Da	da	ADV	ADV	_	508	MO	_	0	(S*
_	0	18	508	2305	2310	kömmt	kömmen	V	VVFIN	number=sg|person=3|tense=pres|mood=ind	501	CJ	_	0	*
_	0	18	509	2311	2314	der	der	ART	ART	case=nom|number=sg|gender=masc	510	NK	_	0	(NP*
_	0	18	510	2315	2322	Sanktus	sanktus	NN	NN	case=nom|number=sg|gender=masc	508	SB	_	0	*)
_	0	18	511	2323	2334	schleichend	schleichend	ADJ	ADJD	degree=pos	508	MO	_	0	*
_	0	18	512	2335	2340	schon	schon	ADV	ADV	_	508	MO	_	0	*
_	0	18	513	2341	2347	zurück	zurück	V	PTKVZ	_	508	SVP	_	0	*)
_	0	18	514	2347	2348	.	--	PUNC	$.	_	513	--	_	0	*))
_	0	19	515	2349	2352	Der	der	ART	ART	case=nom|number=sg|gender=masc	516	NK	_	0	(TOP(CS(S(NP*
_	0	19	516	2353	2357	Herr	herr	NN	NN	case=nom|number=sg|gender=masc	517	DA	_	0	*)
_	0	19	517	2358	2366	begegnet	begegnen	V	VVFIN	number=sg|person=3|tense=pres|mood=ind	_	_	_	0	*
_	0	19	518	2367	2370	ihm	ihm	PR	PPER	case=dat|number=sg|gender=masc|person=3	517	DA	_	0	*
_	0	19	519	2371	2373	am	an	PP	APPRART	case=dat|number=sg|gender=masc	517	MO	_	0	(PP*
_	0	19	520	2374	2384	Himmelstor	himmelstor	NN	NN	case=dat|number=sg|gender=masc	519	NK	_	0	*))
_	0	19	521	2385	2388	und	und	CONJ	KON	_	517	CD	_	0	*
_	0	19	522	2389	2393	ruft	rufen	V	VVFIN	number=sg|person=3|tense=pres|mood=ind	521	CJ	_	0	(S*
_	0	19	523	2393	2394	:	--	PUNC	$.	_	522	--	_	0	*
_	0	19	524	2395	2396	»	»	O	XY	_	527	PAR	_	0	(NP*
_	0	19	525	2396	2398	Ei	ei	NN	NN	_	524	NK	_	1	*)
_	0	19	526	2398	2399	,	--	PUNC	$,	_	525	--	_	1	*
_	0	19	527	2400	2405	Petre	petre	NP	NE	_	522	OC	B-PER	1	(NP*))
_	0	19	528	2405	2406	!	--	PUNC	$.	_	527	--	_	1	*))
_	0	20	529	2407	2411	Sieh	sieh	NP	NE	_	_	_	_	1	(TOP(NUR*
_	0	20	530	2411	2412	!	--	PUNC	$.	_	529	--	_	1	*))
_	0	21	531	2413	2418	Warum	warum	PR	PWAV	_	533	MO	_	1	(TOP(S*
_	0	21	532	2419	2421	so	so	ADV	ADV	_	533	MO	_	1	(AP*
_	0	21	533	2422	2429	traurig	traurig	ADJ	ADJD	degree=pos	_	_	_	1	*)
_	0	21	534	2429	2430	?	--	PUNC	$.	_	533	--	_	1	*))
_	0	22	535	2431	2436	Hat's	hat's	NP	NE	_	_	_	_	1	(TOP(NUR(S*
_	0	22	536	2437	2440	dir	dir	PR	PPER	case=dat|number=sg|gender=*|person=2	542	DA	_	1	(NP*
_	0	22	537	2441	2444	auf	auf	PP	APPR	_	542	MO	_	1	(PP*
_	0	22	538	2445	2450	Erden	erde	NN	NN	case=dat|number=pl|gender=neut	537	NK	_	1	*
_	0	22	539	2451	2455	denn	denn	ADV	ADV	_	542	MO	_	1	(CO(AVP*
_	0	22	540	2456	2464	danieden	danieden	ADJ	ADJD	case=dat|number=pl|gender=neut|degree=pos	542	MO	_	1	(NP(S*
_	0	22	541	2465	2470	nicht	nicht	O	PTKNEG	_	542	NG	_	1	(NP(CS(S(VP*
_	0	22	542	2471	2479	gefallen	fallen	V	VVPP	_	535	OC	_	1	*))))))
_	0	22	543	2479	2480	?	--	PUNC	$.	_	542	--	_	1	*)))))
_	0	22	544	2480	2481	«	«	O	XY	_	_	_	_	0	*))
_	0	23	545	2482	2483	–	–	O	XY	_	546	PNC	_	0	(TOP(NUR(S*
_	0	23	546	2484	2485	»	»	O	XY	_	563	SB	_	0	*
_	0	23	547	2485	2488	Ach	ach	O	ITJ	_	552	DM	_	1	(S*
_	0	23	548	2488	2489	,	--	PUNC	$,	_	547	--	_	1	*
_	0	23	549	2490	2494	Herr	herr	NN	NN	case=nom|number=sg|gender=masc	552	SB	_	1	(NP*
_	0	23	550	2494	2495	,	--	PUNC	$,	_	549	--	_	1	*
_	0	23	551	2495	2496	«	«	NN	NN	case=acc|number=sg|gender=masc	549	CJ	_	0	(CS(S*
_	0	23	552	2497	2505	versetzt	versetzen	V	VVFIN	number=sg|person=3|tense=pres|mood=ind	568	MO	_	0	*
_	0	23	553	2506	2509	der	der	ART	ART	case=nom|number=sg|gender=masc	554	NK	_	0	(NP*
_	0	23	554	2510	2515	Sankt	sankt	NN	NN	case=nom|number=sg|gender=masc	552	SB	_	0	*))
_	0	23	555	2515	2516	,	--	PUNC	$,	_	554	--	_	0	*
_	0	23	556	2517	2518	»	»	PUNC	$.	case=nom|number=sg|gender=masc	546	--	_	0	*
_	0	23	557	2518	2522	seit	seit	PP	APPR	_	561	MO	_	1	(S(PP*
_	0	23	558	2523	2526	ich	ich	PR	PPER	case=nom|number=sg|gender=*|person=1	557	NK	_	1	*)
_	0	23	559	2527	2530	sie	sie	PR	PPER	case=acc|number=sg|gender=fem|person=3	561	OA	_	1	(NP*))))))
_	0	23	560	2531	2536	nicht	nicht	O	PTKNEG	_	561	NG	_	1	(S(AP*
_	0	23	561	2537	2543	gesehn	gesehn	ADJ	ADJD	_	546	UC	_	1	*)
_	0	23	562	2543	2544	,	--	PUNC	$,	_	561	--	_	1	*
_	0	23	563	2545	2548	Hat	haben	V	VAFIN	number=sg|person=3|tense=pres|mood=ind	_	_	_	1	*
_	0	23	564	2549	2553	sich	sich	PR	PRF	case=acc|number=sg|person=3	568	OA	_	1	*
_	0	23	565	2554	2557	die	der	ART	ART	case=nom|number=sg|gender=fem	566	NK	_	1	(NP*
_	0	23	566	2558	2562	Erde	erde	NN	NN	case=nom|number=sg|gender=fem	563	SB	_	1	*)
_	0	23	567	2563	2567	ganz	ganz	ADV	ADV	_	568	MO	_	1	(VP*
_	0	23	568	2568	2577	verändert	verändern	V	VVPP	_	563	OC	_	1	*))
_	0	23	569	2577	2578	.	--	PUNC	$.	_	568	--	_	1	*))
_	0	24	570	2579	2581	Da	da	CONJ	KOUS	_	579	CP	_	1	(TOP(CS(S*
_	0	24	571	2582	2587	ist's	ist's	NP	NE	_	578	AG	_	1	(CNP*))
_	0	24	572	2588	2598	kurzweilig	kurzweilig	ADJ	ADJD	degree=pos	571	MO	_	1	(S*
_	0	24	573	2599	2604	nicht	nicht	O	PTKNEG	_	578	NG	_	1	(S(AP*
_	0	24	574	2605	2609	mehr	mehr	ADV	ADV	_	573	MO	_	1	*
_	0	24	575	2610	2613	wie	wie	CONJ	KOKOM	_	576	CM	_	1	(NP*
_	0	24	576	2614	2620	vordem	vordem	ADV	PROAV	_	574	CC	_	1	(PP*
_	0	24	577	2620	2621	,	--	PUNC	$,	_	576	--	_	1	*
_	0	24	578	2622	2627	Rings	ring	NP	NE	_	579	SB	_	1	(S(CNP*)
_	0	24	579	2628	2633	sieht	sehen	V	VVFIN	number=sg|person=3|tense=pres|mood=ind	_	_	_	1	*))
_	0	24	580	2634	2637	das	der	ART	ART	case=acc|number=sg|gender=neut	581	NK	_	1	*
_	0	24	581	2638	2642	Auge	auge	NN	NN	case=acc|number=sg|gender=neut	579	SB	_	1	*))
_	0	24	582	2643	2649	nichts	nichts	PR	PIS	case=*|number=*|gender=neut	579	OA	_	1	(NP*
_	0	24	583	2650	2653	als	als	PP	APPR	_	579	MO	_	1	(PP*
_	0	24	584	2654	2657	Not	not	NN	NN	case=nom|number=sg|gender=fem	583	NK	_	1	(CNP*
_	0	24	585	2658	2661	und	und	CONJ	KON	_	584	CD	_	1	*
_	0	24	586	2662	2668	Jammer	jammer	NN	NN	case=nom|number=sg|gender=fem	585	CJ	_	1	*)))))
_	0	24	587	2668	2669	.	--	PUNC	$.	_	586	--	_	1	*))
_	0	25	588	2670	2673	Die	der	ART	ART	case=nom|number=sg|gender=fem	589	NK	_	1	(TOP(S(NP*
_	0	25	589	2674	2679	Ernte	ernte	NN	NN	case=nom|number=sg|gender=fem	591	SB	_	1	*)
_	0	25	590	2679	2680	,	--	PUNC	$,	_	589	--	_	1	*
_	0	25	591	2681	2690	ascheweiß	ascheweiß	V	VVFIN	degree=pos	_	_	_	1	*
_	0	25	592	2691	2699	versengt	versengen	V	VVPP	_	591	MO	_	1	(VP*
_	0	25	593	2700	2703	auf	auf	PP	APPR	_	591	MO	_	1	(PP*
_	0	25	594	2704	2709	allen	aller	PR	PIAT	case=dat|number=pl|gender=masc	595	NK	_	1	*
_	0	25	595	2710	2717	Feldern	feld	NN	NN	case=dat|number=pl|gender=masc	593	NK	_	1	*))
_	0	25	596	2717	2718	,	--	PUNC	$,	_	595	--	_	1	*
_	0	25	597	2719	2722	Gab	geben	NN	NN	number=sg|person=2|mood=imp	606	OA	_	1	(NP*
_	0	25	598	2723	2726	für	für	PP	APPR	_	597	MNR	_	1	(PP*
_	0	25	599	2727	2730	den	der	ART	ART	case=acc|number=sg|gender=masc	600	NK	_	1	*
_	0	25	600	2731	2737	Hunger	hunger	NN	NN	case=acc|number=sg|gender=masc	598	NK	_	1	*))
_	0	25	601	2738	2743	nicht	nicht	O	PTKNEG	_	606	NG	_	1	*
_	0	25	602	2743	2744	,	--	PUNC	$,	_	601	--	_	1	*
_	0	25	603	2745	2747	um	um	CONJ	KOUI	_	606	CP	_	1	(VP*
_	0	25	604	2748	2752	Brot	brot	NN	NN	case=acc|number=sg|gender=neut	606	OA	_	1	*
_	0	25	605	2753	2755	zu	zu	O	PTKZU	_	606	PM	_	1	(VZ*
_	0	25	606	2756	2762	backen	backen	V	VVINF	_	591	OC	_	1	*))
_	0	25	607	2762	2763	,	--	PUNC	$,	_	606	--	_	1	*
_	0	25	608	2764	2768	Viel	viel	NN	NN	_	609	OA	_	1	(NP*
_	0	25	609	2769	2776	wen'ger	wen'g	ADJ	ADJA	case=nom|number=sg|gender=masc|person=3	606	CJ	_	1	(NP*
_	0	25	610	2777	2783	Kuchen	kuchen	NN	NN	case=*|number=pl|gender=fem	609	OA	_	1	*))
_	0	25	611	2784	2787	für	für	PP	APPR	_	610	MNR	_	1	(PP*
_	0	25	612	2788	2791	die	der	ART	ART	case=acc|number=sg|gender=fem	613	NK	_	1	*
_	0	25	613	2792	2796	Luft	luft	NN	NN	case=acc|number=sg|gender=fem	611	NK	_	1	(CNP*
_	0	25	614	2797	2800	und	und	CONJ	KON	_	613	CD	_	1	*
_	0	25	615	2801	2810	Stritzeln	stritzel	NN	NN	case=acc|number=pl|gender=fem	614	CJ	_	1	*))
_	0	25	616	2810	2811	.	--	PUNC	$.	_	615	--	_	1	*))
_	0	26	617	2812	2815	Und	und	CONJ	KON	_	627	JU	_	1	(TOP(S*
_	0	26	618	2816	2820	weil	weil	CONJ	KOUS	_	625	CP	_	1	(S*
_	0	26	619	2821	2824	der	der	ART	ART	case=nom|number=sg|gender=masc	620	NK	_	1	(NP*
_	0	26	620	2825	2835	Herbstwind	herbstwind	NN	NN	case=nom|number=sg|gender=masc	625	SB	_	1	*)
_	0	26	621	2836	2840	früh	früh	ADJ	ADJD	degree=pos	620	MNR	_	1	*
_	0	26	622	2841	2844	der	der	ART	ART	case=nom|number=sg|gender=masc	624	NK	_	1	(NP*
_	0	26	623	2845	2850	Berge	berg	ADJ	ADJA	case=nom|number=sg|gender=masc	624	NK	_	1	*
_	0	26	624	2851	2855	Hang	hang	NN	NN	case=nom|number=sg|gender=masc	625	SB	_	1	*)
_	0	26	625	2856	2866	durchreist	durchreisen	V	VVFIN	number=sg|person=3|tense=pres|mood=ind	635	MO	_	1	*)
_	0	26	626	2866	2867	,	--	PUNC	$,	_	625	--	_	1	*
_	0	26	627	2868	2871	War	sein	V	VAFIN	number=sg|person=3|tense=past|mood=ind	_	_	_	1	*
_	0	26	628	2872	2876	auch	auch	ADV	ADV	_	629	MO	_	1	(VP(PP*
_	0	26	629	2877	2879	an	an	PP	APPR	_	635	MO	_	1	*
_	0	26	630	2880	2884	Wein	wein	NN	NN	case=acc|number=sg|gender=*	629	NK	_	1	(CNP*
_	0	26	631	2885	2888	und	und	CONJ	KON	_	630	CD	_	1	*
_	0	26	632	2889	2893	Most	most	NN	NN	case=acc|number=sg|gender=*	631	CJ	_	1	*))
_	0	26	633	2894	2899	nicht	nicht	O	PTKNEG	_	635	NG	_	1	*
_	0	26	634	2900	2902	zu	zu	O	PTKZU	_	635	PM	_	1	(VZ*
_	0	26	635	2903	2911	gedenken	gedenken	V	VVINF	_	627	OC	_	1	*))
_	0	26	636	2911	2912	.	--	PUNC	$.	_	635	--	_	1	*))
_	0	27	637	2913	2915	Da	da	ADV	ADV	_	638	MO	_	1	(TOP(S*
_	0	27	638	2916	2921	dacht	dachen	V	VVFIN	_	_	_	_	1	*
_	0	27	639	2921	2922	'	--	PUNC	$(	_	638	--	_	1	*
_	0	27	640	2923	2926	ich	ich	PR	PPER	case=nom|number=sg|gender=*|person=1	638	SB	_	1	(NP*)
_	0	27	641	2926	2927	:	--	PUNC	$.	_	640	--	_	1	*
_	0	27	642	2928	2931	was	was	PR	PIS	case=acc|number=sg|gender=neut	644	OA	_	1	(S(AVP*
_	0	27	643	2932	2936	auch	auch	ADV	ADV	_	644	MO	_	1	*)
_	0	27	644	2937	2943	sollst	sollen	V	VMFIN	number=sg|person=2|tense=pres|mood=ind	638	OC	_	1	*
_	0	27	645	2944	2946	du	du	PR	PPER	case=nom|number=sg|gender=*|person=2	644	SB	_	1	*
_	0	27	646	2947	2951	hier	hier	ADV	ADV	_	644	MO	_	1	*)
_	0	27	647	2951	2952	?	--	PUNC	$.	_	646	--	_	1	*))
_	0	28	648	2953	2956	Und	und	CONJ	KON	_	649	JU	_	1	(TOP(NUR(S*
_	0	28	649	2957	2962	kehrt	kehren	V	VVFIN	number=sg|person=3|tense=pres|mood=ind	_	_	_	1	(NP(CS(S*
_	0	28	650	2962	2963	'	--	PUNC	$(	_	649	--	_	1	(AVP*
_	0	28	651	2964	2967	ins	in	PP	APPRART	case=acc|number=sg|gender=neut	649	MO	_	1	(AVP(AVP(AVP(PP*
_	0	28	652	2968	2979	Himmelreich	himmelreich	NN	NN	case=acc|number=sg|gender=neut	651	NK	_	1	*)
_	0	28	653	2980	2983	nur	nur	ADV	ADV	_	654	MO	_	1	*)
_	0	28	654	2984	2990	wieder	wieder	ADV	ADV	_	649	MO	_	1	*)
_	0	28	655	2991	2995	heim	heim	V	PTKVZ	_	649	SVP	_	1	*)
_	0	28	656	2995	2996	.	--	PUNC	$.	_	655	--	_	1	*)))))
_	0	28	657	2996	2997	«	«	O	XY	_	_	_	_	0	*))
_	0	29	658	2998	2999	–	–	O	XY	_	659	PNC	_	0	(TOP(NUR*
_	0	29	659	3000	3001	»	»	O	XY	_	663	SB	_	0	(CS(S*
_	0	29	660	3001	3003	So	so	ADV	ADV	_	659	MO	_	1	(PP*))
_	0	29	661	3003	3004	!	--	PUNC	$.	_	660	--	_	1	*
_	0	29	662	3004	3005	«	«	PR	PPER	_	663	SB	_	0	(S(NP(CS(S*
_	0	29	663	3006	3013	spricht	sprechen	V	VVFIN	number=sg|person=3|tense=pres|mood=ind	_	_	_	0	*
_	0	29	664	3014	3017	der	der	ART	ART	case=nom|number=sg|gender=masc	665	NK	_	0	(NP*
_	0	29	665	3018	3022	Herr	herr	NN	NN	case=nom|number=sg|gender=masc	663	SB	_	0	*))
_	0	29	666	3022	3023	;	--	PUNC	$.	_	665	--	_	0	*
_	0	29	667	3024	3025	»	»	O	XY	_	_	_	_	0	(S*
_	0	29	668	3025	3032	fürwahr	fürwahr	ADV	ADV	_	663	MO	_	1	(PP*)))
_	0	29	669	3032	3033	,	--	PUNC	$,	_	668	--	_	1	*
_	0	29	670	3034	3037	das	der	ART	ART	case=nom|number=sg|gender=neut	671	NK	_	1	(NP*
_	0	29	671	3038	3041	tut	tun	NN	NN	number=sg|person=3|tense=pres|mood=ind	673	OA	_	1	*))
_	0	29	672	3042	3045	mir	sich	PR	PPER	case=dat|number=sg|gender=*|person=1	673	DA	_	1	(AP*
_	0	29	673	3046	3050	leid	leid	ADJ	ADJD	_	663	MO	_	1	*)))
_	0	29	674	3050	3051	!	--	PUNC	$.	_	673	--	_	1	*))
_	0	30	675	3052	3056	Doch	doch	CONJ	KON	_	676	JU	_	1	(TOP(NUR(S*
_	0	30	676	3057	3060	sag	sag	V	VVFIN	_	681	OC	_	1	(NP(CS(S*
_	0	30	677	3060	3061	'	--	PUNC	$(	_	676	--	_	1	(PP*
_	0	30	678	3062	3065	mir	sich	PR	PPER	case=dat|number=sg|gender=*|person=1	676	DA	_	1	*)
_	0	30	679	3066	3068	an	an	V	PTKVZ	_	676	SVP	_	1	*)
_	0	30	680	3068	3069	:	--	PUNC	$.	_	679	--	_	1	*
_	0	30	681	3070	3077	gedacht	denken	V	VVPP	_	686	NK	_	1	(S*
_	0	30	682	3077	3078	'	--	PUNC	$(	_	681	--	_	1	*
_	0	30	683	3079	3082	man	man	PR	PIS	case=nom|number=sg|gender=*	681	SB	_	1	*
_	0	30	684	3083	3087	mein	mein	PR	PPOSAT	case=acc|number=sg|gender=neut	686	NK	_	1	(NP*
_	0	30	685	3087	3088	?	--	PUNC	$.	_	684	--	_	1	*)))))
_	0	30	686	3088	3089	«	«	O	XY	_	_	_	_	0	*))
_	0	31	687	3090	3091	»	»	O	XY	_	_	_	_	0	(TOP(NUR*
_	0	31	688	3091	3095	Herr	herr	NN	NN	case=nom|number=sg|gender=masc	_	_	_	1	(S(NP*
_	0	31	689	3095	3096	,	--	PUNC	$,	_	688	--	_	1	*
_	0	31	690	3097	3099	ob	ob	CONJ	KOUS	_	693	CP	_	1	(S*
_	0	31	691	3100	3103	man	man	PR	PIS	case=nom|number=sg|gender=*	693	SB	_	1	(CNP(NP*
_	0	31	692	3104	3108	dein	dein	ADV	ADV	case=acc|number=sg|gender=neut	693	MO	_	1	*))))
_	0	31	693	3109	3116	gedacht	denken	V	VVPP	_	688	OC	_	1	*)
_	0	31	694	3116	3117	?	--	PUNC	$.	_	693	--	_	1	*))
_	0	32	695	3118	3119	–	–	O	XY	_	_	_	_	1	(TOP(NUR*
_	0	32	696	3120	3123	Die	der	ART	ART	case=nom|number=sg|gender=fem	697	NK	_	1	(S(NP*
_	0	32	697	3124	3132	Wahrheit	wahrheit	NN	NN	case=nom|number=sg|gender=fem	709	AG	_	1	*)
_	0	32	698	3133	3136	dir	dir	PR	PPER	case=dat|number=sg|gender=*|person=2	700	DA	_	1	(VP*
_	0	32	699	3137	3139	zu	zu	O	PTKZU	_	700	PM	_	1	(VZ*
_	0	32	700	3140	3145	sagen	sagen	V	VVINF	_	697	OC	_	1	*)
_	0	32	701	3145	3146	,	--	PUNC	$,	_	700	--	_	1	*
_	0	32	702	3147	3150	Als	als	CONJ	KOUS	_	707	CP	_	1	(S*
_	0	32	703	3151	3154	ich	ich	PR	PPER	case=nom|number=sg|gender=*|person=1	707	SB	_	1	*
_	0	32	704	3155	3160	durch	durch	PP	APPR	_	707	MO	_	1	(PP*
_	0	32	705	3161	3165	eine	ein	ART	ART	case=acc|number=sg|gender=fem	706	NK	_	1	*
_	0	32	706	3166	3176	Hauptstadt	hauptstadt	NN	NN	case=acc|number=sg|gender=fem	704	NK	_	1	*)
_	0	32	707	3177	3180	kam	kommen	V	VVFIN	number=sg|person=3|tense=past|mood=ind	700	MO	_	1	*
_	0	32	708	3180	3181	,	--	PUNC	$,	_	707	--	_	1	*
_	0	32	709	3182	3186	Fand	fand	NN	NN	number=sg|person=1|tense=past|mood=ind	695	PD	_	1	(CS(S(NP*)
_	0	32	710	3187	3190	ich	ich	PR	PPER	case=nom|number=sg|gender=*|person=1	_	_	_	1	*
_	0	32	711	3191	3194	zur	zu	PP	APPRART	case=dat|number=sg|gender=fem	709	MNR	_	1	(PP*
_	0	32	712	3195	3199	Zeit	zeit	NN	NN	case=dat|number=sg|gender=fem	711	NK	_	1	*
_	0	32	713	3200	3203	der	der	ART	ART	case=dat|number=sg|gender=fem	714	NK	_	1	(NP*
_	0	32	714	3204	3215	Mitternacht	mitternacht	NN	NN	case=dat|number=sg|gender=fem	712	AG	_	1	*
_	0	32	715	3216	3219	Vom	von	PP	APPRART	case=dat|number=sg|gender=neut	714	MNR	_	1	(PP*
_	0	32	716	3220	3236	Altarkerzenglanz	altarkerzenglanz	NN	NN	case=dat|number=sg|gender=neut	715	NK	_	1	*)
_	0	32	717	3236	3237	,	--	PUNC	$,	_	716	--	_	1	*
_	0	32	718	3238	3243	durch	durch	PP	APPR	_	733	MO	_	1	(S(PP*
_	0	32	719	3244	3247	die	der	PR	PRELS	case=acc|number=sg|gender=fem	720	NK	_	1	*)
_	0	32	720	3248	3255	Portäle	portal	NP	NE	case=acc|number=sg|gender=fem	718	NK	_	1	(NP*)
_	0	32	721	3256	3265	strahlend	strahlend	ADJ	ADJD	degree=pos	720	UC	_	1	*)
_	0	32	722	3265	3266	,	--	PUNC	$,	_	721	--	_	1	*
_	0	32	723	3267	3270	Dir	dir	PR	PPER	case=dat|number=sg|gender=*|person=2	733	OA	_	1	(CS(S*
_	0	32	724	3271	3275	alle	aller	PR	PIAT	case=nom|number=pl|gender=fem	725	NK	_	1	(NP*
_	0	32	725	3276	3281	Märkt	märkt	NN	NN	case=acc|number=sg|gender=masc	733	OA	_	1	*)
_	0	32	726	3281	3282	'	--	PUNC	$(	_	725	--	_	1	*)
_	0	32	727	3283	3286	und	und	CONJ	KON	_	725	CD	_	1	*
_	0	32	728	3287	3294	Straßen	straße	NN	NN	case=acc|number=pl|gender=fem	727	CJ	_	1	(S*
_	0	32	729	3295	3299	hell	hell	ADJ	ADJD	_	733	MO	_	1	*))))
_	0	32	730	3299	3300	;	--	PUNC	$.	_	729	--	_	1	*
_	0	32	731	3301	3304	Die	der	ART	ART	case=acc|number=pl|gender=masc	732	NK	_	1	(NP*
_	0	32	732	3305	3313	Glöckner	glöckner	NN	NN	case=acc|number=pl|gender=masc	733	SB	_	1	*)
_	0	32	733	3314	3319	zogen	ziehen	V	VVFIN	number=pl|person=3|tense=past|mood=ind	714	RC	_	1	*
_	0	32	734	3319	3320	,	--	PUNC	$,	_	733	--	_	1	*
_	0	32	735	3321	3324	daß	daß	CONJ	KOUS	_	738	CP	_	1	(S*
_	0	32	736	3325	3328	die	der	ART	ART	case=nom|number=sg|gender=fem	737	NK	_	1	(NP*
_	0	32	737	3329	3336	Stränge	strang	NN	NN	case=nom|number=sg|gender=fem	738	SB	_	1	*)
_	0	32	738	3337	3343	rissen	reißen	V	VVFIN	_	733	OC	_	1	*
_	0	32	739	3343	3344	;	--	PUNC	$.	_	738	--	_	1	*
_	0	32	740	3345	3349	Hoch	hoch	NN	NN	degree=pos	744	SB	_	1	(S(NP*
_	0	32	741	3350	3352	an	an	PP	APPR	_	740	MNR	_	1	(PP*
_	0	32	742	3353	3356	den	der	ART	ART	case=dat|number=pl|gender=fem	743	NK	_	1	*
_	0	32	743	3357	3363	Säulen	säule	NN	NN	case=dat|number=pl|gender=fem	741	NK	_	1	*))
_	0	32	744	3364	3370	hingen	hängen	V	VVFIN	number=pl|person=3|tense=past|mood=subj	738	CJ	_	1	*
_	0	32	745	3371	3377	Knaben	knabe	NN	NN	case=nom|number=pl|gender=fem	744	OA	_	1	*)))
_	0	32	746	3378	3381	Und	und	CONJ	KON	_	744	CD	_	1	*
_	0	32	747	3382	3389	hielten	halten	V	VVFIN	number=pl|person=3|tense=past|mood=ind	746	CJ	_	1	(S*
_	0	32	748	3390	3394	ihre	ihr	PR	PPOSAT	case=nom|number=pl|gender=fem	749	NK	_	1	(NP*
_	0	32	749	3395	3401	Mützen	mütze	NN	NN	case=nom|number=pl|gender=fem	747	OA	_	1	*)
_	0	32	750	3402	3404	in	in	PP	APPR	_	747	MO	_	1	(PP*
_	0	32	751	3405	3408	der	der	ART	ART	case=dat|number=sg|gender=fem	752	NK	_	1	*
_	0	32	752	3409	3413	Hand	hand	NN	NN	case=dat|number=sg|gender=fem	750	NK	_	1	*))))))
_	0	32	753	3413	3414	.	--	PUNC	$.	_	752	--	_	1	*))
_	0	33	754	3415	3419	Kein	kein	PR	PIAT	case=nom|number=sg|gender=masc	755	NK	_	1	(TOP(NUR(S(NP*
_	0	33	755	3420	3426	Mensch	mensch	NN	NN	case=nom|number=sg|gender=masc	757	OA	_	1	*)
_	0	33	756	3426	3427	,	--	PUNC	$,	_	755	--	_	1	*
_	0	33	757	3428	3436	versichr	versichr	V	VVFIN	_	_	_	_	1	*
_	0	33	758	3436	3437	'	--	PUNC	$(	_	757	--	_	1	(NP(S*
_	0	33	759	3438	3441	ich	ich	PR	PPER	case=nom|number=sg|gender=*|person=1	757	SB	_	1	*
_	0	33	760	3442	3446	dich	dich	PR	PRF	number=sg|person=1|tense=past|mood=ind	757	OA	_	1	*
_	0	33	761	3446	3447	,	--	PUNC	$,	_	760	--	_	1	*
_	0	33	762	3448	3450	im	in	PP	APPRART	case=dat|number=sg|gender=neut	757	MO	_	1	(PP*
_	0	33	763	3451	3460	Weichbild	weichbild	NN	NN	case=dat|number=sg|gender=neut	762	NK	_	1	*
_	0	33	764	3461	3466	rings	rings	ADV	ADV	_	765	MO	_	1	(PP*
_	0	33	765	3467	3469	zu	zu	PP	APPR	_	763	MNR	_	1	*
_	0	33	766	3470	3474	sehn	sehn	CARD	CARD	_	765	NK	_	1	*)
_	0	33	767	3475	3478	Als	als	PP	APPR	_	765	MO	_	1	(PP*
_	0	33	768	3479	3484	einer	ein	PR	PIS	case=nom|number=sg|gender=masc	804	NK	_	1	*
_	0	33	769	3485	3488	nur	nur	ADV	ADV	_	804	MO	_	1	*))
_	0	33	770	3488	3489	,	--	PUNC	$,	_	769	--	_	1	*
_	0	33	771	3490	3493	der	der	ART	ART	case=nom|number=sg|gender=masc	779	SB	_	1	(NP*
_	0	33	772	3494	3498	eine	ein	ART	ART	case=acc|number=sg|gender=fem	774	NK	_	1	(NP*
_	0	33	773	3499	3504	Schar	schar	ADJ	ADJA	case=acc|number=sg|gender=fem	774	NK	_	1	*
_	0	33	774	3505	3515	Lastträger	lastträger	NN	NN	case=nom|number=sg|gender=*	779	OA	_	1	*))
_	0	33	775	3516	3524	keuchend	keuchend	ADJ	ADJD	degree=pos	779	MO	_	1	*
_	0	33	776	3525	3528	von	von	PP	APPR	_	779	MO	_	1	(PP*
_	0	33	777	3529	3532	dem	der	ART	ART	case=dat|number=sg|gender=neut	778	NK	_	1	*
_	0	33	778	3533	3538	Hafen	hafen	NN	NN	case=dat|number=sg|gender=neut	776	NK	_	1	*)
_	0	33	779	3539	3545	führte	führen	V	VVFIN	number=sg|person=3|tense=past|mood=ind	769	RC	_	1	*))
_	0	33	780	3545	3546	:	--	PUNC	$.	_	779	--	_	1	*
_	0	33	781	3547	3550	Der	der	PR	PDS	case=nom|number=sg|gender=masc	783	SB	_	1	(NP*
_	0	33	782	3551	3555	aber	aber	ADV	ADV	_	783	MO	_	1	(AVP*
_	0	33	783	3556	3559	war	sein	V	VAFIN	number=sg|person=3|tense=past|mood=ind	779	RS	_	1	(S*
_	0	33	784	3560	3563	ein	ein	ART	ART	case=nom|number=sg|gender=masc	785	NK	_	1	(NP*
_	0	33	785	3564	3572	Wucherer	wucherer	NN	NN	case=nom|number=sg|gender=masc	783	SB	_	1	*
_	0	33	786	3573	3576	Und	und	NN	NN	_	787	JU	_	1	(S*
_	0	33	787	3577	3583	häufte	häufen	V	VVFIN	case=nom|number=sg|gender=masc|degree=pos	783	CJ	_	1	*
_	0	33	788	3584	3588	Korn	korn	NN	NN	case=nom|number=sg|gender=masc	787	OA	_	1	(NP*
_	0	33	789	3589	3592	auf	auf	PP	APPR	_	787	MO	_	1	(PP*
_	0	33	790	3593	3601	lächelnd	lächelnd	ADJ	ADJD	degree=pos	789	NK	_	1	*))))
_	0	33	791	3601	3602	,	--	PUNC	$,	_	790	--	_	1	*
_	0	33	792	3603	3607	fern	fern	ADJ	ADJD	degree=pos	790	CJ	_	1	(VP*
_	0	33	793	3608	3615	erkauft	erkaufen	V	VVPP	_	783	PD	_	1	*
_	0	33	794	3615	3616	,	--	PUNC	$,	_	793	--	_	1	*
_	0	33	795	3617	3619	Um	um	CONJ	KOUI	_	802	CP	_	1	(VP*
_	0	33	796	3620	3623	von	von	PP	APPR	_	802	SBP	_	1	(PP*
_	0	33	797	3624	3627	des	der	ART	ART	case=gen|number=sg|gender=neut	798	NK	_	1	(CO(NP(S(NP*
_	0	33	798	3628	3634	Landes	land	NN	NN	case=gen|number=sg|gender=neut	796	NK	_	1	*
_	0	33	799	3635	3641	Hunger	hunger	NP	NE	case=nom|number=sg|gender=masc	798	NK	_	1	*)
_	0	33	800	3642	3646	sich	sich	PR	PRF	case=acc|number=sg|person=3	802	DA	_	1	(NP*)))))
_	0	33	801	3647	3649	zu	zu	O	PTKZU	_	802	PM	_	1	(VZ*
_	0	33	802	3650	3656	mästen	mästen	V	VVINF	_	793	MO	_	1	*))))
_	0	33	803	3656	3657	.	--	PUNC	$.	_	802	--	_	1	*)))
_	0	33	804	3657	3658	«	«	O	XY	_	767	NK	_	0	*))
_	0	34	805	3659	3660	–	–	O	XY	_	806	PNC	_	0	(TOP(NUR(S*
_	0	34	806	3661	3662	»	»	O	XY	_	811	NK	_	0	*
_	0	34	807	3662	3665	Nun	nun	ADV	ADV	_	811	MO	_	1	(S(AVP*
_	0	34	808	3666	3670	denn	denn	ADV	ADV	_	807	MO	_	1	*)
_	0	34	809	3670	3671	,	--	PUNC	$,	_	808	--	_	1	*
_	0	34	810	3672	3673	o	O	O	FM	_	811	PNC	_	1	(CS(S(NP(MPN*
_	0	34	811	3674	3679	Petre	petre	O	FM	_	814	CJ	B-PER	1	*)))
_	0	34	812	3679	3680	,	--	PUNC	$,	_	811	--	_	1	*
_	0	34	813	3680	3681	«	«	CONJ	KON	_	814	MO	_	0	*
_	0	34	814	3682	3689	spricht	sprechen	V	VVFIN	number=sg|person=3|tense=pres|mood=ind	_	_	_	0	(S*
_	0	34	815	3690	3693	der	der	ART	ART	case=nom|number=sg|gender=masc	816	NK	_	0	(NP*
_	0	34	816	3694	3698	Herr	herr	NN	NN	case=nom|number=sg|gender=masc	814	SB	_	0	*)))
_	0	34	817	3698	3699	,	--	PUNC	$,	_	816	--	_	0	*
_	0	34	818	3700	3701	»	»	PUNC	$.	case=nom|number=sg|gender=masc	813	--	_	0	*
_	0	34	819	3701	3710	Erschaust	erschaust	NN	NN	case=nom|number=sg|gender=masc	816	APP	_	1	(NP*)
_	0	34	820	3711	3713	du	du	PR	PPER	case=nom|number=sg|gender=*|person=2	819	VO	_	1	(NP*
_	0	34	821	3714	3719	jetzo	jetzo	ADV	ADV	_	819	MO	_	1	(AVP*
_	0	34	822	3720	3724	doch	doch	ADV	ADV	_	819	MO	_	1	*))))
_	0	34	823	3725	3728	den	der	ART	ART	case=acc|number=sg|gender=masc	824	NK	_	1	(NP*
_	0	34	824	3729	3733	Lauf	lauf	NN	NN	case=acc|number=sg|gender=masc	819	CJ	_	1	*
_	0	34	825	3734	3737	der	der	ART	ART	case=gen|number=sg|gender=fem	826	NK	_	1	(NP*
_	0	34	826	3738	3742	Welt	welt	NN	NN	case=gen|number=sg|gender=fem	824	AG	_	1	*))
_	0	34	827	3742	3743	!	--	PUNC	$.	_	826	--	_	1	*))
_	0	35	828	3744	3749	Jetzt	jetzt	ADV	ADV	_	829	MO	_	1	(TOP(NUR(S(PP*)
_	0	35	829	3750	3756	siehst	sehen	V	VVFIN	number=sg|person=2|tense=pres|mood=ind	_	_	_	1	*
_	0	35	830	3757	3759	du	du	PR	PPER	case=nom|number=sg|gender=*|person=2	829	SB	_	1	(NP*
_	0	35	831	3760	3764	doch	doch	ADV	ADV	_	829	MO	_	1	*
_	0	35	832	3764	3765	,	--	PUNC	$,	_	831	--	_	1	*
_	0	35	833	3766	3769	was	was	PR	PWS	case=acc|number=sg|gender=neut	837	OA	_	1	(CS(S(NP*)
_	0	35	834	3770	3772	du	du	PR	PPER	case=nom|number=sg|gender=*|person=2	838	SB	_	1	(VP*
_	0	35	835	3773	3782	jüngsthin	jüngsthin	ADV	ADV	_	838	MO	_	1	(AVP*
_	0	35	836	3783	3788	nicht	nicht	O	PTKNEG	_	838	NG	_	1	*)
_	0	35	837	3789	3796	glauben	glauben	V	VVINF	_	838	OC	_	1	(VP*)
_	0	35	838	3797	3805	wolltest	wolltest	V	VMINF	_	829	OC	_	1	*
_	0	35	839	3805	3806	,	--	PUNC	$,	_	838	--	_	1	*
_	0	35	840	3807	3810	Daß	daß	CONJ	KOUS	_	847	CP	B-PER	1	(S*
_	0	35	841	3811	3816	Güter	gut	NN	NN	case=nom|number=pl|gender=neut	847	SB	I-PER	1	*
_	0	35	842	3817	3822	nicht	nicht	O	PTKNEG	_	847	NG	_	1	(NP*
_	0	35	843	3823	3826	das	der	ART	ART	case=nom|number=sg|gender=neut	844	NK	_	1	*
_	0	35	844	3827	3830	Gut	gut	NN	NN	case=nom|number=sg|gender=neut	847	PD	_	1	*
_	0	35	845	3831	3834	des	der	ART	ART	case=gen|number=sg|gender=masc	846	NK	_	1	(NP*
_	0	35	846	3835	3843	Menschen	mensch	NN	NN	case=gen|number=sg|gender=masc	844	AG	_	1	*))
_	0	35	847	3844	3848	sind	sein	V	VAFIN	number=pl|person=3|tense=pres|mood=ind	837	OC	_	1	*)))
_	0	35	848	3848	3849	;	--	PUNC	$.	_	847	--	_	1	*
_	0	35	849	3850	3853	Daß	daß	CONJ	KOUS	_	855	CP	_	1	(S*
_	0	35	850	3854	3857	mir	sich	PR	PPER	case=dat|number=sg|gender=*|person=1	855	DA	_	1	*
_	0	35	851	3858	3861	ihr	ihr	PR	PPOSAT	case=dat|number=sg|gender=fem|person=3	852	NK	_	1	(NP*
_	0	35	852	3862	3866	Heil	heil	NN	NN	case=nom|number=sg|gender=neut	855	SB	_	1	*)
_	0	35	853	3867	3869	am	an	PP	APPRART	case=dat|number=sg|gender=neut	852	MNR	_	1	(PP*
_	0	35	854	3870	3876	Herzen	herz	NN	NN	case=dat|number=sg|gender=neut	853	NK	_	1	*)
_	0	35	855	3877	3882	liegt	liegen	V	VVFIN	number=sg|person=3|tense=pres|mood=ind	847	SB	_	1	*
_	0	35	856	3883	3886	wie	wie	CONJ	KOKOM	_	857	CM	_	1	(NP*
_	0	35	857	3887	3890	dir	dir	PR	PPER	case=dat|number=sg|gender=*|person=2	855	MO	_	1	*)
_	0	35	858	3890	3891	,	--	PUNC	$,	_	857	--	_	1	*
_	0	35	859	3892	3895	Und	und	CONJ	KON	_	855	CD	_	1	(S*
_	0	35	860	3896	3899	daß	daß	CONJ	KOUS	_	869	CP	_	1	*
_	0	35	861	3900	3903	ich	ich	PR	PPER	case=nom|number=sg|gender=*|person=1	869	OA2	_	1	*
_	0	35	862	3903	3904	,	--	PUNC	$,	_	861	--	_	1	*
_	0	35	863	3905	3909	wenn	wenn	CONJ	KOUS	_	869	CP	_	1	*
_	0	35	864	3910	3913	ich	ich	PR	PPER	case=nom|number=sg|gender=*|person=1	869	SB	_	1	*
_	0	35	865	3914	3917	sie	sie	PR	PPER	case=acc|number=sg|gender=fem|person=3	869	OA	_	1	*
_	0	35	866	3918	3921	mit	mit	PP	APPR	_	869	MO	_	1	(PP*
_	0	35	867	3922	3925	Not	not	NN	NN	case=dat|number=sg|gender=*	866	NK	_	1	*)
_	0	35	868	3926	3934	zuweilen	zuweilen	ADV	ADV	_	869	MO	_	1	*
_	0	35	869	3935	3940	plage	plagen	V	VVFIN	number=sg|person=3|tense=pres|mood=subj	859	CJ	_	1	*)
_	0	35	870	3940	3941	,	--	PUNC	$,	_	869	--	_	1	*
_	0	35	871	3942	3946	Mich	mich	PR	PPER	case=acc|number=sg|gender=*|person=1	884	OA	_	1	(CS(S(NP*)
_	0	35	872	3946	3947	,	--	PUNC	$,	_	871	--	_	1	*
_	0	35	873	3948	3954	meiner	mein	PR	PPOSAT	case=dat|number=sg|gender=fem	874	NK	_	1	(AP(NP*
_	0	35	874	3955	3960	Liebe	liebe	NN	NN	case=dat|number=sg|gender=fem	875	DA	_	1	*)
_	0	35	875	3961	3965	treu	treu	ADJ	ADJD	degree=pos	871	PAR	_	1	*))
_	0	35	876	3966	3969	und	und	CONJ	KON	_	875	CD	_	1	*
_	0	35	877	3970	3976	meiner	mein	PR	PPOSAT	case=dat|number=sg|gender=fem	878	NK	_	1	(S(NP*
_	0	35	878	3977	3984	Sendung	sendung	NN	NN	case=dat|number=sg|gender=fem	876	CJ	_	1	*)
_	0	35	879	3984	3985	,	--	PUNC	$,	_	878	--	_	1	*
_	0	35	880	3986	3989	Nur	nur	ADV	ADV	_	884	MO	_	1	*
_	0	35	881	3990	3995	ihrer	ihr	PR	PPOSAT	case=gen|number=sg|gender=fem|person=3	883	NK	_	1	(NP*
_	0	35	882	3996	4002	höhren	höhr	ADJ	ADJA	case=dat|number=sg|gender=neut|degree=comp	883	NK	_	1	*
_	0	35	883	4003	4006	Not	not	NN	NN	case=acc|number=sg|gender=fem	884	OA	_	1	*)
_	0	35	884	4007	4014	erbarme	erbarmen	V	VVFIN	number=sg|person=3|tense=pres|mood=subj	869	CJ	_	1	*)))))
_	0	35	885	4014	4015	.	--	PUNC	$.	_	884	--	_	1	*)
_	0	35	886	4015	4016	«	«	O	XY	_	_	_	_	0	*))
