SectionId	ParagraphId	SentenceId	TokenId	Begin	End	Token	Lemma	CPOS	POS	Morphology	DependencyHead	DependencyRelation	NamedEntity	QuoteMarker	SyntaxTree
_	0	0	0	0	8	Heinrich	heinrich	NP	NE	case=nom|number=sg|gender=masc	2	PNC	B-PER	0	(TOP(CS(S(NP(MPN*
_	0	0	1	9	12	von	von	NP	NE	case=*|number=*|gender=*	2	PNC	I-PER	0	*)
_	0	0	2	13	19	Kleist	kleist	NP	NE	case=nom|number=sg|gender=masc	16	DA	I-PER	0	*)
_	0	0	3	20	23	Das	der	ART	ART	case=acc|number=sg|gender=neut	4	NK	_	0	(NP*
_	0	0	4	24	34	Bettelweib	bettelweib	NN	NN	case=acc|number=sg|gender=neut	16	SB	_	0	*
_	0	0	5	35	38	von	von	PP	APPR	_	4	PG	_	0	(PP*
_	0	0	6	39	46	Locarno	locarno	NP	NE	case=dat|number=sg|gender=neut	5	NK	B-LOC	0	*))
_	0	0	7	47	49	Am	an	PP	APPRART	case=dat|number=sg|gender=neut	4	MNR	_	0	(PP*
_	0	0	8	50	54	Fuße	fuß	NN	NN	case=dat|number=sg|gender=neut	7	NK	_	0	*
_	0	0	9	55	58	der	der	ART	ART	case=gen|number=pl|gender=fem	10	NK	_	0	(NP*
_	0	0	10	59	64	Alpen	alpen	NN	NN	case=gen|number=pl|gender=fem	8	AG	_	0	*
_	0	0	11	65	68	bei	bei	PP	APPR	_	10	MNR	_	0	(PP*
_	0	0	12	69	76	Locarno	locarno	NP	NE	case=*|number=*|gender=*	11	NK	B-LOC	0	*)
_	0	0	13	77	79	im	in	PP	APPRART	case=dat|number=sg|gender=neut	12	MNR	_	0	(PP*
_	0	0	14	80	86	oberen	oberer	ADJ	ADJA	case=dat|number=sg|gender=neut|degree=pos	15	NK	_	0	*
_	0	0	15	87	94	Italien	italien	NP	NE	case=dat|number=sg|gender=neut	13	NK	B-LOC	0	*)))
_	0	0	16	95	101	befand	befinden	V	VVFIN	number=sg|person=3|tense=past|mood=ind	_	_	_	0	*
_	0	0	17	102	106	sich	sich	PR	PRF	case=acc|number=sg|person=3	16	OA	_	0	*
_	0	0	18	107	110	ein	ein	ART	ART	case=nom|number=sg|gender=neut	24	NK	_	0	(NP*
_	0	0	19	111	116	altes	alt	ADJ	ADJA	case=nom|number=sg|gender=neut|degree=pos	24	NK	_	0	*
_	0	0	20	116	117	,	--	PUNC	$,	_	19	--	_	0	*
_	0	0	21	118	123	einem	ein	ART	ART	case=dat|number=sg|gender=masc	22	NK	_	0	(AP(NP*
_	0	0	22	124	132	Marchese	marchese	NN	NN	case=dat|number=sg|gender=masc	23	AMS	_	0	*)
_	0	0	23	133	142	gehöriges	gehörig	ADJ	ADJA	case=nom|number=sg|gender=neut|degree=pos	19	CJ	_	0	*)
_	0	0	24	143	149	Schloß	schloß	NN	NN	case=nom|number=sg|gender=neut	16	SB	_	0	*)
_	0	0	25	149	150	,	--	PUNC	$,	_	24	--	_	0	*
_	0	0	26	151	154	das	der	PR	PRELS	case=acc|number=sg|gender=neut	43	OA	_	0	(S*
_	0	0	27	155	158	man	man	PR	PIS	case=nom|number=sg|gender=*	43	SB	_	0	*
_	0	0	28	159	164	jetzt	jetzt	ADV	ADV	_	43	MO	_	0	(AVP*
_	0	0	29	164	165	,	--	PUNC	$,	_	28	--	_	0	*
_	0	0	30	166	170	wenn	wenn	CONJ	KOUS	_	36	CP	_	0	(S*
_	0	0	31	171	174	man	man	PR	PIS	case=nom|number=sg|gender=*	36	SB	_	0	(NP(CS(S*
_	0	0	32	175	178	vom	von	PP	APPRART	case=dat|number=sg|gender=neut	36	SBP	_	0	(PP*
_	0	0	33	179	181	St	--	NN	NN	case=dat|number=sg|gender=neut	32	NK	_	0	*))
_	0	0	34	181	182	.	--	PUNC	$.	_	33	--	_	0	*
_	0	0	35	183	191	Gotthard	gotthard	NP	NE	case=nom|number=sg|gender=masc	36	SB	B-PER	0	(S*
_	0	0	36	192	197	kommt	kommen	V	VVFIN	number=sg|person=3|tense=pres|mood=ind	28	MO	_	0	*
_	0	0	37	197	198	,	--	PUNC	$,	_	36	--	_	0	*
_	0	0	38	199	201	in	in	PP	APPR	_	42	MO	_	0	(PP*
_	0	0	39	202	208	Schutt	schutt	NN	NN	case=acc|number=sg|gender=masc	38	NK	B-LOC	0	(CNP*
_	0	0	40	209	212	und	und	CONJ	KON	_	39	CD	_	0	*
_	0	0	41	213	221	Trümmern	trümmer	NN	NN	case=acc|number=pl|gender=fem	40	CJ	_	0	*)))))
_	0	0	42	222	228	liegen	liegen	V	VVFIN	number=pl|person=3|tense=pres|mood=ind	43	OC	_	0	*))
_	0	0	43	229	234	sieht	sehen	V	VVFIN	number=sg|person=3|tense=pres|mood=ind	24	RC	_	0	*
_	0	0	44	234	235	:	--	PUNC	$.	_	43	--	_	0	*
_	0	0	45	236	239	ein	ein	ART	ART	case=nom|number=sg|gender=neut	46	NK	_	0	(CNP(NP*
_	0	0	46	240	246	Schloß	schloß	NN	NN	case=nom|number=sg|gender=neut	24	PAR	_	0	*
_	0	0	47	247	250	mit	mit	PP	APPR	_	46	MNR	_	0	(PP*
_	0	0	48	251	256	hohen	hoch	ADJ	ADJA	case=dat|number=pl|gender=fem|degree=pos	51	NK	_	0	(CAP*
_	0	0	49	257	260	und	und	CONJ	KON	_	48	CD	_	0	*
_	0	0	50	261	273	weitläufigen	weitläufig	ADJ	ADJA	case=dat|number=pl|gender=neut|degree=pos	49	CJ	_	0	*)
_	0	0	51	274	281	Zimmern	zimmer	NN	NN	case=dat|number=pl|gender=neut	47	NK	_	0	*)
_	0	0	52	281	282	,	--	PUNC	$,	_	51	--	_	0	*
_	0	0	53	283	285	in	in	PP	APPR	_	47	CJ	_	0	(S(PP*
_	0	0	54	286	291	deren	der	PR	PRELAT	case=gen|number=sg|gender=fem	56	AG	_	0	*)
_	0	0	55	292	297	einem	ein	ART	ART	case=dat|number=sg|gender=masc	56	NK	_	0	(AVP*
_	0	0	56	298	303	einst	einst	ADV	ADV	_	53	NK	_	0	*)
_	0	0	57	304	307	auf	auf	PP	APPR	_	53	MO	_	0	(PP*
_	0	0	58	308	313	Stroh	stroh	NN	NN	case=acc|number=sg|gender=masc	57	NK	_	0	*
_	0	0	59	313	314	,	--	PUNC	$,	_	58	--	_	0	*
_	0	0	60	315	318	das	der	PR	PRELS	case=acc|number=sg|gender=neut	63	OA	_	0	(S*
_	0	0	61	319	322	man	man	PR	PIS	case=nom|number=sg|gender=*	63	SB	_	0	*
_	0	0	62	323	326	ihr	ihr	PR	PPER	case=dat|number=sg|gender=fem|person=3	63	DA	_	0	(NP*)
_	0	0	63	327	341	unterschüttete	unterschütten	V	VVFIN	case=acc|number=sg|gender=neut|degree=pos	46	RC	_	0	*))))
_	0	0	64	341	342	,	--	PUNC	$,	_	63	--	_	0	*
_	0	0	65	343	347	eine	ein	ART	ART	case=acc|number=sg|gender=fem	68	NK	_	0	(NP*
_	0	0	66	348	352	alte	alt	ADJ	ADJA	case=acc|number=sg|gender=fem|degree=pos	67	MO	_	0	*
_	0	0	67	353	359	kranke	krank	ADJ	ADJA	case=acc|number=sg|gender=fem|degree=pos	68	NK	_	0	*
_	0	0	68	360	364	Frau	frau	NN	NN	case=acc|number=sg|gender=fem	46	CJ	_	0	*
_	0	0	69	364	365	,	--	PUNC	$,	_	68	--	_	0	*
_	0	0	70	366	369	die	der	PR	PRELS	case=nom|number=sg|gender=fem	77	SB	_	0	(S*
_	0	0	71	370	374	sich	sich	PR	PRF	case=acc|number=sg|person=3	76	OA	_	0	(VP*
_	0	0	72	375	383	bettelnd	bettelnd	ADJ	ADJD	degree=pos	76	MO	_	0	*
_	0	0	73	384	387	vor	vor	PP	APPR	_	76	MO	_	0	(PP*
_	0	0	74	388	391	der	der	ART	ART	case=dat|number=sg|gender=fem	75	NK	_	0	*
_	0	0	75	392	395	Tür	tür	NN	NN	case=dat|number=sg|gender=fem	73	NK	_	0	*)
_	0	0	76	396	407	eingefunden	einfinden	V	VVPP	_	77	OC	_	0	*)
_	0	0	77	408	413	hatte	haben	V	VAFIN	number=sg|person=3|tense=past|mood=ind	68	RC	_	0	*)))))
_	0	0	78	413	414	,	--	PUNC	$,	_	77	--	_	0	*
_	0	0	79	415	418	von	von	PP	APPR	_	84	SBP	_	0	(S(VP(VP(PP*
_	0	0	80	419	422	der	der	ART	ART	case=dat|number=sg|gender=fem	81	NK	_	0	*
_	0	0	81	423	431	Hausfrau	hausfrau	NN	NN	case=dat|number=sg|gender=fem	79	NK	_	0	*
_	0	0	82	432	435	aus	aus	PP	APPR	_	81	MNR	_	0	(PP*
_	0	0	83	436	445	Mitleiden	mitleiden	NN	NN	case=dat|number=sg|gender=neut	82	NK	_	0	*))
_	0	0	84	446	454	gebettet	betten	V	VVPP	_	85	OC	_	0	*)
_	0	0	85	455	461	worden	werden	V	VAPP	_	86	OC	_	0	*)
_	0	0	86	462	465	war	sein	V	VAFIN	number=sg|person=3|tense=past|mood=ind	77	CJ	_	0	*)
_	0	0	87	465	466	.	--	PUNC	$.	_	86	--	_	0	*))
_	0	1	88	467	470	Der	der	ART	ART	case=nom|number=sg|gender=masc	89	NK	_	0	(TOP(S(NP*
_	0	1	89	471	479	Marchese	marchese	NN	NN	case=nom|number=sg|gender=masc	111	SB	_	0	*
_	0	1	90	479	480	,	--	PUNC	$,	_	89	--	_	0	*
_	0	1	91	481	484	der	der	PR	PRELS	case=nom|number=sg|gender=masc	102	SB	_	0	(S*
_	0	1	92	485	488	bei	bei	PP	APPR	_	102	MO	_	0	(PP*
_	0	1	93	489	492	der	der	ART	ART	case=dat|number=sg|gender=fem	94	NK	_	0	*
_	0	1	94	493	501	Rückkehr	rückkehr	NN	NN	case=dat|number=sg|gender=fem	92	NK	_	0	*
_	0	1	95	502	505	von	von	PP	APPR	_	94	MNR	_	0	(PP*
_	0	1	96	506	509	der	der	ART	ART	case=nom|number=sg|gender=masc	97	NK	_	0	*
_	0	1	97	510	514	Jagd	jagd	NN	NN	case=dat|number=sg|gender=fem	95	NK	_	0	*))
_	0	1	98	515	523	zufällig	zufällig	ADJ	ADJD	degree=pos	102	MO	_	0	*
_	0	1	99	524	526	in	in	PP	APPR	_	102	MO	_	0	(PP*
_	0	1	100	527	530	das	der	ART	ART	case=acc|number=sg|gender=neut	101	NK	_	0	*
_	0	1	101	531	537	Zimmer	zimmer	NN	NN	case=acc|number=sg|gender=neut	99	NK	_	0	*)
_	0	1	102	538	542	trat	treten	V	VVFIN	number=sg|person=3|tense=past|mood=ind	89	RC	_	0	*))
_	0	1	103	542	543	,	--	PUNC	$,	_	102	--	_	0	*
_	0	1	104	544	546	wo	wo	PR	PWAV	_	109	MO	_	0	(S*
_	0	1	105	547	549	er	er	PR	PPER	case=nom|number=sg|gender=masc|person=3	109	SB	_	0	*
_	0	1	106	550	555	seine	sein	PR	PPOSAT	case=acc|number=pl|gender=neut	107	NK	_	0	(VP(NP*
_	0	1	107	556	562	Büchse	büchse	NN	NN	case=acc|number=pl|gender=neut	108	OA	_	0	*)
_	0	1	108	563	573	abzusetzen	absetzen	V	VVIZU	_	109	OC	_	0	*)
_	0	1	109	574	581	pflegte	pflegen	V	VVFIN	number=sg|person=3|tense=past|mood=ind	101	RC	_	0	*)
_	0	1	110	581	582	,	--	PUNC	$,	_	109	--	_	0	*
_	0	1	111	583	589	befahl	befehlen	V	VVFIN	number=sg|person=3|tense=past|mood=ind	_	_	_	0	*
_	0	1	112	590	593	der	der	ART	ART	case=nom|number=sg|gender=masc	113	NK	_	0	(NP*
_	0	1	113	594	598	Frau	frau	NN	NN	case=nom|number=sg|gender=masc	111	SB	_	0	*)
_	0	1	114	599	607	unwillig	unwillig	ADJ	ADJD	degree=pos	111	MO	_	0	*
_	0	1	115	607	608	,	--	PUNC	$,	_	114	--	_	0	*
_	0	1	116	609	612	aus	aus	PP	APPR	_	125	MO	_	0	(PP*
_	0	1	117	613	616	dem	der	ART	ART	case=dat|number=sg|gender=neut	116	NK	_	0	*
_	0	1	118	617	623	Winkel	winkel	NN	NN	case=dat|number=sg|gender=neut	117	AG	_	0	*
_	0	1	119	623	624	,	--	PUNC	$,	_	118	--	_	0	*
_	0	1	120	625	627	in	in	PP	APPR	_	123	MO	_	0	(S(PP*
_	0	1	121	628	635	welchem	welcher	PR	PRELS	case=dat|number=sg|gender=neut	120	NK	_	0	*)
_	0	1	122	636	639	sie	sie	PR	PPER	case=nom|number=sg|gender=fem|person=3	123	SB	_	0	*
_	0	1	123	640	643	lag	liegen	V	VVFIN	number=sg|person=3|tense=past|mood=ind	118	RC	_	0	*))
_	0	1	124	643	644	,	--	PUNC	$,	_	123	--	_	0	*
_	0	1	125	645	655	aufzustehn	aufstehn	V	VVIZU	_	114	OC	_	0	(CVP*
_	0	1	126	656	659	und	und	CONJ	KON	_	125	CD	_	0	*
_	0	1	127	660	664	sich	sich	PR	PRF	case=acc|number=pl|person=3	132	OA	_	0	(VP*
_	0	1	128	665	671	hinter	hinter	PP	APPR	_	132	MO	_	0	(PP*
_	0	1	129	672	675	den	der	ART	ART	case=dat|number=pl|gender=neut	130	NK	_	0	*
_	0	1	130	676	680	Ofen	ofen	NN	NN	case=dat|number=pl|gender=neut	128	NK	_	0	*)
_	0	1	131	681	683	zu	zu	O	PTKZU	_	132	PM	_	0	(VZ*
_	0	1	132	684	692	verfügen	verfügen	V	VVINF	_	126	CJ	_	0	*)))
_	0	1	133	692	693	.	--	PUNC	$.	_	132	--	_	0	*))
_	0	2	134	694	697	Die	der	ART	ART	case=nom|number=sg|gender=fem	135	NK	_	0	(TOP(S(NP*
_	0	2	135	698	702	Frau	frau	NN	NN	case=nom|number=sg|gender=fem	142	SB	_	0	*
_	0	2	136	702	703	,	--	PUNC	$,	_	135	--	_	0	*
_	0	2	137	704	706	da	da	CONJ	KOUS	_	140	CP	_	0	(CS(S(S*
_	0	2	138	707	710	sie	sie	PR	PPER	case=nom|number=sg|gender=fem|person=3	140	SB	_	0	*
_	0	2	139	711	715	sich	sich	PR	PRF	case=acc|number=sg|person=3	140	OA	_	0	*
_	0	2	140	716	721	erhob	erheben	V	VVFIN	number=sg|person=3|tense=past|mood=ind	135	RC	_	0	*)
_	0	2	141	721	722	,	--	PUNC	$,	_	140	--	_	0	*
_	0	2	142	723	732	glitschte	glitschen	V	VVFIN	number=sg|person=3|tense=past|mood=ind	_	_	_	0	*
_	0	2	143	733	736	mit	mit	PP	APPR	_	142	MO	_	0	(PP*
_	0	2	144	737	740	der	der	ART	ART	case=dat|number=sg|gender=fem	145	NK	_	0	*
_	0	2	145	741	747	Krücke	krücke	NN	NN	case=dat|number=sg|gender=fem	143	NK	_	0	*)
_	0	2	146	748	751	auf	auf	PP	APPR	_	145	MNR	_	0	(PP*
_	0	2	147	752	755	dem	der	ART	ART	case=dat|number=sg|gender=neut	149	NK	_	0	*
_	0	2	148	756	763	glatten	glatt	ADJ	ADJA	case=dat|number=sg|gender=neut|degree=pos	149	NK	_	0	*
_	0	2	149	764	769	Boden	boden	NN	NN	case=dat|number=sg|gender=neut	146	NK	_	0	*)
_	0	2	150	770	773	aus	aus	V	PTKVZ	_	142	SVP	_	0	*)
_	0	2	151	774	777	und	und	CONJ	KON	_	142	CD	_	0	*
_	0	2	152	778	789	beschädigte	beschädigen	V	VVFIN	number=sg|person=3|tense=past|mood=ind	151	CJ	_	0	(S*
_	0	2	153	790	794	sich	sich	PR	PRF	case=acc|number=sg|person=3	152	OA	_	0	*
_	0	2	154	795	798	auf	auf	PP	APPR	_	161	MO	_	0	(PP*
_	0	2	155	799	803	eine	ein	ART	ART	case=acc|number=sg|gender=fem	157	NK	_	0	*
_	0	2	156	804	815	gefährliche	gefährlich	ADJ	ADJA	case=acc|number=sg|gender=fem|degree=pos	157	NK	_	0	*
_	0	2	157	816	821	Weise	weise	NN	NN	case=acc|number=sg|gender=fem	154	NK	_	0	*
_	0	2	158	822	825	das	der	ART	ART	case=nom|number=sg|gender=neut	159	NK	_	0	(NP*
_	0	2	159	826	831	Kreuz	kreuz	NN	NN	case=nom|number=sg|gender=neut	156	CC	_	0	*)))))
_	0	2	160	831	832	;	--	PUNC	$.	_	159	--	_	0	*
_	0	2	161	833	843	dergestalt	dergestalt	V	VVPP	_	152	OC	_	0	(S(CS(VP*
_	0	2	162	843	844	,	--	PUNC	$,	_	161	--	_	0	*
_	0	2	163	845	848	daß	daß	CONJ	KOUS	_	178	CP	_	0	(S*
_	0	2	164	849	852	sie	sie	PR	PPER	case=nom|number=sg|gender=fem|person=3	170	SB	_	0	*
_	0	2	165	853	857	zwar	zwar	ADV	ADV	_	170	MO	_	0	*
_	0	2	166	858	862	noch	noch	ADV	ADV	_	170	MO	_	0	*
_	0	2	167	863	866	mit	mit	PP	APPR	_	170	MO	_	0	(PP*
_	0	2	168	867	878	unsäglicher	unsäglich	ADJ	ADJA	case=dat|number=sg|gender=fem|degree=pos	169	NK	_	0	*
_	0	2	169	879	883	Mühe	mühe	NN	NN	case=dat|number=sg|gender=fem	167	NK	_	0	*)
_	0	2	170	884	892	aufstand	aufstehen	V	VVFIN	number=sg|person=3|tense=past|mood=ind	178	PD	_	0	*))
_	0	2	171	893	896	und	und	CONJ	KON	_	170	CD	_	0	*
_	0	2	172	897	901	quer	quer	ADJ	ADJD	_	171	CJ	_	0	(S(AP*)
_	0	2	173	901	902	,	--	PUNC	$,	_	172	--	_	0	*
_	0	2	174	903	906	wie	wie	PR	PWAV	_	177	MO	_	0	(S*
_	0	2	175	907	909	es	es	PR	PPER	case=nom|number=sg|gender=neut|person=3	178	SB	_	0	*
_	0	2	176	910	913	ihr	ihr	PR	PPER	case=dat|number=sg|gender=fem|person=3	177	DA	_	0	(VP*
_	0	2	177	914	928	vorgeschrieben	vorschreiben	V	VVPP	_	178	OC	_	0	*)
_	0	2	178	929	932	war	sein	V	VAFIN	number=sg|person=3|tense=past|mood=ind	161	OC	_	0	*)))
_	0	2	179	932	933	,	--	PUNC	$,	_	178	--	_	0	*
_	0	2	180	934	938	über	über	PP	APPR	_	183	MO	_	0	(PP*
_	0	2	181	939	942	das	der	ART	ART	case=acc|number=sg|gender=neut	182	NK	_	0	*
_	0	2	182	943	949	Zimmer	zimmer	NN	NN	case=acc|number=sg|gender=neut	180	NK	_	0	*)
_	0	2	183	950	954	ging	gehen	V	VVFIN	number=sg|person=3|tense=past|mood=ind	178	CJ	_	0	*
_	0	2	184	954	955	,	--	PUNC	$,	_	183	--	_	0	*
_	0	2	185	956	962	hinter	hinter	PP	APPR	_	193	MO	_	0	(CS(S(PP*
_	0	2	186	963	966	dem	der	ART	ART	case=dat|number=sg|gender=neut	185	NK	_	0	*
_	0	2	187	967	971	Ofen	ofen	NN	NN	case=dat|number=sg|gender=neut	193	OA	_	0	*)
_	0	2	188	972	976	aber	aber	ADV	ADV	_	193	MO	_	0	*
_	0	2	189	977	982	unter	unter	PP	APPR	_	193	MO	_	0	(PP*
_	0	2	190	983	990	Stöhnen	stöhne	NN	NN	case=dat|number=pl|gender=masc	189	NK	_	0	(CNP*
_	0	2	191	991	994	und	und	CONJ	KON	_	190	CD	_	0	*
_	0	2	192	995	1001	Ächzen	ächzen	NN	NN	case=dat|number=pl|gender=fem	191	CJ	_	0	*))
_	0	2	193	1002	1012	niedersank	niedersank	V	VVFIN	_	183	CJ	_	0	*)
_	0	2	194	1013	1016	und	und	CONJ	KON	_	193	CD	_	0	*
_	0	2	195	1017	1026	verschied	verscheiden	V	VVFIN	number=sg|person=3|tense=past|mood=ind	194	CJ	_	0	(S*)))
_	0	2	196	1026	1027	.	--	PUNC	$.	_	195	--	_	0	*))
_	0	3	197	1028	1035	Mehrere	mehrere	PR	PIAT	case=acc|number=pl|gender=neut	198	NK	_	0	(TOP(S(S(NP*
_	0	3	198	1036	1041	Jahre	jahr	NN	NN	case=acc|number=pl|gender=neut	214	DA	_	0	*
_	0	3	199	1042	1049	nachher	nachher	ADV	ADV	_	198	MO	_	0	*)
_	0	3	200	1049	1050	,	--	PUNC	$,	_	199	--	_	0	*
_	0	3	201	1051	1053	da	da	CONJ	KOUS	_	212	CP	_	0	*
_	0	3	202	1054	1057	der	der	ART	ART	case=nom|number=sg|gender=masc	203	NK	_	0	(NP*
_	0	3	203	1058	1066	Marchese	marchese	NN	NN	case=nom|number=sg|gender=masc	212	SB	_	0	*)
_	0	3	204	1067	1072	durch	durch	PP	APPR	_	211	MO	_	0	(VP(PP*
_	0	3	205	1073	1078	Krieg	krieg	NN	NN	case=acc|number=sg|gender=masc	204	NK	_	0	(CNP*
_	0	3	206	1079	1082	und	und	CONJ	KON	_	205	CD	_	0	*
_	0	3	207	1083	1091	Mißwachs	mißwachs	NN	NN	case=acc|number=sg|gender=masc	206	CJ	_	0	*))
_	0	3	208	1092	1094	in	in	PP	APPR	_	211	MO	_	0	(PP*
_	0	3	209	1095	1106	bedenkliche	bedenklich	ADJ	ADJA	case=acc|number=sg|gender=fem|degree=pos	210	NK	_	0	*
_	0	3	210	1107	1124	Vermögensumstände	vermögensumstand	NN	NN	case=acc|number=sg|gender=fem	208	NK	_	0	*)
_	0	3	211	1125	1132	geraten	geraten	V	VVPP	_	212	OC	_	0	*)
_	0	3	212	1133	1136	war	sein	V	VAFIN	number=sg|person=3|tense=past|mood=ind	214	MO	_	0	*)
_	0	3	213	1136	1137	,	--	PUNC	$,	_	212	--	_	0	*
_	0	3	214	1138	1142	fand	finden	V	VVFIN	number=sg|person=3|tense=past|mood=ind	_	_	_	0	*
_	0	3	215	1143	1147	sich	sich	PR	PRF	case=acc|number=sg|person=3	214	OA	_	0	*
_	0	3	216	1148	1151	ein	ein	ART	ART	case=nom|number=sg|gender=masc	218	NK	_	0	(NP*
_	0	3	217	1152	1167	florentinischer	florentinisch	ADJ	ADJA	case=nom|number=sg|gender=masc|degree=pos	218	NK	_	0	*
_	0	3	218	1168	1174	Ritter	ritter	NN	NN	case=nom|number=sg|gender=masc	214	SB	_	0	*)
_	0	3	219	1175	1178	bei	bei	PP	APPR	_	214	MO	_	0	(PP*
_	0	3	220	1179	1182	ihm	ihm	PR	PPER	case=dat|number=sg|gender=masc|person=3	219	NK	_	0	*)
_	0	3	221	1183	1186	ein	ein	V	PTKVZ	_	214	SVP	_	0	*
_	0	3	222	1186	1187	,	--	PUNC	$,	_	221	--	_	0	*
_	0	3	223	1188	1191	der	der	PR	PRELS	case=nom|number=sg|gender=masc	233	SB	_	0	(S*
_	0	3	224	1192	1195	das	der	ART	ART	case=acc|number=sg|gender=neut	225	NK	_	0	(VP(NP*
_	0	3	225	1196	1202	Schloß	schloß	NN	NN	case=acc|number=sg|gender=neut	232	OA	_	0	*)
_	0	3	226	1203	1209	seiner	sein	PR	PPOSAT	case=gen|number=pl|gender=masc	228	NK	_	0	(NP*
_	0	3	227	1210	1217	schönen	schön	ADJ	ADJA	case=gen|number=pl|gender=masc|degree=pos	228	NK	_	0	*
_	0	3	228	1218	1222	Lage	lage	NN	NN	case=gen|number=pl|gender=masc	225	AG	_	0	*
_	0	3	229	1223	1228	wegen	wegen	PP	APPR	_	230	AC	_	0	(PP*
_	0	3	230	1229	1232	von	von	PP	APPR	_	232	MO	_	0	(PP*
_	0	3	231	1233	1236	ihm	ihm	PR	PPER	case=dat|number=sg|gender=masc|person=3	230	NK	_	0	*)))
_	0	3	232	1237	1243	kaufen	kaufen	V	VVINF	_	233	OC	_	0	*)
_	0	3	233	1244	1250	wollte	wollen	V	VMFIN	number=sg|person=3|tense=past|mood=ind	210	RC	_	0	*)
_	0	3	234	1250	1251	.	--	PUNC	$.	_	233	--	_	0	*))
_	0	4	235	1252	1255	Der	der	ART	ART	case=nom|number=sg|gender=masc	236	NK	_	0	(TOP(CS(S(NP*
_	0	4	236	1256	1264	Marchese	marchese	NN	NN	case=nom|number=sg|gender=masc	246	SB	_	0	*)
_	0	4	237	1264	1265	,	--	PUNC	$,	_	236	--	_	0	*
_	0	4	238	1266	1269	dem	der	ART	ART	case=dat|number=sg|gender=masc	243	DA	_	0	(NP*
_	0	4	239	1270	1274	viel	viel	PR	PIS	case=dat|number=sg|gender=masc	243	DA	_	0	*)
_	0	4	240	1275	1277	an	an	PP	APPR	_	243	MO	_	0	(VP(PP*
_	0	4	241	1278	1281	dem	der	ART	ART	case=dat|number=sg|gender=masc	242	NK	_	0	*
_	0	4	242	1282	1288	Handel	handel	NN	NN	case=dat|number=sg|gender=masc	240	NK	_	0	*)
_	0	4	243	1289	1296	gelegen	liegen	V	VVPP	_	244	OC	_	0	*)
_	0	4	244	1297	1300	war	sein	V	VAFIN	number=sg|person=3|tense=past|mood=ind	236	MNR	_	0	*)
_	0	4	245	1300	1301	,	--	PUNC	$,	_	244	--	_	0	*
_	0	4	246	1302	1305	gab	geben	V	VVFIN	number=sg|person=3|tense=past|mood=ind	_	_	_	0	(S*
_	0	4	247	1306	1312	seiner	sein	PR	PPOSAT	case=dat|number=sg|gender=fem	248	NK	_	0	(NP*
_	0	4	248	1313	1317	Frau	frau	NN	NN	case=dat|number=sg|gender=fem	246	OA	_	0	*)
_	0	4	249	1318	1321	auf	auf	V	PTKVZ	_	246	SVP	_	0	*)
_	0	4	250	1321	1322	,	--	PUNC	$,	_	249	--	_	0	*
_	0	4	251	1323	1326	den	der	ART	ART	case=acc|number=sg|gender=masc	252	NK	_	0	(S(NP*
_	0	4	252	1327	1334	Fremden	fremde	NN	NN	case=acc|number=sg|gender=masc	267	DA	_	0	*
_	0	4	253	1335	1337	in	in	PP	APPR	_	252	MNR	_	0	(PP*
_	0	4	254	1338	1341	dem	der	ART	ART	case=dat|number=sg|gender=neut	257	NK	_	0	*
_	0	4	255	1342	1355	obenerwähnten	obenerwähnt	ADJ	ADJA	number=pl|person=3|tense=past|mood=ind	256	MO	_	0	*
_	0	4	256	1356	1369	leerstehenden	leerstehend	ADJ	ADJA	case=gen|number=pl|gender=neut|degree=pos	257	NK	_	0	*
_	0	4	257	1370	1376	Zimmer	zimmer	NN	NN	case=gen|number=pl|gender=neut	253	NK	_	0	*)
_	0	4	258	1376	1377	,	--	PUNC	$,	_	257	--	_	0	*
_	0	4	259	1378	1381	das	der	PR	PRELS	case=nom|number=sg|gender=neut	265	SB	_	0	(S*
_	0	4	260	1382	1386	sehr	sehr	ADV	ADV	_	261	MO	_	0	(VP*
_	0	4	261	1387	1392	schön	schön	ADJ	ADJD	degree=pos	264	MO	_	0	(CAP*
_	0	4	262	1393	1396	und	und	CONJ	KON	_	261	CD	_	0	*
_	0	4	263	1397	1405	prächtig	prächtig	ADJ	ADJD	degree=pos	262	CJ	_	0	*)
_	0	4	264	1406	1418	eingerichtet	einrichten	V	VVPP	_	265	PD	_	0	*)
_	0	4	265	1419	1422	war	sein	V	VAFIN	number=sg|person=3|tense=past|mood=ind	252	RC	_	0	*))
_	0	4	266	1422	1423	,	--	PUNC	$,	_	265	--	_	0	*
_	0	4	267	1424	1438	unterzubringen	unterzubringen	V	VVFIN	_	246	OC	_	0	*)
_	0	4	268	1438	1439	.	--	PUNC	$.	_	267	--	_	0	*))
_	0	5	269	1440	1444	Aber	aber	CONJ	KON	_	272	JU	_	0	(TOP(S*
_	0	5	270	1445	1448	wie	wie	PR	PWAV	_	271	MO	_	0	(VP*
_	0	5	271	1449	1457	betreten	betreten	V	VVPP	degree=pos	272	OC	_	0	*)
_	0	5	272	1458	1461	war	sein	V	VAFIN	number=sg|person=3|tense=past|mood=ind	_	_	_	0	*
_	0	5	273	1462	1465	das	der	ART	ART	case=nom|number=sg|gender=neut	274	NK	_	0	(NP*
_	0	5	274	1466	1473	Ehepaar	ehepaar	NN	NN	case=nom|number=sg|gender=neut	272	SB	_	0	*)
_	0	5	275	1473	1474	,	--	PUNC	$,	_	274	--	_	0	*
_	0	5	276	1475	1478	als	als	CONJ	KOUS	_	283	CP	_	0	(AVP(S*
_	0	5	277	1479	1482	der	der	ART	ART	case=nom|number=sg|gender=masc	278	NK	_	0	(NP*
_	0	5	278	1483	1489	Ritter	ritter	NN	NN	case=nom|number=sg|gender=masc	283	SB	_	0	*
_	0	5	279	1490	1496	mitten	mitten	ADV	ADV	_	280	MO	_	0	(NP(CAP(VP(PP*
_	0	5	280	1497	1499	in	in	PP	APPR	_	283	MO	_	0	*
_	0	5	281	1500	1503	der	der	ART	ART	case=dat|number=sg|gender=fem	282	NK	_	0	*
_	0	5	282	1504	1509	Nacht	nacht	NN	NN	case=dat|number=sg|gender=fem	280	NK	_	0	*)
_	0	5	283	1510	1518	verstört	verstören	V	VVPP	_	274	MNR	_	0	*)
_	0	5	284	1519	1522	und	und	CONJ	KON	_	283	CD	_	0	*
_	0	5	285	1523	1529	bleich	bleich	ADJ	ADJD	degree=pos	288	MO	_	0	*)
_	0	5	286	1530	1532	zu	zu	PP	APPR	_	288	MO	_	0	(PP*
_	0	5	287	1533	1538	ihnen	ihnen	PR	PPER	_	286	NK	_	0	*)))
_	0	5	288	1539	1550	herunterkam	herunterkommen	V	VVFIN	number=sg|person=3|tense=past|mood=ind	284	CJ	_	0	*
_	0	5	289	1550	1551	,	--	PUNC	$,	_	288	--	_	0	*
_	0	5	290	1552	1556	hoch	hoch	ADJ	ADJD	degree=pos	293	MO	_	0	(S(AP(CAP*
_	0	5	291	1557	1560	und	und	CONJ	KON	_	290	CD	_	0	*
_	0	5	292	1561	1566	teuer	teuer	ADJ	ADJD	degree=pos	291	CJ	_	0	*)
_	0	5	293	1567	1578	versichernd	versichernd	ADJ	ADJD	degree=pos	288	MO	_	0	*)
_	0	5	294	1578	1579	,	--	PUNC	$,	_	293	--	_	0	*
_	0	5	295	1580	1583	daß	daß	CONJ	KOUS	_	300	CP	_	0	(S*
_	0	5	296	1584	1586	es	es	PR	PPER	case=nom|number=sg|gender=neut|person=3	300	SB	_	0	*
_	0	5	297	1587	1589	in	in	PP	APPR	_	300	MO	_	0	(PP*
_	0	5	298	1590	1593	dem	der	ART	ART	case=dat|number=sg|gender=neut	299	NK	_	0	*
_	0	5	299	1594	1600	Zimmer	zimmer	NN	NN	case=dat|number=sg|gender=neut	297	NK	_	0	*)
_	0	5	300	1601	1606	spuke	spuken	V	VVFIN	_	288	OC	_	0	*)))
_	0	5	301	1606	1607	,	--	PUNC	$,	_	300	--	_	0	*
_	0	5	302	1608	1613	indem	indem	CONJ	KOUS	_	303	CP	_	0	*)
_	0	5	303	1614	1619	etwas	etwas	PR	PIS	case=*|number=*|gender=neut	300	OC	_	0	*
_	0	5	304	1619	1620	,	--	PUNC	$,	_	303	--	_	0	*
_	0	5	305	1621	1624	das	der	PR	PRELS	case=nom|number=sg|gender=neut	320	SB	_	0	(NP*)
_	0	5	306	1625	1628	dem	der	ART	ART	case=dat|number=sg|gender=masc	307	NK	_	0	(VP(AP(NP*
_	0	5	307	1629	1634	Blick	blick	NN	NN	case=dat|number=sg|gender=masc	320	SB	_	0	*)
_	0	5	308	1635	1645	unsichtbar	unsichtbar	ADJ	ADJD	degree=pos	309	PD	_	0	*)
_	0	5	309	1646	1653	gewesen	sein	V	VAPP	_	307	OC	_	0	*)
_	0	5	310	1653	1654	,	--	PUNC	$,	_	309	--	_	0	*
_	0	5	311	1655	1658	mit	mit	PP	APPR	_	309	MO	_	0	(PP*
_	0	5	312	1659	1664	einem	ein	ART	ART	case=dat|number=sg|gender=neut	313	NK	_	0	(NP*
_	0	5	313	1665	1673	Geräusch	geräusch	NN	NN	case=dat|number=sg|gender=neut	311	NK	_	0	*
_	0	5	314	1673	1674	,	--	PUNC	$,	_	313	--	_	0	*
_	0	5	315	1675	1678	als	als	CONJ	KOKOM	_	320	CM	_	0	(NP*
_	0	5	316	1679	1681	ob	ob	CONJ	KOUS	_	320	CP	_	0	(CO(NP(S*
_	0	5	317	1682	1684	es	es	PR	PPER	case=nom|number=sg|gender=neut|person=3	320	SB	_	0	*
_	0	5	318	1685	1688	auf	auf	PP	APPR	_	320	MO	_	0	(CVP(VP(PP*
_	0	5	319	1689	1694	Stroh	stroh	NN	NN	case=acc|number=sg|gender=masc	318	NK	_	0	*)
_	0	5	320	1695	1702	gelegen	liegen	V	VVPP	_	345	OC	_	0	*)
_	0	5	321	1702	1703	,	--	PUNC	$,	_	320	--	_	0	*
_	0	5	322	1704	1706	im	in	PP	APPRART	case=dat|number=sg|gender=masc	335	MO	_	0	(VP(VP(PP*
_	0	5	323	1707	1719	Zimmerwinkel	zimmerwinkel	NN	NN	case=dat|number=sg|gender=masc	322	NK	_	0	*)
_	0	5	324	1720	1732	aufgestanden	aufgestehen	V	VVPP	_	335	MO	_	0	*)
_	0	5	325	1733	1736	mit	mit	PP	APPR	_	335	MO	_	0	(PP*
_	0	5	326	1737	1750	vernehmlichen	vernehmlich	ADJ	ADJA	case=dat|number=pl|gender=*	327	NK	_	0	*
_	0	5	327	1751	1760	Schritten	schritt	NN	NN	case=dat|number=pl|gender=*	325	NK	_	0	*)
_	0	5	328	1761	1768	langsam	langsam	ADJ	ADJD	degree=pos	335	MO	_	0	(NP(CAP*
_	0	5	329	1769	1772	und	und	CONJ	KON	_	328	CD	_	0	*
_	0	5	330	1773	1784	gebrechlich	gebrechlich	ADJ	ADJD	degree=pos	329	CJ	_	0	(AP(AVP*
_	0	5	331	1785	1789	quer	quer	ADV	ADV	degree=pos	335	MO	_	0	*)
_	0	5	332	1790	1794	über	über	ADV	ADV	_	333	MO	_	0	*
_	0	5	333	1795	1799	drei	drei	CARD	CARD	_	334	NK	_	0	*))
_	0	5	334	1800	1806	Zimmer	zimmer	NN	NN	case=acc|number=pl|gender=neut	331	MO	_	0	*)
_	0	5	335	1807	1815	gegangen	gehen	V	VVPP	_	320	CJ	_	0	*)
_	0	5	336	1816	1819	und	und	CONJ	KON	_	335	CD	_	0	*
_	0	5	337	1820	1826	hinter	hinter	PP	APPR	_	344	MO	_	0	(VP(PP*
_	0	5	338	1827	1830	dem	der	ART	ART	case=dat|number=sg|gender=neut	339	NK	_	0	*
_	0	5	339	1831	1835	Ofen	ofen	NN	NN	case=dat|number=sg|gender=neut	337	NK	_	0	*
_	0	5	340	1836	1841	unter	unter	PP	APPR	_	339	MNR	_	0	(PP*
_	0	5	341	1842	1849	Stöhnen	stöhne	NN	NN	case=dat|number=pl|gender=fem	340	NK	_	0	(CNP*
_	0	5	342	1850	1853	und	und	CONJ	KON	_	341	CD	_	0	*
_	0	5	343	1854	1860	Ächzen	ächze	NN	NN	case=dat|number=pl|gender=fem	342	CJ	_	0	*)))
_	0	5	344	1861	1875	niedergesunken	niedersunken	V	VVPP	case=dat|number=pl|gender=fem	336	CJ	_	0	*))
_	0	5	345	1876	1879	sei	sein	V	VAFIN	number=sg|person=3|tense=pres|mood=subj	303	RC	_	0	*))))))
_	0	5	346	1879	1880	.	--	PUNC	$.	_	345	--	_	0	*))
_	0	6	347	1881	1884	Der	der	ART	ART	case=nom|number=sg|gender=masc	348	NK	_	0	(TOP(CS(S(NP*
_	0	6	348	1885	1893	Marchese	marchese	NN	NN	case=nom|number=sg|gender=masc	353	DA	_	0	*)
_	0	6	349	1893	1894	,	--	PUNC	$,	_	348	--	_	0	*
_	0	6	350	1895	1906	erschrocken	erschrocken	V	VVINF	_	348	OC	_	0	(CS(S(VP*))
_	0	6	351	1906	1907	,	--	PUNC	$,	_	350	--	_	0	*
_	0	6	352	1908	1910	er	er	PR	PPER	case=nom|number=sg|gender=masc|person=3	353	SB	_	0	(S(NP*)
_	0	6	353	1911	1916	wußte	wissen	V	VVFIN	number=sg|person=3|tense=past|mood=ind	_	_	_	0	*
_	0	6	354	1917	1923	selbst	selbst	ADV	ADV	_	352	MNR	_	0	*
_	0	6	355	1924	1929	nicht	nicht	O	PTKNEG	_	353	NG	_	0	*
_	0	6	356	1930	1935	recht	recht	ADV	ADV	_	355	MO	_	0	*
_	0	6	357	1936	1941	warum	warum	PR	PWAV	_	353	OC	_	0	*))
_	0	6	358	1941	1942	,	--	PUNC	$,	_	357	--	_	0	*
_	0	6	359	1943	1949	lachte	lachen	V	VVFIN	number=sg|person=3|tense=past|mood=ind	353	CJ	_	0	*
_	0	6	360	1950	1953	den	der	ART	ART	case=acc|number=sg|gender=masc	361	NK	_	0	(NP*
_	0	6	361	1954	1960	Ritter	ritter	NN	NN	case=acc|number=sg|gender=masc	359	DA	_	0	*)
_	0	6	362	1961	1964	mit	mit	PP	APPR	_	359	MO	_	0	(PP*
_	0	6	363	1965	1977	erkünstelter	erkünstelt	ADJ	ADJA	case=gen|number=sg|gender=fem|degree=pos	364	NK	_	0	*
_	0	6	364	1978	1988	Heiterkeit	heiterkeit	NN	NN	case=gen|number=sg|gender=fem	362	NK	_	0	*)
_	0	6	365	1989	1992	aus	aus	V	PTKVZ	_	359	SVP	_	0	*)
_	0	6	366	1993	1996	und	und	CONJ	KON	_	359	CD	_	0	*
_	0	6	367	1997	2002	sagte	sagen	V	VVFIN	number=sg|person=3|tense=past|mood=ind	366	CJ	_	0	(S*
_	0	6	368	2002	2003	,	--	PUNC	$,	_	367	--	_	0	*
_	0	6	369	2004	2006	er	er	PR	PPER	case=nom|number=sg|gender=masc|person=3	370	SB	_	0	(S*
_	0	6	370	2007	2012	wolle	wollen	V	VMFIN	number=sg|person=3|tense=pres|mood=subj	367	OC	_	0	*
_	0	6	371	2013	2021	sogleich	sogleich	ADV	ADV	_	370	MO	_	0	(CVP(VP*
_	0	6	372	2022	2031	aufstehen	aufstehen	V	VVINF	_	370	OC	_	0	*)
_	0	6	373	2032	2035	und	und	CONJ	KON	_	372	CD	_	0	*
_	0	6	374	2036	2039	die	der	ART	ART	case=acc|number=sg|gender=fem	375	NK	_	0	(VP(NP*
_	0	6	375	2040	2045	Nacht	nacht	NN	NN	case=acc|number=sg|gender=fem	384	OA	_	0	*
_	0	6	376	2046	2048	zu	zu	PP	APPR	_	384	MO	_	0	(PP*
_	0	6	377	2049	2055	seiner	sein	PR	PPOSAT	case=dat|number=sg|gender=fem	378	NK	_	0	*
_	0	6	378	2056	2066	Beruhigung	beruhigung	NN	NN	case=dat|number=sg|gender=fem	376	NK	_	0	*))
_	0	6	379	2067	2070	mit	mit	PP	APPR	_	384	MO	_	0	(PP*
_	0	6	380	2071	2074	ihm	ihm	PR	PPER	case=dat|number=sg|gender=masc|person=3	379	NK	_	0	*
_	0	6	381	2075	2077	in	in	PP	APPR	_	384	MO	_	0	(PP*
_	0	6	382	2078	2081	dem	der	ART	ART	case=dat|number=sg|gender=neut	383	NK	_	0	*
_	0	6	383	2082	2088	Zimmer	zimmer	NN	NN	case=dat|number=sg|gender=neut	381	NK	_	0	*))
_	0	6	384	2089	2098	zubringen	zubringen	V	VVINF	_	373	CJ	_	0	*))))
_	0	6	385	2098	2099	.	--	PUNC	$.	_	384	--	_	0	*))
_	0	7	386	2100	2104	Doch	doch	CONJ	KON	_	389	JU	_	0	(TOP(CS(S*
_	0	7	387	2105	2108	der	der	ART	ART	case=nom|number=sg|gender=masc	388	NK	_	0	(NP*
_	0	7	388	2109	2115	Ritter	ritter	NN	NN	case=nom|number=sg|gender=masc	389	SB	_	0	*)
_	0	7	389	2116	2119	bat	bitten	V	VVFIN	number=sg|person=3|tense=past|mood=ind	_	_	_	0	*
_	0	7	390	2120	2122	um	um	PP	APPR	_	389	OP	_	0	(PP*
_	0	7	391	2123	2126	die	der	ART	ART	case=acc|number=sg|gender=fem	392	NK	_	0	*
_	0	7	392	2127	2139	Gefälligkeit	gefälligkeit	NN	NN	case=acc|number=sg|gender=fem	390	NK	_	0	*)
_	0	7	393	2139	2140	,	--	PUNC	$,	_	392	--	_	0	*
_	0	7	394	2141	2144	ihm	ihm	PR	PPER	case=dat|number=sg|gender=masc|person=3	396	DA	_	0	(VP*
_	0	7	395	2145	2147	zu	zu	O	PTKZU	_	396	PM	_	0	(VZ*
_	0	7	396	2148	2156	erlauben	erlauben	V	VVINF	_	392	OC	_	0	*)
_	0	7	397	2156	2157	,	--	PUNC	$,	_	396	--	_	0	*
_	0	7	398	2158	2161	daß	daß	CONJ	KOUS	_	406	CP	_	0	(S*
_	0	7	399	2162	2164	er	er	PR	PPER	case=nom|number=sg|gender=masc|person=3	406	SB	_	0	*
_	0	7	400	2165	2168	auf	auf	PP	APPR	_	406	MO	_	0	(PP*
_	0	7	401	2169	2174	einem	ein	ART	ART	case=dat|number=sg|gender=neut	402	NK	_	0	*
_	0	7	402	2175	2184	Lehnstuhl	lehnstuhl	NN	NN	case=dat|number=sg|gender=neut	400	NK	_	0	*
_	0	7	403	2185	2187	in	in	PP	APPR	_	406	MO	_	0	(PP*
_	0	7	404	2188	2194	seinem	sein	PR	PPOSAT	case=dat|number=sg|gender=neut	405	NK	_	0	*
_	0	7	405	2195	2207	Schlafzimmer	schlafzimmer	NN	NN	case=dat|number=sg|gender=neut	403	NK	_	0	*))
_	0	7	406	2208	2218	übernachte	überningen	V	VVFIN	number=sg|person=3|tense=past|mood=ind	396	OC	_	0	*)))
_	0	7	407	2218	2219	;	--	PUNC	$.	_	406	--	_	0	*
_	0	7	408	2220	2223	und	und	CONJ	KON	_	406	CD	_	0	*
_	0	7	409	2224	2227	als	als	PP	APPR	_	412	MO	_	0	(S(PP*
_	0	7	410	2228	2231	der	der	ART	ART	case=nom|number=sg|gender=masc	411	NK	_	0	*
_	0	7	411	2232	2238	Morgen	morgen	NN	NN	case=nom|number=sg|gender=masc	409	NK	_	0	*)
_	0	7	412	2239	2242	kam	kommen	V	VVFIN	number=sg|person=3|tense=past|mood=ind	408	CJ	_	0	*)
_	0	7	413	2242	2243	,	--	PUNC	$,	_	412	--	_	0	*
_	0	7	414	2244	2248	ließ	lassen	V	VVFIN	number=sg|person=3|tense=past|mood=ind	389	CJ	_	0	(S*
_	0	7	415	2249	2251	er	er	PR	PPER	case=nom|number=sg|gender=masc|person=3	416	SB	_	0	(S*
_	0	7	416	2252	2261	anspannen	anspannen	V	VVFIN	_	414	OC	_	0	*
_	0	7	417	2261	2262	,	--	PUNC	$,	_	416	--	_	0	*
_	0	7	418	2263	2270	empfahl	empfehlen	V	VVFIN	number=sg|person=3|tense=past|mood=ind	414	CJ	_	0	(CS(S*
_	0	7	419	2271	2275	sich	sich	PR	PRF	case=acc|number=sg|person=3	418	OA	_	0	*)
_	0	7	420	2276	2279	und	und	CONJ	KON	_	418	CD	_	0	*
_	0	7	421	2280	2286	reiste	reisen	V	VVFIN	number=sg|person=3|tense=past|mood=ind	420	CJ	_	0	(S*
_	0	7	422	2287	2289	ab	ab	V	PTKVZ	_	421	SVP	_	0	*))))
_	0	7	423	2289	2290	.	--	PUNC	$.	_	422	--	_	0	*))
_	0	8	424	2291	2297	Dieser	dieser	PR	PDAT	case=nom|number=sg|gender=masc	425	NK	_	0	(TOP(S(S(NP*
_	0	8	425	2298	2305	Vorfall	vorfall	NN	NN	case=nom|number=sg|gender=masc	432	SB	_	0	*)
_	0	8	426	2305	2306	,	--	PUNC	$,	_	425	--	_	0	*
_	0	8	427	2307	2310	der	der	ART	ART	case=nom|number=sg|gender=masc	430	SB	_	0	(NP*
_	0	8	428	2311	2328	außerordentliches	außerordentlich	ADJ	ADJA	case=acc|number=sg|gender=neut	430	MO	_	0	*
_	0	8	429	2329	2337	Aufsehen	aufsehen	NN	NN	case=acc|number=sg|gender=neut	430	OA	_	0	*)
_	0	8	430	2338	2344	machte	machen	V	VVFIN	number=sg|person=3|tense=past|mood=ind	425	RC	_	0	*)
_	0	8	431	2344	2345	,	--	PUNC	$,	_	430	--	_	0	*
_	0	8	432	2346	2355	schreckte	schrecken	V	VVFIN	number=sg|person=3|tense=past|mood=ind	_	_	_	0	*
_	0	8	433	2356	2359	auf	auf	PP	APPR	_	432	MO	_	0	(NP(PP*
_	0	8	434	2360	2364	eine	ein	ART	ART	case=acc|number=sg|gender=fem	439	NK	_	0	*
_	0	8	435	2365	2368	dem	der	ART	ART	case=dat|number=sg|gender=masc	436	NK	_	0	(NM*
_	0	8	436	2369	2377	Marchese	marchese	NN	NN	case=dat|number=sg|gender=masc	438	DA	_	0	*)
_	0	8	437	2378	2384	höchst	höchst	ADV	ADV	_	438	MO	_	0	(AP*
_	0	8	438	2385	2396	unangenehme	unangenehm	ADJ	ADJA	number=sg|person=3|tense=pres|mood=subj	439	NK	_	0	*)
_	0	8	439	2397	2402	Weise	weise	NN	NN	number=sg|person=3|tense=pres|mood=subj	433	NK	_	0	*)
_	0	8	440	2403	2410	mehrere	mehrere	PR	PIAT	case=acc|number=pl|gender=masc	441	NK	_	0	*
_	0	8	441	2411	2417	Käufer	käufer	NN	NN	case=acc|number=pl|gender=masc	432	OA	_	0	*)
_	0	8	442	2418	2420	ab	ab	V	PTKVZ	_	432	SVP	_	0	*
_	0	8	443	2420	2421	;	--	PUNC	$.	_	442	--	_	0	*
_	0	8	444	2422	2432	dergestalt	dergestalt	V	VVPP	_	432	CJ	_	0	(VP*
_	0	8	445	2432	2433	,	--	PUNC	$,	_	444	--	_	0	*
_	0	8	446	2434	2437	daß	daß	CONJ	KOUS	_	461	CP	_	0	(CS(S*
_	0	8	447	2437	2438	,	--	PUNC	$,	_	446	--	_	0	*
_	0	8	448	2439	2441	da	da	CONJ	KOUS	_	461	CP	_	0	(S*
_	0	8	449	2442	2446	sich	sich	PR	PRF	case=acc|number=pl|person=3	461	OA	_	0	*
_	0	8	450	2447	2452	unter	unter	PP	APPR	_	461	MO	_	0	(PP*
_	0	8	451	2453	2459	seinem	sein	PR	PPOSAT	case=dat|number=sg|gender=neut	453	NK	_	0	*
_	0	8	452	2460	2466	eignen	eignen	ADJ	ADJA	number=pl|person=3|tense=pres|mood=ind	453	NK	_	0	*
_	0	8	453	2467	2478	Hausgesinde	hausgesinde	NN	NN	case=nom|number=pl|gender=*	450	NK	_	0	*)
_	0	8	454	2478	2479	,	--	PUNC	$,	_	453	--	_	0	*
_	0	8	455	2480	2490	befremdend	befremdend	ADJ	ADJD	degree=pos	461	MO	_	0	(S(AP(CAP*
_	0	8	456	2491	2494	und	und	CONJ	KON	_	455	CD	_	0	*
_	0	8	457	2495	2508	unbegreiflich	unbegreiflich	ADJ	ADJD	degree=pos	456	CJ	_	0	*))
_	0	8	458	2508	2509	,	--	PUNC	$,	_	457	--	_	0	*
_	0	8	459	2510	2513	das	der	ART	ART	case=nom|number=sg|gender=neut	460	NK	_	0	(S(NP*
_	0	8	460	2514	2521	Gerücht	gerücht	NN	NN	number=sg|person=3|tense=pres|mood=ind	461	SB	_	0	*)
_	0	8	461	2522	2527	erhob	erheben	V	VVFIN	number=sg|person=3|tense=past|mood=ind	444	OC	_	0	*))
_	0	8	462	2527	2528	,	--	PUNC	$,	_	461	--	_	0	*
_	0	8	463	2529	2532	daß	daß	CONJ	KOUS	_	470	CP	_	0	*
_	0	8	464	2533	2535	es	es	PR	PPER	case=nom|number=sg|gender=neut|person=3	470	SB	_	0	*
_	0	8	465	2536	2538	in	in	PP	APPR	_	470	MO	_	0	(PP*
_	0	8	466	2539	2542	dem	der	ART	ART	case=dat|number=sg|gender=masc	467	NK	_	0	*
_	0	8	467	2543	2549	Zimmer	zimmer	NN	NN	case=dat|number=sg|gender=masc	465	NK	_	0	*
_	0	8	468	2550	2553	zur	zu	PP	APPRART	case=dat|number=sg|gender=fem	470	OP	_	0	(PP*
_	0	8	469	2554	2571	Mitternachtstunde	mitternachtstunde	NN	NN	case=dat|number=sg|gender=fem	468	NK	_	0	*))
_	0	8	470	2572	2578	umgehe	umgehen	V	VVFIN	number=sg|person=3|tense=pres|mood=subj	461	OC	_	0	*
_	0	8	471	2578	2579	,	--	PUNC	$,	_	470	--	_	0	*
_	0	8	472	2580	2582	er	er	PR	PPER	case=nom|number=sg|gender=masc|person=3	470	MO	_	0	(CVP(VP(NP*))
_	0	8	473	2582	2583	,	--	PUNC	$,	_	472	--	_	0	*
_	0	8	474	2584	2586	um	um	CONJ	KOUI	_	480	CP	_	0	(VP*
_	0	8	475	2587	2589	es	es	PR	PPER	case=acc|number=sg|gender=neut|person=3	480	OA	_	0	(NP*)
_	0	8	476	2590	2593	mit	mit	PP	APPR	_	480	OP	_	0	(PP*
_	0	8	477	2594	2599	einem	ein	ART	ART	case=dat|number=sg|gender=masc	479	NK	_	0	*
_	0	8	478	2600	2614	entscheidenden	entscheidend	ADJ	ADJA	case=dat|number=sg|gender=masc|degree=pos	479	NK	_	0	*
_	0	8	479	2615	2624	Verfahren	verfahren	NN	NN	case=dat|number=sg|gender=masc	476	NK	_	0	*)
_	0	8	480	2625	2641	niederzuschlagen	niederschlagen	V	VVIZU	_	470	MO	_	0	*)))
_	0	8	481	2641	2642	,	--	PUNC	$,	_	480	--	_	0	*
_	0	8	482	2643	2651	beschloß	beschließen	V	VVFIN	number=sg|person=3|tense=past|mood=ind	480	OC	_	0	*
_	0	8	483	2651	2652	,	--	PUNC	$,	_	482	--	_	0	*
_	0	8	484	2653	2656	die	der	ART	ART	case=nom|number=sg|gender=fem	485	NK	_	0	(VP(NP*
_	0	8	485	2657	2662	Sache	sache	NN	NN	case=nom|number=sg|gender=fem	492	OA	_	0	*)
_	0	8	486	2663	2665	in	in	PP	APPR	_	492	MO	_	0	(PP*
_	0	8	487	2666	2669	der	der	ART	ART	case=dat|number=sg|gender=fem	489	NK	_	0	*
_	0	8	488	2670	2678	nächsten	nächster	ADJ	ADJA	case=dat|number=sg|gender=fem|degree=pos	489	NK	_	0	*
_	0	8	489	2679	2684	Nacht	nacht	NN	NN	case=dat|number=sg|gender=fem	486	NK	_	0	*)
_	0	8	490	2685	2691	selbst	selbst	ADV	ADV	_	492	MO	_	0	*
_	0	8	491	2692	2694	zu	zu	O	PTKZU	_	492	PM	_	0	(VZ*
_	0	8	492	2695	2706	untersuchen	untersuchen	V	VVINF	_	482	OC	_	0	*)))))
_	0	8	493	2706	2707	.	--	PUNC	$.	_	492	--	_	0	*))
_	0	9	494	2708	2715	Demnach	demnach	ADV	PROAV	_	495	MO	_	0	(TOP(CS(S*
_	0	9	495	2716	2720	ließ	lassen	V	VVFIN	number=sg|person=3|tense=past|mood=ind	_	_	_	0	*
_	0	9	496	2721	2723	er	er	PR	PPER	case=nom|number=sg|gender=masc|person=3	495	SB	_	0	*
_	0	9	497	2724	2728	beim	bei	PP	APPRART	case=dat|number=sg|gender=masc	507	MO	_	0	(VP(PP*
_	0	9	498	2729	2737	Einbruch	einbruch	NN	NN	case=dat|number=sg|gender=masc	497	NK	_	0	*
_	0	9	499	2738	2741	der	der	ART	ART	case=gen|number=sg|gender=fem	500	NK	_	0	(NP*
_	0	9	500	2742	2751	Dämmerung	dämmerung	NN	NN	case=gen|number=sg|gender=fem	498	AG	_	0	*))
_	0	9	501	2752	2756	sein	sein	PR	PPOSAT	case=acc|number=sg|gender=neut	502	NK	_	0	(NP*
_	0	9	502	2757	2761	Bett	bett	NN	NN	case=acc|number=sg|gender=neut	507	OA	_	0	*)
_	0	9	503	2762	2764	in	in	PP	APPR	_	507	MO	_	0	(PP*
_	0	9	504	2765	2768	dem	der	ART	ART	case=dat|number=sg|gender=neut	506	NK	_	0	*
_	0	9	505	2769	2777	besagten	besagt	ADJ	ADJA	number=pl|person=3|tense=past|mood=ind	506	NK	_	0	*
_	0	9	506	2778	2784	Zimmer	zimmer	NN	NN	case=nom|number=pl|gender=neut	503	NK	_	0	*)
_	0	9	507	2785	2796	aufschlagen	aufschlagen	V	VVINF	_	495	OC	_	0	*))
_	0	9	508	2797	2800	und	und	CONJ	KON	_	495	CD	_	0	*
_	0	9	509	2801	2809	erharrte	erharren	V	VVFIN	number=sg|person=3|tense=past|mood=ind	508	CJ	_	0	(S*
_	0	9	510	2809	2810	,	--	PUNC	$,	_	509	--	_	0	*
_	0	9	511	2811	2815	ohne	ohne	CONJ	KOUI	_	513	CP	_	0	(VP*
_	0	9	512	2816	2818	zu	zu	O	PTKZU	_	513	PM	_	0	(VZ*
_	0	9	513	2819	2827	schlafen	schlafen	V	VVINF	_	509	MO	_	0	*))
_	0	9	514	2827	2828	,	--	PUNC	$,	_	513	--	_	0	*
_	0	9	515	2829	2832	die	der	ART	ART	case=nom|number=sg|gender=fem	516	NK	_	0	(NP*
_	0	9	516	2833	2844	Mitternacht	mitternacht	NN	NN	case=nom|number=sg|gender=fem	509	OA	_	0	*))
_	0	9	517	2844	2845	.	--	PUNC	$.	_	516	--	_	0	*))
_	0	10	518	2846	2850	Aber	aber	CONJ	KON	_	521	JU	_	0	(TOP(S*
_	0	10	519	2851	2854	wie	wie	PR	PWAV	_	520	MO	_	0	(VP*
_	0	10	520	2855	2866	erschüttert	erschüttern	V	VVPP	_	521	PD	_	0	*)
_	0	10	521	2867	2870	war	sein	V	VAFIN	number=sg|person=3|tense=past|mood=ind	_	_	_	0	*
_	0	10	522	2871	2873	er	er	PR	PPER	case=nom|number=sg|gender=masc|person=3	521	SB	_	0	*
_	0	10	523	2873	2874	,	--	PUNC	$,	_	522	--	_	0	*
_	0	10	524	2875	2878	als	als	CONJ	KOUS	_	537	CP	_	0	(CS(S*
_	0	10	525	2879	2881	er	er	PR	PPER	case=nom|number=sg|gender=masc|person=3	537	SB	_	0	*
_	0	10	526	2882	2884	in	in	PP	APPR	_	537	MO	_	0	(PP*
_	0	10	527	2885	2888	der	der	ART	ART	case=dat|number=sg|gender=fem	528	NK	_	0	*
_	0	10	528	2889	2892	Tat	tat	NN	NN	case=dat|number=sg|gender=fem	526	NK	_	0	*
_	0	10	529	2893	2896	mit	mit	PP	APPR	_	537	MO	_	0	(PP*
_	0	10	530	2897	2900	dem	der	ART	ART	case=dat|number=sg|gender=masc	531	NK	_	0	*
_	0	10	531	2901	2908	Schlage	schlage	NN	NN	case=dat|number=sg|gender=masc	529	NK	_	0	*
_	0	10	532	2909	2912	der	der	ART	ART	case=nom|number=sg|gender=masc	533	NK	_	0	(NP*
_	0	10	533	2913	2926	Geisterstunde	geisterstunde	NN	NN	case=nom|number=sg|gender=masc	531	AG	_	0	*
_	0	10	534	2927	2930	das	der	ART	ART	case=acc|number=sg|gender=neut	536	NK	_	0	(NP*
_	0	10	535	2931	2945	unbegreifliche	unbegreiflich	ADJ	ADJA	case=acc|number=sg|gender=neut|degree=pos	536	NK	_	0	*
_	0	10	536	2946	2954	Geräusch	geräusch	NN	NN	case=acc|number=sg|gender=neut	537	OA	_	0	*))))
_	0	10	537	2955	2963	wahrnahm	wahrnehmen	V	VVFIN	case=acc|number=sg|gender=neut	520	MO	_	0	*
_	0	10	538	2963	2964	;	--	PUNC	$.	_	537	--	_	0	*
_	0	10	539	2965	2967	es	es	PR	PPER	case=nom|number=sg|gender=neut|person=3	540	PD	_	0	(S*
_	0	10	540	2968	2971	war	sein	V	VAFIN	number=sg|person=3|tense=past|mood=ind	537	CJ	_	0	*))
_	0	10	541	2971	2972	,	--	PUNC	$,	_	540	--	_	0	*
_	0	10	542	2973	2976	als	als	CONJ	KOKOM	_	555	CM	_	0	(S*
_	0	10	543	2977	2979	ob	ob	CONJ	KOUS	_	555	CP	_	0	*
_	0	10	544	2980	2983	ein	ein	ART	ART	case=nom|number=sg|gender=masc	545	NK	_	0	(NP*
_	0	10	545	2984	2990	Mensch	mensch	NN	NN	case=nom|number=sg|gender=masc	555	SB	_	0	*)
_	0	10	546	2991	2995	sich	sich	PR	PRF	case=acc|number=sg|person=3	555	OA	_	0	*
_	0	10	547	2996	2999	von	von	PP	APPR	_	555	SBP	_	0	(PP*
_	0	10	548	3000	3005	Stroh	stroh	NP	NE	case=dat|number=sg|gender=*	547	NK	_	0	*
_	0	10	549	3005	3006	,	--	PUNC	$,	_	548	--	_	0	*
_	0	10	550	3007	3010	das	der	PR	PRELS	case=nom|number=sg|gender=neut	553	SB	_	0	(CS(S*
_	0	10	551	3011	3016	unter	unter	PP	APPR	_	553	MO	_	0	(PP*
_	0	10	552	3017	3020	ihm	ihm	PR	PPER	case=dat|number=sg|gender=masc|person=3	551	NK	_	0	*)
_	0	10	553	3021	3030	knisterte	knistern	V	VVFIN	number=sg|person=3|tense=past|mood=ind	548	RC	_	0	*)
_	0	10	554	3030	3031	,	--	PUNC	$,	_	553	--	_	0	*
_	0	10	555	3032	3037	erhob	erheben	V	VVFIN	number=sg|person=3|tense=past|mood=ind	540	MO	_	0	*
_	0	10	556	3037	3038	,	--	PUNC	$,	_	555	--	_	0	*
_	0	10	557	3039	3043	quer	quer	ADJ	ADJD	degree=pos	561	MO	_	0	(S*
_	0	10	558	3044	3048	über	über	PP	APPR	_	561	MO	_	0	(PP*
_	0	10	559	3049	3052	das	der	ART	ART	case=acc|number=sg|gender=neut	560	NK	_	0	*
_	0	10	560	3053	3059	Zimmer	zimmer	NN	NN	case=acc|number=sg|gender=neut	558	NK	_	0	*)
_	0	10	561	3060	3064	ging	gehen	V	VVFIN	number=sg|person=3|tense=past|mood=ind	555	CJ	_	0	*)
_	0	10	562	3064	3065	,	--	PUNC	$,	_	561	--	_	0	*
_	0	10	563	3066	3069	und	und	CONJ	KON	_	561	CD	_	0	*
_	0	10	564	3070	3076	hinter	hinter	PP	APPR	_	571	MO	_	0	(S(PP*
_	0	10	565	3077	3080	dem	der	ART	ART	case=dat|number=sg|gender=neut	566	NK	_	0	*
_	0	10	566	3081	3085	Ofen	ofen	NN	NN	case=dat|number=sg|gender=neut	564	NK	_	0	*)
_	0	10	567	3086	3091	unter	unter	PP	APPR	_	566	MNR	_	0	(PP*
_	0	10	568	3092	3099	Geseufz	geseufz	NN	NN	case=dat|number=sg|gender=neut	567	NK	_	0	(CNP*
_	0	10	569	3100	3103	und	und	CONJ	KON	_	568	CD	_	0	*
_	0	10	570	3104	3112	Geröchel	geröchel	NN	NN	case=dat|number=sg|gender=neut	569	CJ	_	0	*)))))
_	0	10	571	3113	3123	niedersank	niedersank	V	VVFIN	_	563	CJ	_	0	*))
_	0	10	572	3123	3124	.	--	PUNC	$.	_	571	--	_	0	*))
_	0	11	573	3125	3128	Die	der	ART	ART	case=nom|number=sg|gender=fem	574	NK	_	0	(TOP(NUR(S(NP*
_	0	11	574	3129	3137	Marquise	marquise	NN	NN	case=nom|number=sg|gender=fem	584	OC	_	0	*
_	0	11	575	3137	3138	,	--	PUNC	$,	_	574	--	_	0	*
_	0	11	576	3139	3141	am	an	PP	APPRART	_	577	PM	_	0	(PP*
_	0	11	577	3142	3148	andern	anderer	ADJ	ADJA	_	574	CJ	_	0	*
_	0	11	578	3149	3155	Morgen	morgen	NN	NN	_	577	NK	_	0	*)
_	0	11	579	3155	3156	,	--	PUNC	$,	_	578	--	_	0	*
_	0	11	580	3157	3159	da	da	CONJ	KOUS	_	582	CP	_	0	(S*
_	0	11	581	3160	3162	er	er	PR	PPER	case=nom|number=sg|gender=masc|person=3	582	SB	_	0	*
_	0	11	582	3163	3174	herunterkam	herunterkommen	V	VVFIN	number=sg|person=3|tense=past|mood=ind	577	MO	_	0	*
_	0	11	583	3174	3175	,	--	PUNC	$,	_	582	--	_	0	*
_	0	11	584	3176	3182	fragte	fragen	V	VVFIN	number=sg|person=3|tense=past|mood=ind	_	_	_	0	(S*
_	0	11	585	3183	3186	ihn	ihn	PR	PPER	case=acc|number=sg|gender=masc|person=3	584	OA	_	0	*
_	0	11	586	3186	3187	,	--	PUNC	$,	_	585	--	_	0	*
_	0	11	587	3188	3191	wie	wie	CONJ	KOKOM	_	590	MO	_	0	(S*
_	0	11	588	3192	3195	die	der	ART	ART	case=nom|number=sg|gender=fem	589	NK	_	0	(NP*
_	0	11	589	3196	3208	Untersuchung	untersuchung	NN	NN	case=nom|number=sg|gender=fem	590	SB	_	0	*)
_	0	11	590	3209	3219	abgelaufen	ablaufen	V	VVPP	_	584	MO	_	0	*))))
_	0	11	591	3219	3220	;	--	PUNC	$.	_	590	--	_	0	*
_	0	11	592	3221	3224	und	und	CONJ	KON	_	584	CD	_	0	(S*
_	0	11	593	3225	3227	da	da	ADV	ADV	_	601	CP	_	0	*
_	0	11	594	3228	3230	er	er	PR	PPER	case=nom|number=sg|gender=masc|person=3	601	SB	_	0	*
_	0	11	595	3231	3235	sich	sich	PR	PRF	case=acc|number=sg|person=3	601	OA	_	0	*
_	0	11	596	3236	3239	mit	mit	PP	APPR	_	601	OP	_	0	(PP*
_	0	11	597	3240	3247	scheuen	scheuen	ADJ	ADJA	_	600	NK	_	0	(CAP*
_	0	11	598	3248	3251	und	und	CONJ	KON	_	597	CD	_	0	*
_	0	11	599	3252	3262	ungewissen	ungewiß	ADJ	ADJA	case=dat|number=pl|gender=masc|degree=pos	598	CJ	_	0	*)
_	0	11	600	3263	3270	Blicken	blick	NN	NN	case=dat|number=pl|gender=masc	596	NK	_	0	*)
_	0	11	601	3271	3276	umsah	umsehen	V	VVFIN	degree=pos	610	MO	_	0	*))
_	0	11	602	3277	3280	und	und	CONJ	KON	_	601	CD	_	0	(S*
_	0	11	603	3280	3281	,	--	PUNC	$,	_	602	--	_	0	*
_	0	11	604	3282	3289	nachdem	nachdem	CONJ	KOUS	_	608	CP	_	0	(S*
_	0	11	605	3290	3292	er	er	PR	PPER	case=nom|number=sg|gender=masc|person=3	608	SB	_	0	*
_	0	11	606	3293	3296	die	der	ART	ART	case=acc|number=sg|gender=fem	607	NK	_	0	(NP*
_	0	11	607	3297	3300	Tür	tür	NN	NN	case=acc|number=sg|gender=fem	608	OA	_	0	*)
_	0	11	608	3301	3311	verriegelt	verriegeln	V	VVFIN	_	602	CJ	_	0	*)
_	0	11	609	3311	3312	,	--	PUNC	$,	_	608	--	_	0	*
_	0	11	610	3313	3324	versicherte	versichern	V	VVFIN	number=sg|person=3|tense=past|mood=ind	592	CJ	_	0	*
_	0	11	611	3324	3325	,	--	PUNC	$,	_	610	--	_	0	*
_	0	11	612	3326	3329	daß	daß	CONJ	KOUS	_	619	CP	_	0	(S*
_	0	11	613	3330	3332	es	es	PR	PPER	case=nom|number=sg|gender=neut|person=3	619	EP	_	0	*
_	0	11	614	3333	3336	mit	mit	PP	APPR	_	619	MO	_	0	(PP*
_	0	11	615	3337	3340	dem	der	ART	ART	case=dat|number=sg|gender=masc	616	NK	_	0	*
_	0	11	616	3341	3345	Spuk	spuk	NN	NN	case=dat|number=sg|gender=masc	614	NK	_	0	*)
_	0	11	617	3346	3351	seine	sein	PR	PPOSAT	case=acc|number=sg|gender=fem	618	NK	_	0	(NP*
_	0	11	618	3352	3363	Richtigkeit	richtigkeit	NN	NN	case=acc|number=sg|gender=fem	619	OA	_	0	*)
_	0	11	619	3364	3368	habe	haben	V	VAFIN	number=sg|person=3|tense=pres|mood=subj	610	OC	_	0	*
_	0	11	620	3368	3369	:	--	PUNC	$.	_	619	--	_	0	*
_	0	11	621	3370	3372	so	so	ADV	ADV	_	622	MO	_	0	(S*
_	0	11	622	3373	3381	erschrak	erschrecken	V	VVFIN	_	619	OC	_	0	*
_	0	11	623	3382	3385	sie	sie	PR	PPER	_	622	SB	_	0	*
_	0	11	624	3385	3386	,	--	PUNC	$,	_	623	--	_	0	*
_	0	11	625	3387	3390	wie	wie	PR	PWAV	_	631	MO	_	0	(S*
_	0	11	626	3391	3394	sie	sie	PR	PPER	case=nom|number=pl|gender=fem|person=3	631	OA	_	0	(NP(CS(S(NP*)
_	0	11	627	3395	3397	in	in	PP	APPR	_	631	MO	_	0	(VP(PP*
_	0	11	628	3398	3403	ihrem	ihr	PR	PPOSAT	case=dat|number=sg|gender=neut	629	NK	_	0	*
_	0	11	629	3404	3409	Leben	leben	NN	NN	case=dat|number=sg|gender=neut	627	NK	_	0	*)
_	0	11	630	3410	3415	nicht	nicht	O	PTKNEG	_	631	NG	_	0	*
_	0	11	631	3416	3421	getan	tun	V	VVPP	_	622	MO	_	0	*))
_	0	11	632	3422	3425	und	und	CONJ	KON	_	631	CD	_	0	*
_	0	11	633	3426	3429	bat	bitten	V	VVFIN	number=sg|person=1|tense=past|mood=ind	632	CJ	_	0	(S*
_	0	11	634	3430	3433	ihn	ihn	PR	PPER	case=acc|number=sg|gender=masc|person=3	633	OA	_	0	(NP*))))
_	0	11	635	3433	3434	,	--	PUNC	$,	_	634	--	_	0	*
_	0	11	636	3435	3440	bevor	bevor	CONJ	KOUS	_	641	CP	_	0	*
_	0	11	637	3441	3443	er	er	PR	PPER	case=nom|number=sg|gender=masc|person=3	641	SB	_	0	*
_	0	11	638	3444	3447	die	der	ART	ART	case=acc|number=sg|gender=fem	639	NK	_	0	(VP(NP*
_	0	11	639	3448	3453	Sache	sache	NN	NN	case=acc|number=sg|gender=fem	641	OA	_	0	*)
_	0	11	640	3454	3463	verlauten	verlauten	V	VVINF	_	641	OC	_	0	*)
_	0	11	641	3464	3469	ließe	lassen	V	VVFIN	number=sg|person=3|tense=past|mood=subj	631	MO	_	0	*
_	0	11	642	3469	3470	,	--	PUNC	$,	_	641	--	_	0	*
_	0	11	643	3471	3474	sie	sie	PR	PPER	case=acc|number=pl|gender=masc|person=3	653	OA	_	0	(VP*
_	0	11	644	3475	3479	noch	noch	ADV	ADV	_	645	MO	_	0	*
_	0	11	645	3480	3486	einmal	einmal	ADV	ADV	_	653	MO	_	0	*
_	0	11	646	3487	3489	in	in	PP	APPR	_	653	MO	_	0	(PP*
_	0	11	647	3490	3495	ihrer	ihr	PR	PPOSAT	case=dat|number=sg|gender=fem	648	NK	_	0	*
_	0	11	648	3496	3508	Gesellschaft	gesellschaft	NN	NN	case=dat|number=sg|gender=fem	646	NK	_	0	*
_	0	11	649	3509	3514	einer	ein	ART	ART	case=dat|number=sg|gender=fem	651	NK	_	0	(NP*
_	0	11	650	3515	3527	kaltblütigen	kaltblütig	ADJ	ADJA	case=dat|number=sg|gender=fem|degree=pos	651	NK	_	0	*
_	0	11	651	3528	3535	Prüfung	prüfung	NN	NN	case=dat|number=sg|gender=fem	653	OA	_	0	*))
_	0	11	652	3536	3538	zu	zu	O	PTKZU	_	653	PM	_	0	(VZ*
_	0	11	653	3539	3550	unterwerfen	unterwerfen	V	VVINF	_	641	OC	_	0	*))))))
_	0	11	654	3550	3551	.	--	PUNC	$.	_	653	--	_	0	*))
_	0	12	655	3552	3555	Sie	sie	PR	PPER	case=nom|number=pl|gender=*|person=3	656	SB	_	0	(TOP(S*
_	0	12	656	3556	3562	hörten	hören	V	VVFIN	number=pl|person=3|tense=past|mood=subj	_	_	_	0	*
_	0	12	657	3563	3567	aber	aber	ADV	ADV	_	656	MO	_	0	*
_	0	12	658	3568	3572	samt	samt	PP	APPR	_	656	MO	_	0	(PP*
_	0	12	659	3573	3578	einem	ein	ART	ART	case=dat|number=sg|gender=masc	661	NK	_	0	*
_	0	12	660	3579	3585	treuen	treu	ADJ	ADJA	case=dat|number=sg|gender=masc|degree=pos	661	NK	_	0	*
_	0	12	661	3586	3595	Bedienten	bedient	NN	NN	case=dat|number=sg|gender=masc	658	NK	_	0	*
_	0	12	662	3595	3596	,	--	PUNC	$,	_	661	--	_	0	*
_	0	12	663	3597	3600	den	der	PR	PRELS	case=acc|number=sg|gender=masc	665	OA	_	0	(S*
_	0	12	664	3601	3604	sie	sie	PR	PPER	case=nom|number=pl|gender=masc|person=3	666	SB	_	0	*
_	0	12	665	3605	3616	mitgenommen	mitnehmen	V	VVPP	_	666	OC	_	0	(VP*)
_	0	12	666	3617	3623	hatten	haben	V	VAFIN	number=pl|person=3|tense=past|mood=ind	661	RC	_	0	*))
_	0	12	667	3623	3624	,	--	PUNC	$,	_	666	--	_	0	*
_	0	12	668	3625	3627	in	in	PP	APPR	_	658	CJ	_	0	(PP*
_	0	12	669	3628	3631	der	der	ART	ART	case=dat|number=sg|gender=fem	670	NK	_	0	*
_	0	12	670	3632	3635	Tat	tat	NN	NN	case=dat|number=sg|gender=fem	668	NK	_	0	*
_	0	12	671	3636	3638	in	in	PP	APPR	_	670	MNR	_	0	(PP*
_	0	12	672	3639	3642	der	der	ART	ART	case=dat|number=sg|gender=fem	674	NK	_	0	*
_	0	12	673	3643	3651	nächsten	nächster	ADJ	ADJA	case=dat|number=sg|gender=fem|degree=pos	674	NK	_	0	*
_	0	12	674	3652	3657	Nacht	nacht	NN	NN	case=dat|number=sg|gender=fem	671	NK	_	0	*
_	0	12	675	3658	3666	dasselbe	derselbe	PR	PDAT	case=nom|number=sg|gender=neut	679	NK	_	0	(NP*
_	0	12	676	3667	3681	unbegreifliche	unbegreiflich	ADJ	ADJA	number=sg|person=3|tense=pres|mood=subj	679	NK	_	0	*
_	0	12	677	3681	3682	,	--	PUNC	$,	_	676	--	_	0	*
_	0	12	678	3683	3699	gespensterartige	gespensterartig	ADJ	ADJA	case=nom|number=sg|gender=masc|degree=pos	676	CJ	_	0	*
_	0	12	679	3700	3708	Geräusch	geräusch	NN	NN	case=nom|number=sg|gender=masc	674	AG	_	0	*)))
_	0	12	680	3708	3709	;	--	PUNC	$.	_	679	--	_	0	*
_	0	12	681	3710	3713	und	und	CONJ	KON	_	679	CD	_	0	(CNP*
_	0	12	682	3714	3717	nur	nur	ADV	ADV	_	685	MO	_	0	(NP*
_	0	12	683	3718	3721	der	der	ART	ART	case=nom|number=sg|gender=masc	685	NK	_	0	*
_	0	12	684	3722	3731	dringende	dringend	ADJ	ADJA	case=nom|number=sg|gender=masc|degree=pos	685	NK	_	0	*
_	0	12	685	3732	3738	Wunsch	wunsch	NN	NN	case=nom|number=sg|gender=masc	681	CJ	_	0	*)
_	0	12	686	3738	3739	,	--	PUNC	$,	_	685	--	_	0	*
_	0	12	687	3740	3743	das	der	ART	ART	case=nom|number=sg|gender=neut	688	NK	_	0	(NP*
_	0	12	688	3744	3750	Schloß	schloß	NN	NN	case=nom|number=sg|gender=neut	679	CJ	_	0	*
_	0	12	689	3750	3751	,	--	PUNC	$,	_	688	--	_	0	*
_	0	12	690	3752	3754	es	es	PR	PPER	case=nom|number=sg|gender=neut|person=3	696	OA	_	0	(S(S*
_	0	12	691	3755	3760	koste	kosten	V	VVFIN	number=sg|person=3|tense=pres|mood=subj	696	MO	_	0	*
_	0	12	692	3761	3764	was	was	PR	PIS	case=acc|number=sg|gender=neut	696	OA	_	0	*
_	0	12	693	3765	3767	es	es	PR	PPER	case=nom|number=sg|gender=neut|person=3	696	OA	_	0	(NP(S*
_	0	12	694	3768	3773	wolle	wollen	V	VMFIN	number=sg|person=3|tense=pres|mood=subj	696	MO	_	0	*
_	0	12	695	3773	3774	,	--	PUNC	$,	_	694	--	_	0	*
_	0	12	696	3775	3786	loszuwerden	loswerden	V	VVIZU	_	688	OC	_	0	(VP*))))
_	0	12	697	3786	3787	,	--	PUNC	$,	_	696	--	_	0	*
_	0	12	698	3788	3797	vermochte	vermögen	V	VVFIN	number=sg|person=3|tense=past|mood=ind	696	MO	_	0	*
_	0	12	699	3798	3801	sie	sie	PR	PPER	case=nom|number=sg|gender=fem|person=3	698	SB	_	0	*))
_	0	12	700	3801	3802	,	--	PUNC	$,	_	699	--	_	0	*
_	0	12	701	3803	3806	das	der	ART	ART	case=acc|number=sg|gender=neut	702	NK	_	0	(NP*
_	0	12	702	3807	3816	Entsetzen	entsetzen	NN	NN	case=acc|number=sg|gender=neut	688	CJ	_	0	*
_	0	12	703	3816	3817	,	--	PUNC	$,	_	702	--	_	0	*
_	0	12	704	3818	3821	das	der	PR	PRELS	case=acc|number=sg|gender=neut	706	OA	_	0	(S*
_	0	12	705	3822	3825	sie	sie	PR	PPER	case=nom|number=sg|gender=fem|person=3	706	OA	_	0	*
_	0	12	706	3826	3833	ergriff	ergreifen	V	VVFIN	number=sg|person=3|tense=past|mood=ind	702	RC	_	0	*
_	0	12	707	3833	3834	,	--	PUNC	$,	_	706	--	_	0	*
_	0	12	708	3835	3837	in	in	PP	APPR	_	713	MO	_	0	(VP(PP*
_	0	12	709	3838	3847	Gegenwart	gegenwart	NN	NN	case=dat|number=sg|gender=fem	708	NK	_	0	*)
_	0	12	710	3848	3853	ihres	ihr	PR	PPOSAT	case=gen|number=sg|gender=masc	711	NK	_	0	(NP*
_	0	12	711	3854	3861	Dieners	diener	NN	NN	case=gen|number=sg|gender=masc	713	OA	_	0	*)
_	0	12	712	3862	3864	zu	zu	O	PTKZU	_	713	PM	_	0	(VZ*
_	0	12	713	3865	3877	unterdrücken	unterdrücken	V	VVINF	_	706	OC	_	0	*))))
_	0	12	714	3878	3881	und	und	CONJ	KON	_	702	CD	_	0	*
_	0	12	715	3882	3885	dem	der	ART	ART	case=dat|number=sg|gender=masc	716	NK	_	0	(NP*
_	0	12	716	3886	3893	Vorfall	vorfall	NN	NN	case=dat|number=sg|gender=masc	714	CJ	_	0	*
_	0	12	717	3894	3904	irgendeine	irgendein	PR	PIAT	case=acc|number=sg|gender=fem	718	NK	_	0	(NP(AP*
_	0	12	718	3905	3918	gleichgültige	gleichgültig	ADJ	ADJA	case=acc|number=sg|gender=fem	721	NK	_	0	(CAP*
_	0	12	719	3919	3922	und	und	CONJ	KON	_	718	CD	_	0	*
_	0	12	720	3923	3932	zufällige	zufällig	ADJ	ADJA	case=acc|number=sg|gender=fem|degree=pos	719	CJ	_	0	*))
_	0	12	721	3933	3940	Ursache	ursache	NN	NN	case=acc|number=sg|gender=fem	716	AG	_	0	*
_	0	12	722	3940	3941	,	--	PUNC	$,	_	721	--	_	0	*
_	0	12	723	3942	3945	die	der	PR	PRELS	case=nom|number=sg|gender=fem	727	SB	_	0	(S*
_	0	12	724	3946	3950	sich	sich	PR	PRF	case=acc|number=sg|person=3	725	OA	_	0	(VP(VP*
_	0	12	725	3951	3960	entdecken	entdecken	V	VVINF	_	726	OC	_	0	*)
_	0	12	726	3961	3967	lassen	lassen	V	VVINF	_	727	OC	_	0	*)
_	0	12	727	3968	3973	müsse	müssen	V	VMFIN	number=sg|person=3|tense=pres|mood=subj	721	RC	_	0	*))))
_	0	12	728	3973	3974	,	--	PUNC	$,	_	727	--	_	0	*
_	0	12	729	3975	3990	unterzuschieben	unterzuscheiben	V	VVPP	_	716	OC	_	0	(VP*)
_	0	12	730	3990	3991	.	--	PUNC	$.	_	729	--	_	0	*))
_	0	13	731	3992	3994	Am	an	PP	APPRART	_	759	MO	_	0	(TOP(S(PP*
_	0	13	732	3995	4000	Abend	abend	NN	NN	case=acc|number=sg|gender=masc	731	NK	_	0	*
_	0	13	733	4001	4004	des	der	ART	ART	case=gen|number=sg|gender=masc	735	NK	_	0	(NP*
_	0	13	734	4005	4012	dritten	dritter	ADJ	ADJA	case=gen|number=sg|gender=masc|degree=pos	735	NK	_	0	*
_	0	13	735	4013	4018	Tages	tag	NN	NN	case=gen|number=sg|gender=masc	732	AG	_	0	*
_	0	13	736	4018	4019	,	--	PUNC	$,	_	735	--	_	0	*
_	0	13	737	4020	4022	da	da	CONJ	KOUS	_	757	CP	_	0	(S*
_	0	13	738	4023	4028	beide	beide	PR	PIS	case=nom|number=pl|gender=*	757	SB	_	0	(NP*)
_	0	13	739	4028	4029	,	--	PUNC	$,	_	738	--	_	0	*
_	0	13	740	4030	4032	um	um	CONJ	KOUI	_	747	CP	_	0	(VP*
_	0	13	741	4033	4036	der	der	ART	ART	case=dat|number=sg|gender=fem	742	NK	_	0	(NP*
_	0	13	742	4037	4042	Sache	sache	NN	NN	case=dat|number=sg|gender=fem	747	DA	_	0	*
_	0	13	743	4043	4046	auf	auf	PP	APPR	_	747	MO	_	0	(PP*
_	0	13	744	4047	4050	den	der	ART	ART	case=acc|number=sg|gender=masc	745	NK	_	0	*
_	0	13	745	4051	4056	Grund	grund	NN	NN	case=acc|number=sg|gender=masc	743	NK	_	0	*))
_	0	13	746	4057	4059	zu	zu	O	PTKZU	_	747	PM	_	0	(VZ*
_	0	13	747	4060	4066	kommen	kommen	V	VVINF	_	738	CC	_	0	*))
_	0	13	748	4066	4067	,	--	PUNC	$,	_	747	--	_	0	*
_	0	13	749	4068	4071	mit	mit	PP	APPR	_	757	MO	_	0	(PP*
_	0	13	750	4072	4083	Herzklopfen	herzklopfen	NN	NN	case=dat|number=pl|gender=masc	749	NK	_	0	*)
_	0	13	751	4084	4090	wieder	wieder	ADV	ADV	_	757	MO	_	0	*
_	0	13	752	4091	4094	die	der	ART	ART	case=acc|number=sg|gender=fem	753	NK	_	0	(NP*
_	0	13	753	4095	4101	Treppe	treppe	NN	NN	case=acc|number=sg|gender=fem	757	OA	_	0	*
_	0	13	754	4102	4104	zu	zu	PP	APPR	_	753	MNR	_	0	(PP*
_	0	13	755	4105	4108	dem	der	ART	ART	case=dat|number=sg|gender=neut	756	NK	_	0	*
_	0	13	756	4109	4122	Fremdenzimmer	fremdenzimmer	NN	NN	case=dat|number=sg|gender=neut	754	NK	_	0	*))
_	0	13	757	4123	4132	bestiegen	bestiegen	V	VVFIN	_	731	MO	_	0	*)))
_	0	13	758	4132	4133	,	--	PUNC	$,	_	757	--	_	0	*
_	0	13	759	4134	4138	fand	finden	V	VVFIN	number=sg|person=3|tense=past|mood=ind	_	_	_	0	*
_	0	13	760	4139	4143	sich	sich	PR	PRF	case=acc|number=sg|person=3	759	OA	_	0	*
_	0	13	761	4144	4152	zufällig	zufällig	ADJ	ADJD	degree=pos	759	MO	_	0	*
_	0	13	762	4153	4156	der	der	ART	ART	case=nom|number=sg|gender=masc	763	NK	_	0	(NP*
_	0	13	763	4157	4165	Haushund	haushund	NN	NN	case=nom|number=sg|gender=masc	759	SB	_	0	*
_	0	13	764	4165	4166	,	--	PUNC	$,	_	763	--	_	0	*
_	0	13	765	4167	4170	den	der	ART	ART	case=acc|number=sg|gender=masc	770	OA	_	0	(S(NP*
_	0	13	766	4171	4174	man	man	PR	PIS	case=nom|number=sg|gender=*	771	SB	_	0	*)
_	0	13	767	4175	4178	von	von	PP	APPR	_	770	SBP	_	0	(VP(PP*
_	0	13	768	4179	4182	der	der	ART	ART	case=dat|number=sg|gender=fem	769	NK	_	0	*
_	0	13	769	4183	4188	Kette	kette	NN	NN	case=dat|number=sg|gender=fem	767	NK	_	0	*)
_	0	13	770	4189	4200	losgelassen	loslassen	V	VVPP	_	771	OC	_	0	*)
_	0	13	771	4201	4206	hatte	haben	V	VAFIN	number=sg|person=3|tense=past|mood=ind	763	RC	_	0	*))
_	0	13	772	4206	4207	,	--	PUNC	$,	_	771	--	_	0	*
_	0	13	773	4208	4211	vor	vor	PP	APPR	_	759	MO	_	0	(PP*
_	0	13	774	4212	4215	der	der	ART	ART	case=dat|number=sg|gender=fem	775	NK	_	0	*
_	0	13	775	4216	4219	Tür	tür	NN	NN	case=dat|number=sg|gender=fem	773	NK	_	0	*)
_	0	13	776	4220	4229	desselben	derselbe	PR	PDS	case=gen|number=sg|gender=neut	781	NK	_	0	(NP*)
_	0	13	777	4230	4233	ein	ein	V	PTKVZ	case=nom|number=sg|gender=masc	759	SVP	_	0	*
_	0	13	778	4233	4234	;	--	PUNC	$.	_	777	--	_	0	*
_	0	13	779	4235	4245	dergestalt	dergestalt	ADV	ADV	_	787	MO	_	0	(S*
_	0	13	780	4246	4249	daß	daß	CONJ	KOUS	_	787	CP	_	0	*
_	0	13	781	4250	4255	beide	beide	PR	PIS	case=nom|number=pl|gender=*	787	AMS	_	0	(NP(AP*
_	0	13	782	4255	4256	,	--	PUNC	$,	_	781	--	_	0	*
_	0	13	783	4257	4261	ohne	ohne	CONJ	KOUI	_	787	CP	_	0	(VP*
_	0	13	784	4262	4266	sich	sich	PR	PRF	case=acc|number=pl|person=3	785	OA	_	0	(VP*
_	0	13	785	4267	4275	bestimmt	bestimmen	V	VVPP	_	787	OC	_	0	*)
_	0	13	786	4276	4278	zu	zu	O	PTKZU	_	787	PM	_	0	(VZ*
_	0	13	787	4279	4287	erklären	erklären	V	VVINF	_	769	OC	_	0	*)))
_	0	13	788	4287	4288	,	--	PUNC	$,	_	787	--	_	0	*
_	0	13	789	4289	4299	vielleicht	vielleicht	ADV	ADV	_	790	MO	_	0	(NP(S*
_	0	13	790	4300	4302	in	in	PP	APPR	_	787	CJ	_	0	(PP*
_	0	13	791	4303	4306	der	der	ART	ART	case=dat|number=sg|gender=fem	793	NK	_	0	*
_	0	13	792	4307	4322	unwillkürlichen	unwillkürlich	ADJ	ADJA	case=dat|number=sg|gender=fem	793	NK	_	0	*
_	0	13	793	4323	4330	Absicht	absicht	NN	NN	case=nom|number=sg|gender=fem	790	NK	_	0	*)
_	0	13	794	4330	4331	,	--	PUNC	$,	_	793	--	_	0	*
_	0	13	795	4332	4337	außer	außer	PP	APPR	_	800	MNR	_	0	(NP(PP*
_	0	13	796	4338	4342	sich	sich	PR	PRF	case=acc|number=sg|person=3	795	NK	_	0	*
_	0	13	797	4343	4349	selbst	selbst	ADV	ADV	_	796	MNR	_	0	*
_	0	13	798	4350	4354	noch	noch	ADV	ADV	_	800	MO	_	0	*)
_	0	13	799	4355	4360	etwas	etwas	PR	PIAT	case=*|number=*|gender=*	800	NK	_	0	*
_	0	13	800	4361	4368	Drittes	dritter	NN	NN	case=nom|number=sg|gender=neut|degree=pos	793	PAR	_	0	*
_	0	13	801	4368	4369	,	--	PUNC	$,	_	800	--	_	0	*
_	0	13	802	4370	4380	Lebendiges	lebendig	NN	NN	case=nom|number=sg|gender=neut	800	CJ	_	0	(VP(NP*
_	0	13	803	4380	4381	,	--	PUNC	$,	_	802	--	_	0	*
_	0	13	804	4382	4385	bei	bei	PP	APPR	_	807	MO	_	0	(PP*
_	0	13	805	4386	4390	sich	sich	PR	PRF	case=acc|number=pl|person=3	804	NK	_	0	*))
_	0	13	806	4391	4393	zu	zu	O	PTKZU	_	807	PM	_	0	(VZ*
_	0	13	807	4394	4399	haben	haben	V	VAINF	_	802	OC	_	0	*))))
_	0	13	808	4399	4400	,	--	PUNC	$,	_	807	--	_	0	*
_	0	13	809	4401	4404	den	der	ART	ART	case=acc|number=sg|gender=masc	816	OA	_	0	*
_	0	13	810	4405	4409	Hund	hund	NN	NN	case=acc|number=sg|gender=masc	816	OA	_	0	*))
_	0	13	811	4410	4413	mit	mit	PP	APPR	_	816	MO	_	0	(PP*
_	0	13	812	4414	4418	sich	sich	PR	PRF	case=acc|number=sg|person=3	811	NK	_	0	*)
_	0	13	813	4419	4421	in	in	PP	APPR	_	816	MO	_	0	(PP*
_	0	13	814	4422	4425	das	der	ART	ART	case=nom|number=sg|gender=neut	815	NK	_	0	*
_	0	13	815	4426	4432	Zimmer	zimmer	NN	NN	case=*|number=*|gender=*|degree=pos	813	NK	_	0	*)
_	0	13	816	4433	4439	nahmen	nehmen	V	VVFIN	number=pl|person=3|tense=past|mood=ind	793	RC	_	0	*)
_	0	13	817	4439	4440	.	--	PUNC	$.	_	816	--	_	0	*))
_	0	14	818	4441	4444	Das	der	ART	ART	case=nom|number=sg|gender=neut	819	NK	_	0	(TOP(CS(S(NP*
_	0	14	819	4445	4452	Ehepaar	ehepaar	NN	NN	case=nom|number=sg|gender=neut	847	SB	_	0	*
_	0	14	820	4452	4453	,	--	PUNC	$,	_	819	--	_	0	*
_	0	14	821	4454	4458	zwei	zwei	CARD	CARD	_	822	NK	_	0	(S(CO(CNP(NP*
_	0	14	822	4459	4466	Lichter	licht	NN	NN	case=dat|number=*|gender=masc	819	CJ	_	0	*
_	0	14	823	4467	4470	auf	auf	PP	APPR	_	822	MNR	_	0	(PP*
_	0	14	824	4471	4474	dem	der	ART	ART	case=dat|number=sg|gender=neut	825	NK	_	0	*
_	0	14	825	4475	4480	Tisch	tisch	NN	NN	case=dat|number=sg|gender=neut	823	NK	_	0	*))
_	0	14	826	4480	4481	,	--	PUNC	$,	_	825	--	_	0	*
_	0	14	827	4482	4485	die	der	ART	ART	case=acc|number=pl|gender=masc	828	NK	_	0	(NP*
_	0	14	828	4486	4494	Marquise	marquise	NN	NN	case=acc|number=pl|gender=masc	822	CJ	_	0	*
_	0	14	829	4495	4507	unausgezogen	unausgezogen	ADJ	ADJD	_	828	UC	_	0	*))
_	0	14	830	4507	4508	,	--	PUNC	$,	_	829	--	_	0	*
_	0	14	831	4509	4512	der	der	ART	ART	case=nom|number=sg|gender=masc	832	NK	_	0	(S(NP*
_	0	14	832	4513	4521	Marchese	marchese	NN	NN	case=nom|number=sg|gender=masc	828	CJ	_	0	*
_	0	14	833	4522	4527	Degen	degen	NN	NN	case=dat|number=sg|gender=masc	832	NK	_	0	(CNP*
_	0	14	834	4528	4531	und	und	CONJ	KON	_	833	CD	_	0	*
_	0	14	835	4532	4540	Pistolen	pistole	NN	NN	case=dat|number=pl|gender=neut	834	CJ	_	0	*))
_	0	14	836	4540	4541	,	--	PUNC	$,	_	835	--	_	0	*
_	0	14	837	4542	4545	die	der	PR	PRELS	case=acc|number=pl|gender=neut	842	OA	_	0	(CS(S*
_	0	14	838	4546	4548	er	er	PR	PPER	case=nom|number=sg|gender=masc|person=3	842	SB	_	0	(VP*
_	0	14	839	4549	4552	aus	aus	PP	APPR	_	842	MO	_	0	(PP*
_	0	14	840	4553	4556	dem	der	ART	ART	case=dat|number=sg|gender=masc	841	NK	_	0	*
_	0	14	841	4557	4564	Schrank	schrank	NN	NN	case=dat|number=sg|gender=masc	839	NK	_	0	*)
_	0	14	842	4565	4573	genommen	nehmen	V	VVPP	_	832	RC	_	0	*
_	0	14	843	4573	4574	,	--	PUNC	$,	_	842	--	_	0	*
_	0	14	844	4575	4580	neben	neben	PP	APPR	_	842	MO	_	0	(CS(S(PP*
_	0	14	845	4581	4585	sich	sich	PR	PRF	case=acc|number=sg|person=3	844	NK	_	0	*)
_	0	14	846	4585	4586	,	--	PUNC	$,	_	845	--	_	0	*
_	0	14	847	4587	4593	setzen	setzen	V	VVFIN	number=pl|person=3|tense=pres|mood=ind	_	_	_	0	*
_	0	14	848	4594	4598	sich	sich	PR	PRF	case=acc|number=pl|person=3	847	OA	_	0	*
_	0	14	849	4599	4604	gegen	gegen	PP	APPR	_	847	MO	_	0	(NP(PP*
_	0	14	850	4605	4608	elf	elf	CARD	CARD	_	851	NK	_	0	*
_	0	14	851	4609	4612	Uhr	uhr	NN	NN	case=acc|number=sg|gender=fem	849	NK	_	0	*)
_	0	14	852	4613	4618	jeder	jeder	PR	PIS	case=nom|number=sg|gender=masc	847	MO	_	0	*)
_	0	14	853	4619	4622	auf	auf	PP	APPR	_	847	MO	_	0	(PP*
_	0	14	854	4623	4627	sein	sein	PR	PPOSAT	case=acc|number=sg|gender=neut	855	NK	_	0	*
_	0	14	855	4628	4632	Bett	bett	NN	NN	case=acc|number=sg|gender=neut	853	NK	_	0	*))
_	0	14	856	4632	4633	;	--	PUNC	$.	_	855	--	_	0	*
_	0	14	857	4634	4637	und	und	CONJ	KON	_	847	CD	_	0	(S*
_	0	14	858	4638	4645	während	während	CONJ	KOUS	_	867	CP	_	0	(S*
_	0	14	859	4646	4649	sie	sie	PR	PPER	case=nom|number=pl|gender=masc|person=3	867	SB	_	0	*
_	0	14	860	4650	4654	sich	sich	PR	PRF	case=acc|number=pl|person=3	867	OA	_	0	*
_	0	14	861	4655	4658	mit	mit	PP	APPR	_	865	MO	_	0	(PP*
_	0	14	862	4659	4669	Gesprächen	gespräch	NN	NN	case=dat|number=pl|gender=neut	861	NK	_	0	*)
_	0	14	863	4669	4670	,	--	PUNC	$,	_	862	--	_	0	*
_	0	14	864	4671	4673	so	so	ADV	ADV	_	865	MO	_	0	(S(AP*
_	0	14	865	4674	4677	gut	gut	ADJ	ADJD	degree=pos	867	MO	_	0	*)
_	0	14	866	4678	4681	sie	sie	PR	PPER	case=nom|number=pl|gender=masc|person=3	867	SB	_	0	*
_	0	14	867	4682	4690	vermögen	vermögen	V	VVFIN	number=pl|person=3|tense=pres|mood=ind	919	MO	_	0	*)
_	0	14	868	4690	4691	,	--	PUNC	$,	_	867	--	_	0	*
_	0	14	869	4692	4694	zu	zu	PP	APPR	_	870	PM	_	0	(PP*
_	0	14	870	4695	4706	unterhalten	unterhalten	ADJ	ADJA	_	871	MO	_	0	*)
_	0	14	871	4707	4713	suchen	suchen	V	VVFIN	_	857	CJ	_	0	*)
_	0	14	872	4713	4714	,	--	PUNC	$,	_	871	--	_	0	*
_	0	14	873	4715	4719	legt	legen	V	VVFIN	number=sg|person=3|tense=pres|mood=ind	847	CJ	_	0	*
_	0	14	874	4720	4724	sich	sich	PR	PRF	case=acc|number=sg|person=3	873	OA	_	0	*
_	0	14	875	4725	4728	der	der	ART	ART	case=nom|number=sg|gender=masc	876	NK	_	0	(NP*
_	0	14	876	4729	4733	Hund	hund	NN	NN	case=nom|number=sg|gender=masc	873	SB	_	0	*)
_	0	14	877	4733	4734	,	--	PUNC	$,	_	876	--	_	0	*
_	0	14	878	4735	4739	Kopf	kopf	NN	NN	case=acc|number=sg|gender=masc	876	CJ	_	0	(VP(CNP*
_	0	14	879	4740	4743	und	und	CONJ	KON	_	878	CD	_	0	*
_	0	14	880	4744	4749	Beine	bein	NN	NN	case=acc|number=sg|gender=fem	879	CJ	_	0	*)
_	0	14	881	4750	4766	zusammengekauert	zusammengekauern	V	VVPP	_	873	OC	_	0	*)
_	0	14	882	4766	4767	,	--	PUNC	$,	_	881	--	_	0	*
_	0	14	883	4768	4770	in	in	PP	APPR	_	873	MO	_	0	(PP*
_	0	14	884	4771	4774	der	der	ART	ART	case=dat|number=sg|gender=fem	885	NK	_	0	*
_	0	14	885	4775	4780	Mitte	mitte	NN	NN	case=dat|number=sg|gender=fem	883	NK	_	0	*
_	0	14	886	4781	4784	des	der	ART	ART	case=gen|number=sg|gender=masc	887	NK	_	0	(NP*
_	0	14	887	4785	4792	Zimmers	zimmer	NN	NN	case=gen|number=sg|gender=masc	885	AG	_	0	*))
_	0	14	888	4793	4799	nieder	nieder	V	PTKVZ	_	873	SVP	_	0	*))))
_	0	14	889	4800	4803	und	und	CONJ	KON	_	873	CD	_	0	*
_	0	14	890	4804	4811	schläft	schlafen	V	VVFIN	number=sg|person=3|tense=pres|mood=ind	889	CJ	_	0	(S*
_	0	14	891	4812	4815	ein	ein	V	PTKVZ	_	890	SVP	_	0	*
_	0	14	892	4815	4816	,	--	PUNC	$,	_	891	--	_	0	*
_	0	14	893	4817	4822	Drauf	drauf	NN	NN	case=nom|number=sg|gender=masc	901	MO	_	0	(VP(NP*
_	0	14	894	4822	4823	,	--	PUNC	$,	_	893	--	_	0	*
_	0	14	895	4824	4826	in	in	PP	APPR	_	901	MO	_	0	(S(PP*
_	0	14	896	4827	4830	dem	der	ART	ART	case=dat|number=sg|gender=masc	895	NK	_	0	*
_	0	14	897	4831	4841	Augenblick	augenblick	NN	NN	case=dat|number=sg|gender=masc	901	MO	_	0	*
_	0	14	898	4842	4845	der	der	ART	ART	case=nom|number=sg|gender=masc	899	NK	_	0	(NP*
_	0	14	899	4846	4857	Mitternacht	mitternacht	NN	NN	case=nom|number=sg|gender=masc	897	AG	_	0	*)
_	0	14	900	4857	4858	,	--	PUNC	$,	_	899	--	_	0	*
_	0	14	901	4859	4863	läßt	lassen	V	VVFIN	number=sg|person=3|tense=pres|mood=ind	890	CJ	_	0	(S*
_	0	14	902	4864	4868	sich	sich	PR	PRF	case=acc|number=sg|person=3	907	OA	_	0	*))
_	0	14	903	4869	4872	das	der	ART	ART	case=nom|number=sg|gender=neut	905	NK	_	0	(NP*
_	0	14	904	4873	4885	entsetzliche	entsetzlich	ADJ	ADJA	case=nom|number=sg|gender=neut	905	NK	_	0	*
_	0	14	905	4886	4894	Geräusch	geräusch	NN	NN	number=sg|person=3|tense=past|mood=ind	901	SB	_	0	*)))
_	0	14	906	4895	4901	wieder	wieder	ADV	ADV	_	907	MO	_	0	*
_	0	14	907	4902	4907	hören	hören	V	VVINF	_	901	OC	_	0	*))))
_	0	14	908	4907	4908	;	--	PUNC	$.	_	907	--	_	0	*)
_	0	14	909	4909	4915	jemand	jemand	PR	PIS	number=sg|person=1|tense=past|mood=ind	901	SB	_	0	(VP(NP*)
_	0	14	910	4915	4916	,	--	PUNC	$,	_	909	--	_	0	*
_	0	14	911	4917	4920	den	der	ART	ART	case=acc|number=sg|gender=masc	917	SB	_	0	(NP*
_	0	14	912	4921	4925	kein	kein	PR	PIAT	case=nom|number=sg|gender=masc	913	NK	_	0	(AP*)
_	0	14	913	4926	4932	Mensch	mensch	NN	NN	case=nom|number=sg|gender=masc	916	OA	_	0	*)
_	0	14	914	4933	4936	mit	mit	PP	APPR	_	916	MO	_	0	(PP*
_	0	14	915	4937	4942	Augen	auge	NN	NN	case=dat|number=pl|gender=neut	914	NK	_	0	*)
_	0	14	916	4943	4948	sehen	sehen	V	VVINF	_	917	OC	_	0	*)
_	0	14	917	4949	4953	kann	können	V	VMFIN	number=sg|person=3|tense=pres|mood=ind	909	RC	_	0	*))
_	0	14	918	4953	4954	,	--	PUNC	$,	_	917	--	_	0	*
_	0	14	919	4955	4959	hebt	heben	V	VVFIN	number=sg|person=3|tense=pres|mood=ind	901	OC	_	0	*
_	0	14	920	4960	4964	sich	sich	PR	PRF	case=acc|number=sg|person=3	919	OA	_	0	*
_	0	14	921	4965	4968	auf	auf	PP	APPR	_	919	MO	_	0	(PP*
_	0	14	922	4969	4976	Krücken	krücke	NN	NN	case=acc|number=pl|gender=fem	921	NK	_	0	*
_	0	14	923	4977	4979	im	in	PP	APPRART	case=dat|number=sg|gender=neut	922	MNR	_	0	(PP*
_	0	14	924	4980	4992	Zimmerwinkel	zimmerwinkel	NN	NN	case=dat|number=sg|gender=neut	923	NK	_	0	*))
_	0	14	925	4993	4998	empor	empor	V	PTKVZ	_	919	SVP	_	0	*)
_	0	14	926	4998	4999	;	--	PUNC	$.	_	925	--	_	0	*
_	0	14	927	5000	5003	man	man	PR	PIS	case=nom|number=sg|gender=*	919	SB	_	0	(S*
_	0	14	928	5004	5008	hört	hören	V	VVFIN	number=sg|person=3|tense=pres|mood=ind	919	MO	_	0	*
_	0	14	929	5009	5012	das	der	ART	ART	case=acc|number=sg|gender=neut	930	NK	_	0	(NP*
_	0	14	930	5013	5018	Stroh	stroh	NN	NN	case=acc|number=sg|gender=neut	928	SB	_	0	*
_	0	14	931	5018	5019	,	--	PUNC	$,	_	930	--	_	0	*
_	0	14	932	5020	5023	das	der	PR	PRELS	case=nom|number=sg|gender=neut	935	SB	_	0	(S*
_	0	14	933	5024	5029	unter	unter	PP	APPR	_	935	MO	_	0	(PP*
_	0	14	934	5030	5033	ihm	ihm	PR	PPER	case=dat|number=sg|gender=masc|person=3	933	NK	_	0	*)
_	0	14	935	5034	5041	rauscht	rauschen	V	VVFIN	number=sg|person=3|tense=pres|mood=ind	930	RC	_	0	*)))
_	0	14	936	5041	5042	;	--	PUNC	$.	_	935	--	_	0	*
_	0	14	937	5043	5046	und	und	CONJ	KON	_	928	CD	_	0	*
_	0	14	938	5047	5050	mit	mit	PP	APPR	_	937	CJ	_	0	(S(PP*
_	0	14	939	5051	5054	dem	der	ART	ART	case=dat|number=sg|gender=masc	941	NK	_	0	*
_	0	14	940	5055	5061	ersten	erster	ADJ	ADJA	case=dat|number=sg|gender=masc	941	NK	_	0	*
_	0	14	941	5062	5069	Schritt	schritt	NN	NN	case=dat|number=sg|gender=masc	938	NK	_	0	*
_	0	14	942	5069	5070	:	--	PUNC	$.	_	941	--	_	0	*
_	0	14	943	5071	5075	tapp	tapp	ADJ	ADJD	_	938	PD	_	0	(CO*)))
_	0	14	944	5075	5076	!	--	PUNC	$.	_	943	--	_	0	*))
_	0	15	945	5077	5081	tapp	tapp	ADJ	ADJD	_	_	_	_	0	(TOP(NUR*
_	0	15	946	5081	5082	!	--	PUNC	$.	_	945	--	_	0	*))
_	0	16	947	5083	5090	erwacht	erwachen	V	VVFIN	_	951	MO	_	0	(TOP(CS(S(S*
_	0	16	948	5091	5094	der	der	ART	ART	case=nom|number=sg|gender=masc	949	NK	_	0	(NP*
_	0	16	949	5095	5099	Hund	hund	NN	NN	case=nom|number=sg|gender=masc	947	SB	_	0	*))
_	0	16	950	5099	5100	,	--	PUNC	$,	_	949	--	_	0	*
_	0	16	951	5101	5105	hebt	heben	V	VVFIN	number=sg|person=3|tense=pres|mood=ind	_	_	_	0	*
_	0	16	952	5106	5110	sich	sich	PR	PRF	case=acc|number=sg|person=3	951	OA	_	0	*
_	0	16	953	5111	5120	plötzlich	plötzlich	ADJ	ADJD	degree=pos	951	MO	_	0	*)
_	0	16	954	5120	5121	,	--	PUNC	$,	_	953	--	_	0	*
_	0	16	955	5122	5125	die	der	ART	ART	case=acc|number=pl|gender=neut	956	NK	_	0	(S(NP*
_	0	16	956	5126	5131	Ohren	ohr	NN	NN	case=acc|number=pl|gender=neut	957	OA	_	0	*)
_	0	16	957	5132	5140	spitzend	spitzend	ADJ	ADJD	degree=pos	953	CJ	_	0	(AP*
_	0	16	958	5140	5141	,	--	PUNC	$,	_	957	--	_	0	*
_	0	16	959	5142	5145	vom	von	PP	APPRART	case=dat|number=sg|gender=neut	961	SBP	_	0	(PP*
_	0	16	960	5146	5151	Boden	boden	NN	NN	case=dat|number=sg|gender=neut	959	NK	_	0	*))
_	0	16	961	5152	5157	empor	empor	V	VVFIN	_	957	CJ	_	0	*
_	0	16	962	5157	5158	,	--	PUNC	$,	_	961	--	_	0	*
_	0	16	963	5159	5162	und	und	CONJ	KON	_	961	CD	_	0	(S(AP(CAP*
_	0	16	964	5163	5171	knurrend	knurrend	ADJ	ADJD	degree=pos	957	CJ	_	0	*
_	0	16	965	5172	5175	und	und	CONJ	KON	_	964	CD	_	0	*
_	0	16	966	5176	5183	bellend	bellend	ADJ	ADJD	degree=pos	965	CJ	_	0	*))
_	0	16	967	5183	5184	,	--	PUNC	$,	_	966	--	_	0	*
_	0	16	968	5185	5190	grad'	grad'	V	VVFIN	_	966	CJ	_	0	(S*)))
_	0	16	969	5191	5194	als	als	CONJ	KOKOM	_	976	CM	_	0	(S*
_	0	16	970	5195	5197	ob	ob	CONJ	KOUS	_	976	CP	_	0	*
_	0	16	971	5198	5201	ein	ein	ART	ART	case=nom|number=sg|gender=masc	972	NK	_	0	(NP*
_	0	16	972	5202	5208	Mensch	mensch	NN	NN	case=nom|number=sg|gender=masc	976	SB	_	0	*)
_	0	16	973	5209	5212	auf	auf	PP	APPR	_	975	MO	_	0	(VP(PP*
_	0	16	974	5213	5216	ihn	ihn	PR	PPER	case=acc|number=sg|gender=masc|person=3	973	NK	_	0	*)
_	0	16	975	5217	5231	eingeschritten	einschreiten	V	VVPP	_	976	MO	_	0	*)
_	0	16	976	5232	5236	käme	kommen	V	VVFIN	number=sg|person=3|tense=past|mood=subj	966	CC	_	0	*)
_	0	16	977	5236	5237	,	--	PUNC	$,	_	976	--	_	0	*
_	0	16	978	5238	5247	rückwärts	rückwärts	ADV	ADV	_	979	MO	_	0	(S(PP*
_	0	16	979	5248	5253	gegen	gegen	PP	APPR	_	982	MO	_	0	*
_	0	16	980	5254	5257	den	der	ART	ART	case=acc|number=sg|gender=masc	981	NK	_	0	*
_	0	16	981	5258	5262	Ofen	ofe	NN	NN	case=acc|number=sg|gender=masc	979	NK	_	0	*)
_	0	16	982	5263	5269	weicht	weichen	V	VVFIN	number=sg|person=3|tense=pres|mood=ind	963	CJ	_	0	*
_	0	16	983	5270	5272	er	er	PR	PPER	case=nom|number=sg|gender=masc|person=3	982	SB	_	0	*
_	0	16	984	5273	5276	aus	aus	V	PTKVZ	_	982	SVP	_	0	*)
_	0	16	985	5276	5277	.	--	PUNC	$.	_	984	--	_	0	*))
_	0	17	986	5278	5281	Bei	bei	PP	APPR	_	989	MO	_	0	(TOP(S(PP*
_	0	17	987	5282	5288	diesem	dieser	PR	PDAT	case=dat|number=sg|gender=masc	988	NK	_	0	*
_	0	17	988	5289	5296	Anblick	anblick	NN	NN	case=dat|number=sg|gender=masc	986	NK	_	0	*)
_	0	17	989	5297	5303	stürzt	stürzen	V	VVFIN	number=sg|person=3|tense=pres|mood=ind	_	_	_	0	*
_	0	17	990	5304	5307	die	der	ART	ART	case=nom|number=sg|gender=fem	991	NK	_	0	(NP*
_	0	17	991	5308	5316	Marquise	marquise	NN	NN	case=nom|number=sg|gender=fem	989	OA	_	0	*
_	0	17	992	5317	5320	mit	mit	PP	APPR	_	989	MO	_	0	(PP*
_	0	17	993	5321	5332	sträubenden	sträubend	ADJ	ADJA	case=dat|number=pl|gender=fem|degree=pos	994	NK	_	0	*
_	0	17	994	5333	5339	Haaren	haar	NN	NN	case=dat|number=pl|gender=fem	992	NK	_	0	*))
_	0	17	995	5340	5343	aus	aus	PP	APPR	_	994	MNR	_	0	(PP*
_	0	17	996	5344	5347	dem	der	ART	ART	case=dat|number=sg|gender=neut	997	NK	_	0	*
_	0	17	997	5348	5354	Zimmer	zimmer	NN	NN	case=dat|number=sg|gender=neut	995	NK	_	0	*)
_	0	17	998	5354	5355	;	--	PUNC	$.	_	997	--	_	0	*
_	0	17	999	5356	5359	und	und	CONJ	KON	_	989	CD	_	0	(S*
_	0	17	1000	5360	5367	während	während	PP	APPR	_	1014	MO	_	0	(S(PP*
_	0	17	1001	5368	5371	der	der	ART	ART	case=nom|number=sg|gender=masc	1002	NK	_	0	*
_	0	17	1002	5372	5380	Marchese	marchese	NN	NN	case=nom|number=sg|gender=masc	1000	NK	_	0	*
_	0	17	1003	5380	5381	,	--	PUNC	$,	_	1002	--	_	0	*
_	0	17	1004	5382	5385	der	der	PR	PRELS	case=nom|number=sg|gender=masc	1007	SB	_	0	(S*
_	0	17	1005	5386	5389	den	der	ART	ART	case=dat|number=pl|gender=*	1006	NK	_	0	(NP*
_	0	17	1006	5390	5395	Degen	degen	NN	NN	case=dat|number=pl|gender=*	1007	OA	_	0	*)
_	0	17	1007	5396	5405	ergriffen	ergreifen	V	VVFIN	_	1002	RC	_	0	*
_	0	17	1008	5405	5406	:	--	PUNC	$.	_	1007	--	_	0	*
_	0	17	1009	5407	5408	»	»	O	XY	_	_	_	_	0	(CS(CS(S*
_	0	17	1010	5408	5411	Wer	wer	PR	PWS	case=nom|number=sg|gender=masc	1014	SB	_	1	(NP*)
_	0	17	1011	5412	5414	da	da	V	PTKVZ	_	1014	MO	_	1	*)
_	0	17	1012	5414	5415	?	--	PUNC	$.	_	1011	--	_	1	*
_	0	17	1013	5415	5416	«	«	O	XY	_	_	_	_	0	(S*
_	0	17	1014	5417	5421	ruft	rufen	V	VVFIN	number=sg|person=3|tense=pres|mood=ind	999	CJ	_	0	(PP(S(VP(CO(AVP(S*)
_	0	17	1015	5421	5422	,	--	PUNC	$,	_	1014	--	_	0	*
_	0	17	1016	5423	5426	und	und	CONJ	KON	_	1014	CD	_	0	*))
_	0	17	1017	5426	5427	,	--	PUNC	$,	_	1016	--	_	0	*
_	0	17	1018	5428	5430	da	da	CONJ	KOUS	_	1021	CP	_	0	(S*
_	0	17	1019	5431	5434	ihm	ihm	PR	PPER	case=dat|number=sg|gender=masc|person=3	1021	DA	_	0	(NP*
_	0	17	1020	5435	5442	niemand	niemand	PR	PIS	case=nom|number=sg|gender=masc	1021	MO	_	0	*)
_	0	17	1021	5443	5452	antwortet	antworten	V	VVFIN	number=sg|person=3|tense=pres|mood=ind	1033	MO	_	0	*
_	0	17	1022	5452	5453	,	--	PUNC	$,	_	1021	--	_	0	*
_	0	17	1023	5454	5460	gleich	gleich	ADV	ADV	_	1031	MO	_	0	(VP*)))
_	0	17	1024	5461	5466	einem	ein	ART	ART	case=dat|number=sg|gender=masc	1025	NK	_	0	(NP*
_	0	17	1025	5467	5475	Rasenden	rasend	NN	NN	case=dat|number=sg|gender=masc|degree=pos	1031	OA	_	0	*)
_	0	17	1026	5476	5480	nach	nach	PP	APPR	_	1031	MO	_	0	(PP*
_	0	17	1027	5481	5486	allen	aller	PR	PIAT	case=dat|number=pl|gender=fem	1028	NK	_	0	*
_	0	17	1028	5487	5497	Richtungen	richtung	NN	NN	case=dat|number=pl|gender=fem	1026	NK	_	0	*
_	0	17	1029	5498	5501	die	der	ART	ART	case=acc|number=sg|gender=fem	1030	NK	_	0	(NP*
_	0	17	1030	5502	5506	Luft	luft	NN	NN	case=acc|number=sg|gender=fem	1031	OA	_	0	*))
_	0	17	1031	5507	5516	durchhaut	durchhauen	V	VVFIN	number=sg|person=3|tense=pres|mood=ind	1021	CJ	_	0	*))))
_	0	17	1032	5516	5517	,	--	PUNC	$,	_	1031	--	_	0	*
_	0	17	1033	5518	5522	läßt	lassen	V	VVFIN	number=sg|person=3|tense=pres|mood=ind	1016	CJ	_	0	(S*))))
_	0	17	1034	5523	5526	sie	sie	PR	PPER	case=nom|number=sg|gender=fem|person=3	_	_	_	0	*
_	0	17	1035	5527	5536	anspannen	anspannen	V	VVFIN	_	1033	OC	_	0	*)
_	0	17	1036	5536	5537	,	--	PUNC	$,	_	1035	--	_	0	*
_	0	17	1037	5538	5550	entschlossen	entschließen	V	VVFIN	_	1033	OC	_	0	*
_	0	17	1038	5550	5551	,	--	PUNC	$,	_	1037	--	_	0	*
_	0	17	1039	5552	5566	augenblicklich	augenblicklich	ADJ	ADJD	degree=pos	1043	MO	_	0	(VP*
_	0	17	1040	5567	5571	nach	nach	PP	APPR	_	1043	MO	_	0	(PP*
_	0	17	1041	5572	5575	der	der	ART	ART	case=dat|number=sg|gender=fem	1042	NK	_	0	*
_	0	17	1042	5576	5581	Stadt	stadt	NN	NN	case=dat|number=sg|gender=fem	1040	NK	_	0	*)
_	0	17	1043	5582	5592	abzufahren	abfahren	V	VVIZU	_	1037	OC	_	0	*))
_	0	17	1044	5592	5593	.	--	PUNC	$.	_	1043	--	_	0	*))
_	0	18	1045	5594	5598	Aber	aber	CONJ	KON	_	1058	JU	_	0	(TOP(S(S*
_	0	18	1046	5599	5602	ehe	ehe	CONJ	KOUS	_	1056	CP	_	0	*
_	0	18	1047	5603	5606	sie	sie	PR	PPER	case=nom|number=pl|gender=*|person=3	1056	SB	_	0	*
_	0	18	1048	5607	5611	noch	noch	ADV	ADV	_	1049	MO	_	0	(PP*
_	0	18	1049	5612	5616	nach	nach	PP	APPR	_	1056	MO	_	0	*
_	0	18	1050	5617	5632	Zusammenraffung	zusammenraffung	NN	NN	case=dat|number=sg|gender=fem	1049	NK	_	0	*)
_	0	18	1051	5633	5640	einiger	einiger	PR	PIAT	case=gen|number=pl|gender=fem	1052	NK	_	0	(NP*
_	0	18	1052	5641	5647	Sachen	sache	NN	NN	case=gen|number=pl|gender=fem	1050	AG	_	0	*
_	0	18	1053	5648	5651	aus	aus	PP	APPR	_	1056	MO	_	0	(PP*
_	0	18	1054	5652	5655	dem	der	ART	ART	case=dat|number=sg|gender=neut	1055	NK	_	0	*
_	0	18	1055	5656	5660	Tore	tor	NN	NN	case=dat|number=sg|gender=neut	1053	NK	_	0	*))
_	0	18	1056	5661	5676	herausgerasselt	herausgerasseln	V	VVFIN	_	1058	MO	_	0	*)
_	0	18	1057	5676	5677	,	--	PUNC	$,	_	1056	--	_	0	*
_	0	18	1058	5678	5683	sieht	sehen	V	VVFIN	number=sg|person=3|tense=pres|mood=ind	_	_	_	0	*
_	0	18	1059	5684	5687	sie	sie	PR	PPER	case=nom|number=sg|gender=fem|person=3	1058	OA	_	0	*
_	0	18	1060	5688	5693	schon	schon	ADV	ADV	_	1058	MO	_	0	*
_	0	18	1061	5694	5697	das	der	ART	ART	case=acc|number=sg|gender=neut	1062	NK	_	0	(NP*
_	0	18	1062	5698	5704	Schloß	schloß	NN	NN	case=acc|number=sg|gender=neut	1066	OA	_	0	*)
_	0	18	1063	5705	5712	ringsum	ringsum	ADV	ADV	case=acc|number=sg|gender=neut	1066	MO	_	0	(VP(PP*
_	0	18	1064	5713	5715	in	in	PP	APPR	_	1066	MO	_	0	*
_	0	18	1065	5716	5723	Flammen	flamme	NN	NN	case=acc|number=pl|gender=fem	1064	NK	_	0	*)
_	0	18	1066	5724	5732	aufgehen	aufgehen	V	VVINF	_	1058	OC	_	0	*)
_	0	18	1067	5732	5733	.	--	PUNC	$.	_	1066	--	_	0	*))
_	0	19	1068	5734	5737	Der	der	ART	ART	case=nom|number=sg|gender=masc	1069	NK	_	0	(TOP(S(NP*
_	0	19	1069	5738	5746	Marchese	marchese	NN	NN	case=nom|number=sg|gender=masc	1075	SB	_	0	*
_	0	19	1070	5746	5747	,	--	PUNC	$,	_	1069	--	_	0	*
_	0	19	1071	5748	5751	von	von	PP	APPR	_	1073	SBP	_	0	(PP*
_	0	19	1072	5752	5761	Entsetzen	entsetzen	NN	NN	case=dat|number=sg|gender=neut	1071	NK	_	0	*))
_	0	19	1073	5762	5771	überreizt	überreizen	V	VVFIN	_	1069	RC	_	0	*
_	0	19	1074	5771	5772	,	--	PUNC	$,	_	1073	--	_	0	*
_	0	19	1075	5773	5778	hatte	haben	V	VAFIN	number=sg|person=3|tense=past|mood=ind	_	_	_	0	(CS(S*
_	0	19	1076	5779	5783	eine	ein	ART	ART	case=nom|number=sg|gender=fem	1077	NK	_	0	(VP(NP*
_	0	19	1077	5784	5789	Kerze	kerze	NN	NN	case=nom|number=sg|gender=fem	1078	OA	_	0	*)
_	0	19	1078	5790	5798	genommen	nehmen	V	VVPP	_	1075	OC	_	0	*))
_	0	19	1079	5799	5802	und	und	CONJ	KON	_	1078	CD	_	0	*
_	0	19	1080	5803	5811	dasselbe	derselbe	V	VVFIN	case=nom|number=sg|gender=neut	1079	CJ	_	0	(S*
_	0	19	1081	5811	5812	,	--	PUNC	$,	_	1080	--	_	0	*
_	0	19	1082	5813	5820	überall	überall	ADV	ADV	_	1085	MO	_	0	(S(AP(PP*
_	0	19	1083	5821	5824	mit	mit	PP	APPR	_	1085	MO	_	0	*
_	0	19	1084	5825	5829	Holz	holz	NN	NN	case=dat|number=sg|gender=neut	1083	NK	_	0	*)
_	0	19	1085	5830	5838	getäfelt	täfeln	V	VVPP	_	1078	CJ	_	0	*)
_	0	19	1086	5839	5842	wie	wie	CONJ	KOKOM	_	1088	CM	_	0	(NP*
_	0	19	1087	5843	5845	es	es	PR	PPER	case=nom|number=sg|gender=neut|person=3	1088	SB	_	0	*)
_	0	19	1088	5846	5849	war	sein	V	VAFIN	number=sg|person=3|tense=past|mood=ind	1085	MO	_	0	*)
_	0	19	1089	5849	5850	,	--	PUNC	$,	_	1088	--	_	0	*
_	0	19	1090	5851	5853	an	an	PP	APPR	_	1099	MO	_	0	(VP(PP*
_	0	19	1091	5854	5859	allen	aller	PR	PIAT	case=dat|number=pl|gender=masc	1093	NK	_	0	*
_	0	19	1092	5860	5864	vier	vier	CARD	CARD	_	1093	NK	_	0	*
_	0	19	1093	5865	5870	Ecken	ecke	NN	NN	case=dat|number=pl|gender=fem	1090	NK	_	0	*)
_	0	19	1094	5870	5871	,	--	PUNC	$,	_	1093	--	_	0	*
_	0	19	1095	5872	5876	müde	müde	ADJ	ADJD	number=sg|person=3|tense=pres|mood=subj	1097	PD	_	0	*
_	0	19	1096	5877	5883	seines	sein	PR	PPOSAT	case=gen|number=sg|gender=neut	1097	NK	_	0	(NP*
_	0	19	1097	5884	5890	Lebens	leben	NN	NN	case=gen|number=sg|gender=neut	1093	APP	_	0	*)
_	0	19	1098	5890	5891	,	--	PUNC	$,	_	1097	--	_	0	*
_	0	19	1099	5892	5902	angesteckt	anstecken	V	VVPP	_	1085	CJ	_	0	*)))
_	0	19	1100	5902	5903	.	--	PUNC	$.	_	1099	--	_	0	*))
_	0	20	1101	5904	5913	Vergebens	vergebens	ADV	ADV	_	1102	MO	_	0	(TOP(S*
_	0	20	1102	5914	5922	schickte	schicken	V	VVFIN	number=sg|person=3|tense=past|mood=ind	_	_	_	0	*
_	0	20	1103	5923	5926	sie	sie	PR	PPER	case=nom|number=sg|gender=fem|person=3	1102	SB	_	0	*
_	0	20	1104	5927	5932	Leute	leute	NN	NN	case=acc|number=pl|gender=*	1102	OA	_	0	*
_	0	20	1105	5933	5939	hinein	hinein	V	PTKVZ	_	1102	SVP	_	0	*
_	0	20	1106	5939	5940	,	--	PUNC	$,	_	1105	--	_	0	*
_	0	20	1107	5941	5944	den	der	ART	ART	case=dat|number=pl|gender=neut	1108	NK	_	0	(VP(NP*
_	0	20	1108	5945	5958	Unglücklichen	unglücklich	NN	NN	case=dat|number=pl|gender=neut	1110	OA	_	0	*)
_	0	20	1109	5959	5961	zu	zu	O	PTKZU	_	1110	PM	_	0	(VZ*
_	0	20	1110	5962	5968	retten	retten	V	VVINF	_	1102	OC	_	0	*)
_	0	20	1111	5968	5969	;	--	PUNC	$.	_	1110	--	_	0	*
_	0	20	1112	5970	5972	er	er	PR	PPER	case=nom|number=sg|gender=masc|person=3	1113	SB	_	0	(S*
_	0	20	1113	5973	5976	war	sein	V	VAFIN	number=sg|person=3|tense=past|mood=ind	1110	OC	_	0	*
_	0	20	1114	5977	5980	auf	auf	PP	APPR	_	1119	MO	_	0	(VP(PP*
_	0	20	1115	5981	5984	die	der	ART	ART	case=acc|number=sg|gender=fem	1117	NK	_	0	*
_	0	20	1116	5985	5999	elendiglichste	elendiglich	ADJ	ADJA	case=acc|number=sg|gender=fem|degree=sup	1117	NK	_	0	*
_	0	20	1117	6000	6005	Weise	weise	NN	NN	case=acc|number=sg|gender=fem	1114	NK	_	0	*)
_	0	20	1118	6006	6013	bereits	bereits	ADV	ADV	_	1119	MO	_	0	*
_	0	20	1119	6014	6024	umgekommen	umkommen	V	VVPP	_	1113	PD	_	0	*)))
_	0	20	1120	6024	6025	;	--	PUNC	$.	_	1119	--	_	0	*
_	0	20	1121	6026	6029	und	und	CONJ	KON	_	1113	CD	_	0	(S*
_	0	20	1122	6030	6034	noch	noch	ADV	ADV	_	1123	MO	_	0	(AVP*
_	0	20	1123	6035	6040	jetzt	jetzt	ADV	ADV	_	1124	MO	_	0	*)
_	0	20	1124	6041	6047	liegen	liegen	V	VVFIN	_	1121	CJ	_	0	*
_	0	20	1125	6047	6048	,	--	PUNC	$,	_	1124	--	_	0	*
_	0	20	1126	6049	6052	von	von	PP	APPR	_	1129	SBP	_	0	(VP(PP*
_	0	20	1127	6053	6056	den	der	ART	ART	case=dat|number=pl|gender=*	1128	NK	_	0	*
_	0	20	1128	6057	6067	Landleuten	landleute	NN	NN	case=dat|number=pl|gender=*	1126	NK	_	0	*)
_	0	20	1129	6068	6084	zusammengetragen	zusammentragen	V	VVPP	_	1124	MO	_	0	*
_	0	20	1130	6084	6085	,	--	PUNC	$,	_	1129	--	_	0	*
_	0	20	1131	6086	6091	seine	sein	PR	PPOSAT	case=nom|number=pl|gender=*	1133	NK	_	0	(VP(NP*
_	0	20	1132	6092	6098	weißen	weiß	ADJ	ADJA	number=pl|person=3|tense=pres|mood=ind	1133	NK	_	0	*
_	0	20	1133	6099	6106	Gebeine	gebein	NN	NN	case=nom|number=pl|gender=neut	1110	CJ	_	0	*
_	0	20	1134	6107	6109	in	in	PP	APPR	_	1133	MNR	_	0	(PP*
_	0	20	1135	6110	6113	dem	der	ART	ART	case=dat|number=sg|gender=neut	1136	NK	_	0	*
_	0	20	1136	6114	6120	Winkel	winkel	NN	NN	case=dat|number=sg|gender=neut	1134	NK	_	0	*
_	0	20	1137	6121	6124	des	der	ART	ART	case=gen|number=sg|gender=masc	1138	NK	_	0	(NP*
_	0	20	1138	6125	6132	Zimmers	zimmer	NN	NN	case=gen|number=sg|gender=masc	1136	AG	_	0	*)
_	0	20	1139	6132	6133	,	--	PUNC	$,	_	1138	--	_	0	*
_	0	20	1140	6134	6137	von	von	PP	APPR	_	1148	SBP	_	0	(S(PP*
_	0	20	1141	6138	6145	welchem	welcher	PR	PRELS	case=dat|number=sg|gender=neut	1140	NK	_	0	*)
_	0	20	1142	6146	6148	er	er	PR	PPER	case=nom|number=sg|gender=masc|person=3	1147	SB	_	0	*
_	0	20	1143	6149	6152	das	der	ART	ART	case=acc|number=sg|gender=neut	1144	NK	_	0	(NP*
_	0	20	1144	6153	6163	Bettelweib	bettelweib	NN	NN	case=acc|number=sg|gender=neut	1147	SB	_	0	*
_	0	20	1145	6164	6167	von	von	PP	APPR	_	1144	PG	_	0	(PP*
_	0	20	1146	6168	6175	Locarno	locarno	NP	NE	case=dat|number=sg|gender=neut	1145	NK	B-LOC	0	*))
_	0	20	1147	6176	6181	hatte	haben	V	VAFIN	number=sg|person=3|tense=past|mood=ind	1133	RC	_	0	*
_	0	20	1148	6182	6191	aufstehen	aufstehen	V	VVINF	_	1149	OC	_	0	(VP*))))
_	0	20	1149	6192	6198	heißen	heißen	V	VVINF	_	1147	OC	_	0	*)))
_	0	20	1150	6198	6199	.	--	PUNC	$.	_	1149	--	_	0	*))
