SectionId	ParagraphId	SentenceId	TokenId	Begin	End	Token	Lemma	CPOS	POS	Morphology	DependencyHead	DependencyRelation	NamedEntity	QuoteMarker	SyntaxTree
_	0	0	0	0	2	An	an	PP	APPR	_	_	_	_	0	(TOP(NUR(PP*
_	0	0	1	3	13	Wilhelmine	wilhelmine	NP	NE	degree=sup	0	NK	B-PER	0	*
_	0	0	2	13	14	.	--	PUNC	$.	_	1	--	_	0	*)))
_	0	1	3	15	20	Nicht	nicht	O	PTKNEG	_	8	NG	_	0	(TOP(S(NP(AP*
_	0	1	4	21	24	aus	aus	PP	APPR	_	7	MO	_	0	(PP*
_	0	1	5	25	28	des	der	ART	ART	case=gen|number=sg|gender=neut	6	NK	_	0	*
_	0	1	6	29	36	Herzens	Herz	NN	NN	case=gen|number=sg|gender=neut	4	NK	_	0	*)
_	0	1	7	37	43	bloßem	bloß	ADJ	ADJA	case=dat|number=sg|gender=masc|degree=pos	8	NK	_	0	*)
_	0	1	8	44	51	Wunsche	wunsche	NN	NN	number=sg|person=3|tense=pres|mood=subj	9	SB	_	0	*)
_	0	1	9	52	57	keimt	keimen	V	VVFIN	number=sg|person=3|tense=pres|mood=ind	_	_	_	0	*
_	0	1	10	58	61	Des	der	ART	ART	_	11	NK	_	0	(NP*
_	0	1	11	62	69	Glückes	glück	NN	NN	case=gen|number=sg|gender=*	9	DA	_	0	*)
_	0	1	12	70	76	schöne	schön	ADJ	ADJA	case=acc|number=pl|gender=neut|degree=pos	13	NK	_	0	(NP*
_	0	1	13	77	90	Götterpflanze	götterpflanze	NN	NN	case=acc|number=pl|gender=neut	9	OA	_	0	*)
_	0	1	14	91	94	auf	auf	V	PTKVZ	_	9	SVP	_	0	*
_	0	1	15	94	95	.	--	PUNC	$.	_	14	--	_	0	*))
_	0	2	16	96	99	Der	der	ART	ART	case=nom|number=sg|gender=masc	17	NK	_	0	(TOP(CS(S(NP*
_	0	2	17	100	106	Mensch	mensch	NN	NN	case=nom|number=sg|gender=masc	18	SB	_	0	*)
_	0	2	18	107	111	soll	sollen	V	VMFIN	number=sg|person=3|tense=pres|mood=ind	_	_	_	0	*)
_	0	2	19	112	115	mit	mit	PP	APPR	_	28	MO	_	0	(S(S(PP*
_	0	2	20	116	119	der	der	ART	ART	case=dat|number=sg|gender=fem	21	NK	_	0	*
_	0	2	21	120	124	Mühe	mühe	NN	NN	case=dat|number=sg|gender=fem	19	NK	_	0	*
_	0	2	22	125	135	Pflugschar	pflugschar	NP	NE	case=nom|number=sg|gender=*	21	NK	_	0	*)
_	0	2	23	136	140	sich	sich	PR	PRF	case=acc|number=sg|person=3	28	DA	_	0	*
_	0	2	24	141	144	Des	der	ART	ART	case=gen|number=sg|gender=neut	25	NK	_	0	(NP*
_	0	2	25	145	155	Schicksals	schicksal	NN	NN	case=gen|number=sg|gender=neut	28	DA	_	0	*
_	0	2	26	156	162	harten	hart	ADJ	ADJA	case=dat|number=pl|gender=*|degree=pos	28	MO	_	0	(NP*
_	0	2	27	163	168	Boden	boden	NN	NN	case=dat|number=pl|gender=*	28	OA	_	0	*))
_	0	2	28	169	175	öffnen	öffnen	V	VVFIN	_	18	OC	_	0	*)
_	0	2	29	175	176	,	--	PUNC	$,	_	28	--	_	0	*
_	0	2	30	177	181	soll	sollen	V	VMFIN	number=sg|person=3|tense=pres|mood=ind	18	CJ	_	0	*
_	0	2	31	182	185	Des	der	ART	ART	case=*|number=*|gender=*	32	NK	_	0	(NP*
_	0	2	32	186	193	Glückes	glück	NN	NN	case=*|number=*|gender=*	30	SB	_	0	*
_	0	2	33	194	202	Erntetag	erntetag	NN	NN	case=nom|number=sg|gender=masc	32	NK	_	0	*)
_	0	2	34	203	207	sich	sich	PR	PRF	case=acc|number=sg|person=3	36	OA	_	0	(NP(CS(S(NP*
_	0	2	35	208	214	selbst	selbst	ADV	ADV	_	34	MNR	_	0	*)
_	0	2	36	215	223	bereiten	bereiten	V	VVFIN	_	30	OC	_	0	*)
_	0	2	37	224	227	Und	und	CONJ	KON	_	36	CD	_	0	*
_	0	2	38	228	233	Taten	tat	NN	NN	case=acc|number=pl|gender=fem	43	OA	_	0	(S*
_	0	2	39	234	236	in	in	PP	APPR	_	43	MO	_	0	(PP*
_	0	2	40	237	240	die	der	ART	ART	case=acc|number=pl|gender=fem	42	NK	_	0	*
_	0	2	41	241	247	offnen	offnen	ADJ	ADJA	case=acc|number=pl|gender=fem|degree=pos	42	NK	_	0	*
_	0	2	42	248	255	Furchen	furche	NN	NN	case=acc|number=pl|gender=fem	39	NK	_	0	*)
_	0	2	43	256	262	streun	streun	V	VVFIN	_	37	CJ	_	0	*))))
_	0	2	44	262	263	.	--	PUNC	$.	_	43	--	_	0	*))
_	0	3	45	264	266	Er	er	PR	PPER	case=nom|number=sg|gender=masc|person=3	46	SB	_	0	(TOP(S*
_	0	3	46	267	271	soll	sollen	V	VMFIN	number=sg|person=3|tense=pres|mood=ind	_	_	_	0	*
_	0	3	47	272	275	des	der	ART	ART	case=gen|number=sg|gender=masc	48	NK	_	0	(NP*
_	0	3	48	276	283	Glückes	glück	NN	NN	case=gen|number=sg|gender=masc	56	DA	_	0	*
_	0	3	49	284	292	heil'gen	heil'gen	ADJ	ADJA	_	56	MO	_	0	(NP*
_	0	3	50	293	299	Tempel	tempel	NN	NN	number=sg|person=3|tense=pres|mood=ind	56	SB	_	0	*))
_	0	3	51	300	304	sich	sich	PR	PRF	case=acc|number=sg|person=3	56	OA	_	0	*
_	0	3	52	305	310	Nicht	nicht	O	PTKNEG	_	56	NG	_	0	*
_	0	3	53	311	314	mit	mit	PP	APPR	_	56	MO	_	0	(VP(PP*
_	0	3	54	315	323	Hermeos'	hermeos'	NP	NE	case=dat|number=sg|gender=*	55	PNC	_	0	(MPN*
_	0	3	55	324	332	Caduceus	caduceus	NP	NE	case=dat|number=sg|gender=*|degree=pos	53	NK	_	0	*))
_	0	3	56	333	339	öffnen	öffnen	V	VVINF	_	46	OC	_	0	*)
_	0	3	57	339	340	,	--	PUNC	$,	_	56	--	_	0	*
_	0	3	58	341	346	Nicht	nicht	O	PTKNEG	_	46	NG	_	0	(CVP(VP*
_	0	3	59	347	350	wie	wie	CONJ	KOKOM	_	61	CM	_	0	(NP*
_	0	3	60	351	354	ein	ein	ART	ART	case=nom|number=sg|gender=masc	61	NK	_	0	*
_	0	3	61	355	360	Nabob	nabob	NN	NN	case=nom|number=sg|gender=masc	70	MO	_	0	*)
_	0	3	62	361	367	seinen	sein	PR	PPOSAT	case=dat|number=pl|gender=masc	64	NK	_	0	(NP*
_	0	3	63	368	374	trägen	trägen	V	VVFIN	case=dat|number=pl|gender=masc	64	NK	_	0	(AP(AVP(S*
_	0	3	64	375	378	Arm	arm	NN	NN	case=dat|number=sg|gender=masc	61	AG	_	0	(NP*)
_	0	3	65	379	383	Nach	nach	PP	APPR	_	70	MO	_	0	(NP*
_	0	3	66	384	387	der	der	ART	ART	case=dat|number=sg|gender=fem	67	NK	_	0	(NP*
_	0	3	67	388	397	Erfüllung	erfüllung	NN	NN	case=dat|number=sg|gender=fem	65	NK	_	0	*))))
_	0	3	68	398	403	jedes	jeder	PR	PIAT	case=gen|number=sg|gender=masc	69	NK	_	0	*)
_	0	3	69	404	412	Wunsches	wunsch	NN	NN	case=gen|number=sg|gender=masc	67	AG	_	0	*)
_	0	3	70	413	421	strecken	strecken	V	VVINF	_	46	OC	_	0	*))
_	0	3	71	421	422	.	--	PUNC	$.	_	70	--	_	0	*))
_	0	4	72	423	425	Er	er	PR	PPER	case=nom|number=sg|gender=masc|person=3	73	SB	_	0	(TOP(S*
_	0	4	73	426	430	soll	sollen	V	VMFIN	number=sg|person=3|tense=pres|mood=ind	_	_	_	0	*
_	0	4	74	431	434	mit	mit	PP	APPR	_	78	MO	_	0	(VP(PP*
_	0	4	75	435	440	etwas	etwas	PR	PIS	case=*|number=*|gender=neut	74	NK	_	0	*
_	0	4	76	441	444	den	der	ART	ART	case=acc|number=sg|gender=masc	77	NK	_	0	(NP*
_	0	4	77	445	450	Genuß	genuß	NN	NN	case=acc|number=sg|gender=masc	78	OA	_	0	*))
_	0	4	78	451	459	erkaufen	erkaufen	V	VVINF	_	73	OC	_	0	*
_	0	4	79	459	460	,	--	PUNC	$,	_	78	--	_	0	*
_	0	4	80	461	466	Wär's	wär's	NP	NE	number=pl|person=2|mood=imp	85	SB	_	0	(CS(S*
_	0	4	81	467	471	auch	auch	ADV	ADV	_	82	MO	_	0	(PP*
_	0	4	82	472	475	mit	mit	PP	APPR	_	85	MNR	_	0	*
_	0	4	83	476	479	des	der	ART	ART	case=gen|number=sg|gender=masc	84	NK	_	0	*
_	0	4	84	480	488	Genusses	genuß	NN	NN	case=gen|number=sg|gender=masc	82	NK	_	0	*
_	0	4	85	489	498	Sehnsucht	sehnsucht	NN	NN	case=nom|number=sg|gender=fem	73	CJ	_	0	(NP*
_	0	4	86	499	502	nur	nur	ADV	ADV	_	85	MO	_	0	*)))))
_	0	4	87	502	503	.	--	PUNC	$.	_	86	--	_	0	*))
_	3	5	88	1089	1092	Der	der	ART	ART	case=nom|number=sg|gender=masc	89	NK	_	0	(TOP(S(NP*
_	3	5	89	1093	1101	Schwalbe	schwalbe	NN	NN	case=nom|number=sg|gender=masc|degree=pos	91	SB	_	0	*
_	3	5	90	1102	1106	Nest	nest	NP	NE	case=nom|number=sg|gender=masc	89	NK	_	0	*)
_	3	5	91	1107	1112	hangt	hangen	V	VVFIN	number=sg|person=3|tense=pres|mood=ind	_	_	_	0	*
_	3	5	92	1113	1115	an	an	PP	APPR	_	91	MO	_	0	(PP*
_	3	5	93	1116	1119	des	der	ART	ART	case=gen|number=sg|gender=masc	95	NK	_	0	*
_	3	5	94	1120	1126	Knaben	knabe	NN	NN	case=gen|number=sg|gender=masc	95	PNC	_	0	*
_	3	5	95	1127	1132	Hütte	hütte	NP	NE	case=dat|number=sg|gender=fem	92	NK	_	0	*)
_	3	5	96	1132	1133	,	--	PUNC	$,	_	95	--	_	0	*
_	3	5	97	1134	1140	Allein	allein	ADV	ADV	_	100	MO	_	0	(S(NP*
_	3	5	98	1141	1144	die	der	ART	ART	case=nom|number=sg|gender=fem	100	NK	_	0	*
_	3	5	99	1145	1152	leichte	leicht	ADJ	ADJA	case=nom|number=sg|gender=fem|degree=pos	100	NK	_	0	*
_	3	5	100	1153	1158	Beute	beute	NN	NN	case=nom|number=sg|gender=fem	101	MO	_	0	*)
_	3	5	101	1159	1164	reizt	reizen	V	VVFIN	number=sg|person=3|tense=pres|mood=ind	91	OC	_	0	*
_	3	5	102	1165	1168	ihn	ihn	PR	PPER	case=acc|number=sg|gender=masc|person=3	101	OA	_	0	*
_	3	5	103	1169	1174	nicht	nicht	O	PTKNEG	_	101	NG	_	0	*)
_	3	5	104	1174	1175	:	--	PUNC	$.	_	103	--	_	0	*
_	3	5	105	1176	1178	Er	er	PR	PPER	case=nom|number=sg|gender=masc|person=3	106	SB	_	0	(S(S*
_	3	5	106	1179	1183	will	wollen	V	VMFIN	number=sg|person=3|tense=pres|mood=ind	108	OC	_	0	*
_	3	5	107	1184	1187	des	der	ART	ART	case=gen|number=sg|gender=masc	108	NK	_	0	(NP*
_	3	5	108	1188	1194	Adlers	adler	NN	NN	case=gen|number=sg|gender=masc	109	MO	_	0	*
_	3	5	109	1195	1205	königliche	königlich	ADJ	ADJA	case=nom|number=sg|gender=neut|degree=pos	101	OC	_	0	(NP*
_	3	5	110	1206	1210	Brut	--	NN	NN	case=nom|number=sg|gender=neut	109	OA	_	0	*)))
_	3	5	111	1210	1211	,	--	PUNC	$,	_	110	--	_	0	*
_	3	5	112	1212	1215	Die	der	ART	ART	case=nom|number=sg|gender=fem	118	SB	_	0	(NP*
_	3	5	113	1216	1218	in	in	PP	APPR	_	116	MO	_	0	(AP(PP*
_	3	5	114	1219	1222	der	der	ART	ART	case=dat|number=sg|gender=fem	115	NK	_	0	*
_	3	5	115	1223	1228	Eiche	eiche	NN	NN	case=dat|number=sg|gender=fem	113	NK	_	0	*)
_	3	5	116	1229	1234	hohem	hoch	ADJ	ADJA	case=dat|number=sg|gender=neut|degree=pos	117	NK	_	0	*)
_	3	5	117	1235	1241	Wipfel	wipfel	NN	NN	case=dat|number=sg|gender=neut	118	OA	_	0	*)
_	3	5	118	1242	1248	thront	thronen	V	VVFIN	_	110	RC	_	0	*)
_	3	5	119	1248	1249	!	--	PUNC	$.	_	118	--	_	0	*))
_	3	6	120	1250	1254	Denn	denn	CONJ	KON	_	133	JU	_	0	(TOP(S*
_	3	6	121	1255	1258	das	der	ART	ART	case=nom|number=sg|gender=neut	122	NK	_	0	(NP*
_	3	6	122	1259	1267	Erworbne	erworbne	NN	NN	case=nom|number=sg|gender=neut|degree=pos	131	OA	_	0	*
_	3	6	123	1268	1269	–	–	NP	NE	case=nom|number=sg|gender=neut	124	PNC	_	0	(MPN*
_	3	6	124	1270	1275	wär's	wär's	NP	NE	_	122	NK	_	0	*))
_	3	6	125	1276	1279	mit	mit	PP	APPR	_	131	MO	_	0	(PP*
_	3	6	126	1280	1285	einem	ein	ART	ART	case=dat|number=sg|gender=neut	127	NK	_	0	*
_	3	6	127	1286	1293	Tropfen	tropfen	NN	NN	case=dat|number=sg|gender=neut	125	NK	_	0	*)
_	3	6	128	1294	1301	Schweiß	schweiß	NN	NN	number=sg|person=1|tense=pres|mood=ind	127	NK	_	0	*
_	3	6	129	1302	1306	Auch	auch	ADV	ADV	_	131	MO	_	0	(VP*
_	3	6	130	1307	1310	nur	nur	ADV	ADV	_	131	MO	_	0	*
_	3	6	131	1311	1319	erworben	erwerben	V	VVPP	_	133	PD	_	0	*)
_	3	6	132	1320	1321	–	–	PUNC	$(	degree=pos	131	--	_	0	*
_	3	6	133	1322	1325	ist	sein	V	VAFIN	number=sg|person=3|tense=pres|mood=ind	_	_	_	0	*
_	3	6	134	1326	1329	uns	uns	PR	PPER	case=dat|number=pl|gender=*|person=1	139	OA	_	0	(NP*
_	3	6	135	1330	1334	mehr	mehr	PR	PIS	case=*|number=*|gender=*	139	OA	_	0	*)
_	3	6	136	1335	1338	als	als	CONJ	KOKOM	_	138	CM	_	0	(AP(NP*
_	3	6	137	1339	1342	das	der	ART	ART	case=nom|number=sg|gender=neut	138	NK	_	0	*
_	3	6	138	1343	1351	Gefundne	gefundne	NN	NN	case=nom|number=sg|gender=neut|degree=pos	135	CC	_	0	*)
_	3	6	139	1352	1356	wert	wert	ADJ	ADJD	case=nom|number=sg|gender=neut	133	PD	_	0	*)
_	3	6	140	1356	1357	.	--	PUNC	$.	_	139	--	_	0	*))
_	3	7	141	1358	1361	Den	der	ART	ART	number=pl|person=1|tense=pres|mood=ind	149	NK	_	0	(TOP(S(NP*
_	3	7	142	1362	1365	wir	wir	PR	PPER	case=nom|number=pl|gender=*|person=1	147	SB	_	0	(NP(S(NP*)
_	3	7	143	1366	1369	mit	mit	PP	APPR	_	147	MO	_	0	(PP*
_	3	7	144	1370	1376	unsers	unser	PR	PPOSAT	case=dat|number=sg|gender=*	145	NK	_	0	*
_	3	7	145	1377	1383	Lebens	leben	NN	NN	number=pl|person=1|tense=pres|mood=ind	143	NK	_	0	*
_	3	7	146	1384	1390	Gefahr	gefahr	NN	NN	case=dat|number=sg|gender=fem	147	OA	_	0	*)
_	3	7	147	1391	1401	erretteten	erretten	V	VVFIN	number=pl|person=3|tense=past|mood=ind	149	RE	_	0	*
_	3	7	148	1401	1402	,	--	PUNC	$,	_	147	--	_	0	*
_	3	7	149	1403	1406	der	der	PR	PDS	case=nom|number=sg|gender=masc	150	PD	_	0	(S*
_	3	7	150	1407	1410	ist	sein	V	VAFIN	number=sg|person=3|tense=pres|mood=ind	_	_	_	0	*
_	3	7	151	1411	1414	uns	uns	PR	PPER	case=dat|number=pl|gender=*|person=1	152	OA	_	0	*
_	3	7	152	1415	1420	teuer	teuer	ADJ	ADJD	degree=pos	150	PD	_	0	*))
_	3	7	153	1420	1421	,	--	PUNC	$,	_	152	--	_	0	*
_	3	7	154	1422	1424	So	so	ADV	ADV	_	169	MO	_	0	(AP*
_	3	7	155	1425	1428	wie	wie	CONJ	KOKOM	_	157	CM	_	0	(AP*
_	3	7	156	1429	1432	dem	der	ART	ART	case=dat|number=sg|gender=masc	157	NK	_	0	*))
_	3	7	157	1433	1439	Araber	araber	NN	NN	case=dat|number=sg|gender=masc	154	CC	_	0	*
_	3	7	158	1440	1443	der	der	ART	ART	case=nom|number=sg|gender=masc	160	SB	_	0	(NP*
_	3	7	159	1444	1449	teuer	teuer	ADJ	ADJD	degree=pos	160	PD	_	0	(CAP*))))
_	3	7	160	1450	1453	ist	sein	V	VAFIN	number=sg|person=3|tense=pres|mood=ind	157	RC	_	0	*
_	3	7	161	1453	1454	,	--	PUNC	$,	_	160	--	_	0	*
_	3	7	162	1455	1458	Dem	der	PR	PWS	case=dat|number=sg|gender=neut	169	DA	_	0	(S*
_	3	7	163	1459	1461	er	er	PR	PPER	case=nom|number=sg|gender=masc|person=3	165	SB	_	0	*
_	3	7	164	1462	1465	ein	ein	ART	ART	case=acc|number=sg|gender=neut	165	NK	_	0	(NP*
_	3	7	165	1466	1471	Stück	stück	NN	NN	case=acc|number=sg|gender=neut	169	OA	_	0	*)
_	3	7	166	1472	1475	von	von	PP	APPR	_	165	PG	_	0	(PP*
_	3	7	167	1476	1482	seinem	sein	PR	PPOSAT	case=dat|number=sg|gender=masc	168	NK	_	0	*
_	3	7	168	1483	1488	Brote	brote	NN	NN	case=dat|number=sg|gender=masc	166	NK	_	0	*)
_	3	7	169	1489	1492	gab	geben	V	VVFIN	number=sg|person=3|tense=past|mood=ind	150	MO	_	0	*)
_	3	7	170	1492	1493	.	--	PUNC	$.	_	169	--	_	0	*))
_	4	8	171	1495	1497	Am	an	PP	APPRART	_	173	MO	_	0	(TOP(S(PP*
_	4	8	172	1498	1502	Ufer	ufer	NN	NN	degree=sup	171	NK	_	0	*)
_	4	8	173	1503	1509	glänzt	glänzen	V	VVFIN	number=sg|person=3|tense=pres|mood=ind	194	OC	_	0	*
_	4	8	174	1510	1513	die	der	ART	ART	case=nom|number=sg|gender=fem	176	NK	_	0	(PP(CNP(CNP(NP*
_	4	8	175	1514	1519	helle	hell	ADJ	ADJA	_	176	NK	_	0	*
_	4	8	176	1520	1531	Perlemutter	perlemutter	NN	NN	case=nom|number=sg|gender=*	173	OA	_	0	*)
_	4	8	177	1532	1535	Und	und	CONJ	KON	_	176	CD	_	0	*
_	4	8	178	1536	1539	des	der	ART	ART	case=gen|number=sg|gender=masc	179	NK	_	0	(NP*
_	4	8	179	1540	1546	Achats	achat	NN	NN	case=gen|number=sg|gender=masc	177	CJ	_	0	*
_	4	8	180	1547	1559	buntfarbiges	buntfarbig	ADJ	ADJA	case=nom|number=sg|gender=neut|degree=pos	181	NK	_	0	(NP*
_	4	8	181	1560	1567	Gestein	gestein	NN	NN	case=nom|number=sg|gender=neut	179	AG	_	0	*)))
_	4	8	182	1567	1568	;	--	PUNC	$.	_	181	--	_	0	*
_	4	8	183	1569	1575	Allein	allein	ADV	ADV	case=nom|number=sg|gender=masc	185	MO	_	0	(CNP(NP*
_	4	8	184	1576	1579	der	der	ART	ART	case=nom|number=sg|gender=masc	185	NK	_	0	*
_	4	8	185	1580	1593	Perlenfischer	perlenfischer	NN	NN	case=nom|number=sg|gender=masc	186	NK	_	0	*)))
_	4	8	186	1594	1600	achtet	achten	PP	APPO	number=sg|person=3|tense=pres|mood=ind	173	MO	_	0	*)
_	4	8	187	1601	1606	Nicht	nicht	O	PTKNEG	_	173	NG	_	0	*
_	4	8	188	1606	1607	,	--	PUNC	$,	_	187	--	_	0	*
_	4	8	189	1608	1611	was	was	PR	PWS	case=acc|number=sg|gender=neut	192	OA	_	0	(CS(S(S*
_	4	8	190	1612	1615	die	der	ART	ART	case=nom|number=sg|gender=fem	191	NK	_	0	(NP*
_	4	8	191	1616	1620	Erde	erde	NN	NN	case=nom|number=sg|gender=fem	192	OA	_	0	*)
_	4	8	192	1621	1627	bietet	bieten	V	VVFIN	number=sg|person=3|tense=pres|mood=ind	173	OC	_	0	*)
_	4	8	193	1627	1628	,	--	PUNC	$,	_	192	--	_	0	*
_	4	8	194	1629	1635	stürzt	stürzen	V	VVFIN	number=sg|person=3|tense=pres|mood=ind	_	_	_	0	*
_	4	8	195	1636	1640	Sich	sich	NP	NE	case=acc|number=sg|person=3	194	OA	_	0	*
_	4	8	196	1641	1647	lieber	lieber	ADV	ADV	_	194	MO	_	0	(PP*
_	4	8	197	1648	1650	in	in	PP	APPR	_	194	MO	_	0	*
_	4	8	198	1651	1654	des	der	ART	ART	case=gen|number=sg|gender=masc	199	NK	_	0	*
_	4	8	199	1655	1661	Meeres	meer	NN	NN	case=gen|number=sg|gender=masc	197	NK	_	0	*)
_	4	8	200	1662	1667	Wogen	woge	NN	NN	_	194	OA	_	0	*)
_	4	8	201	1667	1668	,	--	PUNC	$,	_	200	--	_	0	*
_	4	8	202	1669	1674	senkt	senken	V	VVFIN	number=sg|person=3|tense=pres|mood=ind	194	CJ	_	0	(S*
_	4	8	203	1675	1679	Sich	sich	PR	PRF	case=acc|number=sg|person=3	202	OA	_	0	*
_	4	8	204	1680	1686	nieder	nieder	V	PTKVZ	_	202	SVP	_	0	*
_	4	8	205	1687	1689	in	in	PP	APPR	_	202	MO	_	0	(PP*
_	4	8	206	1690	1693	die	der	ART	ART	case=acc|number=sg|gender=fem	208	NK	_	0	*
_	4	8	207	1694	1700	dunkle	dunkel	ADJ	ADJA	case=acc|number=sg|gender=fem|degree=pos	208	NK	_	0	*
_	4	8	208	1701	1706	Tiefe	tiefe	NN	NN	case=acc|number=sg|gender=fem	205	NK	_	0	(CNP*
_	4	8	209	1707	1710	und	und	CONJ	KON	_	208	CD	_	0	*
_	4	8	210	1711	1716	Kehrt	kehrt	NN	NN	number=sg|person=3|tense=pres|mood=ind	209	CJ	_	0	*))
_	4	8	211	1716	1717	,	--	PUNC	$,	_	210	--	_	0	*
_	4	8	212	1718	1725	stolzer	stolz	ADJ	ADJD	degree=comp	208	PAR	_	0	(AP*
_	4	8	213	1726	1729	als	als	CONJ	KOKOM	_	215	CM	_	0	(NP*
_	4	8	214	1730	1733	der	der	ART	ART	case=nom|number=sg|gender=masc	215	NK	_	0	*
_	4	8	215	1734	1742	Bergmann	bergmann	NN	NN	case=nom|number=sg|gender=masc	212	CC	B-PER	0	*))
_	4	8	216	1743	1746	mit	mit	PP	APPR	_	215	MNR	_	0	(PP*
_	4	8	217	1747	1750	dem	der	ART	ART	case=dat|number=sg|gender=neut	218	NK	_	0	*
_	4	8	218	1751	1756	Golde	golde	NN	NN	case=dat|number=sg|gender=neut	216	NK	_	0	*
_	4	8	219	1756	1757	,	--	PUNC	$,	_	218	--	_	0	*
_	4	8	220	1758	1761	Mit	mit	PP	APPR	_	223	MO	_	0	(AP(PP*
_	4	8	221	1762	1767	einer	ein	ART	ART	case=dat|number=sg|gender=fem	222	NK	_	0	*
_	4	8	222	1768	1774	Auster	auster	NN	NN	_	220	NK	_	0	*)
_	4	8	223	1775	1782	blassem	blass	ADJ	ADJA	case=dat|number=sg|gender=neut	218	APP	_	0	*)
_	4	8	224	1783	1790	Schleim	schleim	NP	NE	case=dat|number=sg|gender=neut	223	SB	_	0	*)
_	4	8	225	1791	1797	zurück	zurück	V	PTKVZ	_	202	SVP	_	0	*))
_	4	8	226	1797	1798	.	--	PUNC	$.	_	225	--	_	0	*))
_	5	9	227	1800	1803	Den	der	ART	ART	case=acc|number=sg|gender=masc	228	NK	_	0	(TOP(CS(S(NP*
_	5	9	228	1804	1812	Bergmann	bergmann	NN	NN	case=acc|number=sg|gender=masc	239	OA	B-PER	0	*)
_	5	9	229	1813	1817	soll	sollen	V	VMFIN	number=sg|person=3|tense=pres|mood=ind	_	_	_	0	*
_	5	9	230	1818	1821	die	der	ART	ART	case=nom|number=sg|gender=fem	231	NK	_	0	(NP*
_	5	9	231	1822	1834	Wünschelrute	wünschelrute	NN	NN	case=nom|number=sg|gender=fem	229	SB	_	0	*)
_	5	9	232	1835	1840	nicht	nicht	O	PTKNEG	_	229	NG	_	0	*
_	5	9	233	1841	1844	Mit	mit	PP	APPR	_	239	MO	_	0	(VP(PP*
_	5	9	234	1845	1852	blindem	blind	ADJ	ADJA	case=dat|number=sg|gender=masc	235	NK	_	0	*
_	5	9	235	1853	1858	Glück	glück	NN	NN	case=dat|number=sg|gender=masc	233	NK	_	0	*)
_	5	9	236	1859	1861	an	an	PP	APPR	_	239	MO	_	0	(PP*
_	5	9	237	1862	1868	goldne	goldn	ADJ	ADJA	case=acc|number=pl|gender=masc|degree=pos	238	NK	_	0	*
_	5	9	238	1869	1876	Schätze	schatz	NN	NN	case=acc|number=pl|gender=masc	236	NK	_	0	*)
_	5	9	239	1877	1883	führen	führen	V	VVINF	_	229	OC	_	0	*))
_	5	9	240	1883	1884	;	--	PUNC	$.	_	239	--	_	0	*
_	5	9	241	1885	1887	Er	er	PR	PPER	case=nom|number=sg|gender=masc|person=3	242	SB	_	0	(S*
_	5	9	242	1888	1892	soll	sollen	V	VMFIN	number=sg|person=3|tense=pres|mood=ind	229	CJ	_	0	*
_	5	9	243	1893	1898	durch	durch	PP	APPR	_	256	MO	_	0	(PP*
_	5	9	244	1899	1903	Erd'	erd'	NN	NN	_	243	NK	_	0	(CNP*
_	5	9	245	1904	1907	und	und	CONJ	KON	_	244	CD	_	0	*
_	5	9	246	1908	1913	Stein	stein	NN	NN	case=acc|number=sg|gender=masc	245	CJ	_	0	*)))
_	5	9	247	1914	1918	sich	sich	PR	PRF	case=dat|number=pl|person=3	256	DA	_	0	(S*
_	5	9	248	1919	1924	einen	ein	ART	ART	case=acc|number=sg|gender=masc	249	NK	_	0	(NP*
_	5	9	249	1925	1928	Weg	weg	NN	NN	case=acc|number=sg|gender=masc	256	MO	_	0	*
_	5	9	250	1929	1932	Bis	bis	PP	APPR	_	251	AC	_	0	(PP*
_	5	9	251	1933	1935	zu	zu	PP	APPR	_	254	MO	_	0	(AP(PP*
_	5	9	252	1936	1939	des	der	ART	ART	case=gen|number=sg|gender=masc	253	NK	_	0	*
_	5	9	253	1940	1945	Erzes	erz	NN	NN	case=gen|number=sg|gender=masc	251	NK	_	0	*)
_	5	9	254	1946	1951	edlem	edl	ADJ	ADJA	case=dat|number=sg|gender=neut|degree=pos	255	NK	_	0	*)
_	5	9	255	1952	1957	Gange	gang	NN	NN	_	256	OA	_	0	*))
_	5	9	256	1958	1964	bahnen	bahnen	V	VVFIN	_	242	OC	_	0	*)
_	5	9	257	1964	1965	,	--	PUNC	$,	_	256	--	_	0	*
_	5	9	258	1966	1971	Damit	damit	CONJ	KOUS	_	282	CP	_	0	(S*
_	5	9	259	1972	1974	er	er	PR	PPER	case=nom|number=sg|gender=masc|person=3	282	SB	_	0	*
_	5	9	260	1975	1977	an	an	PP	APPR	_	282	MO	_	0	(PP*
_	5	9	261	1978	1981	dem	der	ART	ART	case=dat|number=sg|gender=neut	262	NK	_	0	*
_	5	9	262	1982	1990	Körnchen	körnchen	NN	NN	case=dat|number=sg|gender=neut	260	NK	_	0	*)
_	5	9	263	1991	1995	Gold	gold	NN	NN	case=nom|number=sg|gender=neut	262	NK	_	0	(NP*
_	5	9	264	1995	1996	,	--	PUNC	$,	_	263	--	_	0	*
_	5	9	265	1997	2000	das	der	PR	PRELS	case=acc|number=sg|gender=neut	269	OA	_	0	(S*
_	5	9	266	2001	2003	er	er	PR	PPER	case=nom|number=sg|gender=masc|person=3	269	SB	_	0	*
_	5	9	267	2004	2007	Mit	mit	PP	APPR	number=sg|person=3|tense=pres|mood=ind	269	MO	_	0	(PP*
_	5	9	268	2008	2015	Schweiß	schweiß	NN	NN	case=dat|number=sg|gender=masc	267	NK	_	0	*)
_	5	9	269	2016	2022	erwarb	erwerben	V	VVFIN	case=dat|number=sg|gender=masc	262	RC	_	0	*))
_	5	9	270	2022	2023	,	--	PUNC	$,	_	269	--	_	0	*
_	5	9	271	2024	2028	sich	sich	PR	PRF	case=acc|number=sg|person=3	282	OA	_	0	*
_	5	9	272	2029	2033	mehr	mehr	PR	PIAT	case=*|number=*|gender=*	282	SB	_	0	(AP*
_	5	9	273	2034	2037	als	als	CONJ	KOKOM	_	274	CM	_	0	(NP*
_	5	9	274	2038	2040	an	an	PP	APPR	_	272	CC	_	0	(PP*
_	5	9	275	2041	2044	dem	der	ART	ART	case=dat|number=sg|gender=neut	276	NK	_	0	*
_	5	9	276	2045	2052	Schatze	schatze	NN	NN	case=dat|number=sg|gender=neut	274	NK	_	0	*
_	5	9	277	2052	2053	,	--	PUNC	$,	_	276	--	_	0	*
_	5	9	278	2054	2057	Den	den	NP	NE	case=acc|number=sg|gender=masc	282	MO	_	0	(CS(S*
_	5	9	279	2058	2061	ihm	ihm	PR	PPER	case=dat|number=sg|gender=masc|person=3	282	DA	_	0	(NP*))))
_	5	9	280	2062	2065	die	der	ART	ART	case=nom|number=sg|gender=fem	281	NK	_	0	*
_	5	9	281	2066	2078	Wünschelrute	wünschelrute	NN	NN	case=nom|number=sg|gender=fem	282	OA	_	0	*))
_	5	9	282	2079	2084	zeigt	zeigen	V	VVFIN	number=sg|person=3|tense=pres|mood=ind	256	MO	_	0	*)
_	5	9	283	2084	2085	,	--	PUNC	$,	_	282	--	_	0	*
_	5	9	284	2086	2093	erfreue	erfreuen	V	VVFIN	number=sg|person=3|tense=pres|mood=subj	282	CJ	_	0	*
_	5	9	285	2093	2094	.	--	PUNC	$.	_	284	--	_	0	*))
_	6	10	286	2096	2099	Des	der	ART	ART	_	287	NK	_	0	(TOP(CS(S(NP*
_	6	10	287	2100	2109	Künstlers	künstler	NN	NN	case=gen|number=sg|gender=*	289	SB	B-PER	0	*
_	6	10	288	2110	2116	Meißel	meißel	NP	NE	degree=pos	287	NK	I-PER	0	*)
_	6	10	289	2117	2120	übt	üben	V	VVFIN	number=sg|person=3|tense=pres|mood=ind	_	_	_	0	*
_	6	10	290	2121	2125	sich	sich	PR	PRF	case=acc|number=sg|person=3	289	OA	_	0	*
_	6	10	291	2126	2128	an	an	PP	APPR	_	289	OP	_	0	(PP*
_	6	10	292	2129	2139	Kristallen	kristalle	NN	NN	case=dat|number=pl|gender=masc	291	NK	_	0	*
_	6	10	293	2139	2140	,	--	PUNC	$,	_	292	--	_	0	*
_	6	10	294	2141	2144	Die	der	ART	ART	case=nom|number=pl|gender=masc	300	SB	_	0	(S(NP*
_	6	10	295	2145	2150	schon	schon	ADV	ADV	_	296	MO	_	0	(PP(CAVP*
_	6	10	296	2151	2154	von	von	PP	APPR	_	300	MO	_	0	*
_	6	10	297	2155	2161	selbst	selbst	ADV	ADV	_	296	NK	_	0	*)
_	6	10	298	2162	2165	mit	mit	PP	APPR	_	300	MO	_	0	*
_	6	10	299	2166	2172	Farben	farbe	NN	NN	case=dat|number=pl|gender=fem	298	NK	_	0	*))
_	6	10	300	2173	2180	spielen	spielen	V	VVFIN	_	292	RC	_	0	*))
_	6	10	301	2180	2181	,	--	PUNC	$,	_	300	--	_	0	*
_	6	10	302	2182	2187	nicht	nicht	O	PTKNEG	_	304	NG	_	0	*)
_	6	10	303	2187	2188	;	--	PUNC	$.	_	302	--	_	0	*
_	6	10	304	2189	2191	Er	er	PR	PPER	case=nom|number=sg|gender=masc|person=3	305	SB	_	0	(S(S*
_	6	10	305	2192	2195	übt	üben	V	VVFIN	number=sg|person=3|tense=pres|mood=ind	289	CJ	_	0	*
_	6	10	306	2196	2200	sich	sich	PR	PRF	case=acc|number=sg|person=3	305	OA	_	0	*
_	6	10	307	2201	2203	an	an	PP	APPR	_	305	OP	_	0	(PP*
_	6	10	308	2204	2207	dem	der	ART	ART	case=dat|number=sg|gender=neut	310	NK	_	0	*
_	6	10	309	2208	2213	rohen	roh	ADJ	ADJA	case=dat|number=sg|gender=neut|degree=pos	310	NK	_	0	*
_	6	10	310	2214	2220	Kiesel	kiesel	NN	NN	case=dat|number=sg|gender=neut	307	NK	_	0	*))
_	6	10	311	2220	2221	,	--	PUNC	$,	_	310	--	_	0	*
_	6	10	312	2222	2225	den	der	ART	ART	case=acc|number=sg|gender=masc	317	OA	_	0	(NP*
_	6	10	313	2226	2229	Des	der	CARD	CARD	case=gen|number=sg|gender=masc	314	NK	_	0	*
_	6	10	314	2230	2236	Knaben	knabe	NN	NN	case=acc|number=sg|gender=masc|degree=pos	317	SB	_	0	*
_	6	10	315	2237	2245	Fußtritt	fußtritt	NN	NN	case=acc|number=sg|gender=masc	314	NK	_	0	*)
_	6	10	316	2246	2251	nicht	nicht	O	PTKNEG	_	317	NG	_	0	*
_	6	10	317	2252	2262	verschonte	verschonen	V	VVFIN	number=sg|person=3|tense=past|mood=ind	310	RC	_	0	*)
_	6	10	318	2262	2263	,	--	PUNC	$,	_	317	--	_	0	*
_	6	10	319	2264	2270	wühlet	wühlen	V	VVFIN	number=sg|person=3|tense=pres|mood=ind	305	CJ	_	0	(S*
_	6	10	320	2271	2275	Sich	sich	PR	PRF	case=acc|number=sg|person=3	319	OA	_	0	*
_	6	10	321	2276	2281	durch	durch	PP	APPR	_	319	MO	_	0	(PP*
_	6	10	322	2282	2285	die	der	ART	ART	case=acc|number=sg|gender=fem	323	NK	_	0	*
_	6	10	323	2286	2291	Rinde	rinde	NN	NN	case=acc|number=sg|gender=fem	321	NK	_	0	*))
_	6	10	324	2291	2292	,	--	PUNC	$,	_	323	--	_	0	*
_	6	10	325	2293	2298	lockt	locken	V	VVFIN	number=sg|person=3|tense=pres|mood=ind	319	CJ	_	0	(S*
_	6	10	326	2299	2302	den	der	ART	ART	case=acc|number=sg|gender=masc	327	NK	_	0	(NP*
_	6	10	327	2303	2314	Feuerfunken	feuerfunke	NN	NN	case=acc|number=sg|gender=masc	325	DA	_	0	*
_	6	10	328	2314	2315	,	--	PUNC	$,	_	327	--	_	0	*
_	6	10	329	2316	2319	Der	der	PR	PRELS	case=nom|number=sg|gender=masc	335	SB	_	0	(S*
_	6	10	330	2320	2322	in	in	PP	APPR	_	335	MO	_	0	(PP*
_	6	10	331	2323	2326	des	der	ART	ART	case=gen|number=sg|gender=masc	332	NK	_	0	*
_	6	10	332	2327	2334	Kiesels	kiesel	NN	NN	case=gen|number=sg|gender=masc	330	NK	_	0	*
_	6	10	333	2335	2341	kaltem	kalt	ADJ	ADJA	case=dat|number=sg|gender=neut|degree=pos	335	MO	_	0	(NP*
_	6	10	334	2342	2347	Busen	busen	NN	NN	case=dat|number=sg|gender=neut	335	OA	_	0	*))
_	6	10	335	2348	2358	schlummert	schlummern	V	VVFIN	number=sg|person=3|tense=pres|mood=ind	327	RC	_	0	*))
_	6	10	336	2358	2359	,	--	PUNC	$,	_	335	--	_	0	*
_	6	10	337	2360	2362	In	in	PP	APPR	_	325	MO	_	0	(PP*
_	6	10	338	2363	2370	tausend	tausend	CARD	CARD	_	339	NK	_	0	*
_	6	10	339	2371	2378	Blitzen	blitze	NN	NN	case=dat|number=pl|gender=fem	337	NK	_	0	*)
_	6	10	340	2379	2382	aus	aus	PP	APPR	_	339	MNR	_	0	(PP*
_	6	10	341	2383	2386	dem	der	ART	ART	case=dat|number=sg|gender=neut	342	NK	_	0	*
_	6	10	342	2387	2392	Stein	stein	NN	NN	case=dat|number=sg|gender=neut	340	NK	_	0	*)
_	6	10	343	2393	2399	hervor	hervor	V	PTKVZ	_	325	SVP	_	0	*)
_	6	10	344	2400	2403	Und	und	CONJ	KON	_	325	CD	_	0	*
_	6	10	345	2404	2412	schmückt	schmücken	V	VVFIN	_	344	CJ	_	0	(S*
_	6	10	346	2413	2416	mit	mit	PP	APPR	_	345	MO	_	0	(PP*
_	6	10	347	2417	2420	ihm	ihm	PR	PPER	case=dat|number=sg|gender=masc|person=3	346	NK	_	0	*)
_	6	10	348	2421	2424	der	der	ART	ART	case=nom|number=sg|gender=masc	349	NK	_	0	(NP*
_	6	10	349	2425	2434	Herrscher	herrscher	NN	NN	case=nom|number=sg|gender=masc	346	CJ	_	0	*
_	6	10	350	2435	2441	Diadem	diadem	NP	NE	number=sg|person=3|tense=past|mood=ind	349	NK	_	0	*))
_	6	10	351	2441	2442	.	--	PUNC	$.	_	350	--	_	0	*))
_	7	11	352	2444	2449	Nicht	nicht	O	PTKNEG	_	377	NG	_	0	(TOP(CS(S(PP*
_	7	11	353	2450	2452	zu	zu	PP	APPR	_	356	MO	_	0	*
_	7	11	354	2453	2456	dem	der	ART	ART	case=dat|number=sg|gender=masc	355	NK	_	0	*
_	7	11	355	2457	2465	Schiffer	schiffer	NN	NN	case=dat|number=sg|gender=masc	353	NK	_	0	*)
_	7	11	356	2466	2475	schwimmet	schwimmen	V	VVFIN	number=sg|person=3|tense=pres|mood=ind	367	OC	_	0	*
_	7	11	357	2476	2479	aus	aus	PP	APPR	_	356	MO	_	0	(NP(AP(PP*
_	7	11	358	2480	2483	der	der	ART	ART	case=dat|number=sg|gender=fem	359	NK	_	0	*
_	7	11	359	2484	2489	Ferne	ferne	NN	NN	case=dat|number=sg|gender=fem	357	NK	_	0	*
_	7	11	360	2490	2493	Des	der	NP	NE	case=gen|number=sg|gender=masc	361	PNC	_	0	(MPN*
_	7	11	361	2494	2501	Indiers	indier	NP	NE	case=gen|number=sg|gender=masc	359	NK	_	0	*))
_	7	11	362	2502	2509	goldner	goldn	ADJ	ADJA	case=nom|number=sg|gender=masc	363	NK	_	0	*)
_	7	11	363	2510	2519	Ueberfluß	ueberfluß	NN	NN	case=nom|number=sg|gender=masc	356	OA	_	0	*)
_	7	11	364	2520	2525	heran	heran	V	PTKVZ	_	356	SVP	_	0	*)
_	7	11	365	2525	2526	;	--	PUNC	$.	_	364	--	_	0	*
_	7	11	366	2527	2529	Er	er	PR	PPER	case=nom|number=sg|gender=masc|person=3	367	SB	_	0	(S*
_	7	11	367	2530	2533	muß	müssen	V	VMFIN	number=sg|person=3|tense=pres|mood=ind	377	RE	_	0	*
_	7	11	368	2534	2537	auf	auf	PP	APPR	_	375	MO	_	0	(PP*
_	7	11	369	2538	2548	ungewissen	ungewiß	ADJ	ADJA	case=dat|number=pl|gender=masc|degree=pos	370	NK	_	0	*
_	7	11	370	2549	2557	Brettern	brett	NN	NN	case=dat|number=pl|gender=masc	368	NK	_	0	*)
_	7	11	371	2558	2562	sich	sich	PR	PRF	case=acc|number=sg|person=3	375	OA	_	0	(VP*
_	7	11	372	2563	2566	Dem	der	ART	ART	case=dat|number=sg|gender=neut	374	NK	_	0	(NP*
_	7	11	373	2567	2579	trügerischen	trügerisch	ADJ	ADJA	case=nom|number=pl|gender=neut|degree=pos	374	NK	_	0	*
_	7	11	374	2580	2585	Meere	meer	NN	NN	case=nom|number=pl|gender=neut	375	DA	_	0	*)
_	7	11	375	2586	2596	anvertraun	anvertraun	V	VVINF	_	367	OC	_	0	*)
_	7	11	376	2596	2597	,	--	PUNC	$,	_	375	--	_	0	*
_	7	11	377	2598	2600	Er	er	PR	PPER	case=nom|number=sg|gender=masc|person=3	378	SB	_	0	(S*
_	7	11	378	2601	2604	muß	müssen	V	VMFIN	number=sg|person=3|tense=pres|mood=ind	_	_	_	0	*
_	7	11	379	2605	2608	der	der	ART	ART	case=dat|number=sg|gender=fem	380	NK	_	0	(NP*
_	7	11	380	2609	2617	Sandbank	sandbank	NN	NN	case=dat|number=sg|gender=fem	383	DA	_	0	*)))
_	7	11	381	2618	2622	hohe	hoch	ADJ	ADJA	_	383	MO	_	0	(S(NP*
_	7	11	382	2623	2629	Fläche	fläche	NN	NN	case=dat|number=sg|gender=fem	383	OA	_	0	*)
_	7	11	383	2630	2636	meiden	meiden	V	VVFIN	number=pl|person=3|tense=pres|mood=ind	378	OC	_	0	*)
_	7	11	384	2636	2637	,	--	PUNC	$,	_	383	--	_	0	*
_	7	11	385	2638	2641	Der	der	ART	ART	case=nom|number=sg|gender=masc	386	NK	_	0	(S(NP(AP(NP*
_	7	11	386	2642	2648	Klippe	klippe	NN	NN	case=nom|number=sg|gender=masc	397	SB	_	0	*)
_	7	11	387	2649	2666	spitzgeschliffnen	spitzgeschliffnen	ADJ	ADJA	number=pl|person=3|tense=pres|mood=ind	386	UC	_	0	*)
_	7	11	388	2667	2672	Dolch	dolch	NP	NE	case=*|number=*|gender=*	389	PNC	_	0	(NP*
_	7	11	389	2673	2679	umgehn	umgehn	NP	NE	_	386	APP	_	0	*))
_	7	11	390	2679	2680	,	--	PUNC	$,	_	389	--	_	0	*
_	7	11	391	2681	2685	Sich	sich	PR	PRF	case=acc|number=pl|person=3	397	DA	_	0	*
_	7	11	392	2686	2692	mühsam	mühsam	ADJ	ADJD	degree=pos	397	MO	_	0	*
_	7	11	393	2693	2698	durch	durch	PP	APPR	_	397	MO	_	0	(PP*
_	7	11	394	2699	2702	der	der	ART	ART	case=nom|number=sg|gender=masc	395	NK	_	0	*
_	7	11	395	2703	2708	Meere	meer	NN	NN	case=nom|number=sg|gender=masc	393	NK	_	0	*
_	7	11	396	2709	2716	Strudel	strudel	NP	NE	case=nom|number=*|gender=neut	395	NK	_	0	*)
_	7	11	397	2717	2723	winden	winden	V	VVFIN	_	378	OC	_	0	*)
_	7	11	398	2723	2724	,	--	PUNC	$,	_	397	--	_	0	*
_	7	11	399	2725	2728	Mit	mit	PP	APPR	_	401	MO	_	0	(S(PP*
_	7	11	400	2729	2736	Stürmen	sturm	NN	NN	case=nom|number=pl|gender=fem	399	NK	_	0	*)
_	7	11	401	2737	2744	kämpfen	kämpfen	V	VVFIN	number=pl|person=3|tense=pres|mood=ind	397	CJ	_	0	*
_	7	11	402	2744	2745	,	--	PUNC	$,	_	401	--	_	0	*
_	7	11	403	2746	2750	sich	sich	PR	PRF	case=acc|number=pl|person=3	406	OA	_	0	(VP*
_	7	11	404	2751	2754	mit	mit	PP	APPR	_	406	MO	_	0	(PP*
_	7	11	405	2755	2760	Wogen	woge	NN	NN	case=dat|number=pl|gender=neut	404	NK	_	0	*)
_	7	11	406	2761	2769	schlagen	schlagen	V	VVINF	number=pl|person=3|tense=pres|mood=ind	401	CJ	_	0	*
_	7	11	407	2769	2770	,	--	PUNC	$,	_	406	--	_	0	*
_	7	11	408	2771	2774	Bis	bis	CONJ	KOUS	_	414	CP	_	0	(S*
_	7	11	409	2775	2778	ihn	ihn	PR	PPER	case=acc|number=sg|gender=masc|person=3	414	OA	_	0	*
_	7	11	410	2779	2782	der	der	ART	ART	case=nom|number=sg|gender=masc	411	NK	_	0	(NP*
_	7	11	411	2783	2788	Küste	küste	NN	NN	case=nom|number=sg|gender=masc	414	DA	_	0	*
_	7	11	412	2789	2796	sichrer	sichrer	ADJ	ADJA	case=nom|number=sg|gender=masc|degree=pos	414	MO	_	0	(NP*
_	7	11	413	2797	2801	Port	port	NN	NN	case=nom|number=sg|gender=masc	414	OA	_	0	*))
_	7	11	414	2802	2810	empfängt	empfangen	V	VVFIN	number=sg|person=3|tense=pres|mood=ind	406	MO	_	0	*)))
_	7	11	415	2810	2811	.	--	PUNC	$.	_	414	--	_	0	*))
_	8	12	416	2813	2817	Auch	auch	ADV	ADV	_	417	MO	_	0	(TOP(NUR(CS(S(PP*
_	8	12	417	2818	2820	zu	zu	PP	APPR	_	420	MO	_	0	*
_	8	12	418	2821	2824	der	der	ART	ART	case=dat|number=sg|gender=fem	419	NK	_	0	*
_	8	12	419	2825	2830	Liebe	liebe	NN	NN	case=dat|number=sg|gender=fem	417	NK	_	0	*)
_	8	12	420	2831	2839	schwimmt	schwimmen	V	VVFIN	number=sg|person=3|tense=pres|mood=ind	_	_	_	0	*
_	8	12	421	2840	2845	nicht	nicht	O	PTKNEG	_	422	NG	_	0	*
_	8	12	422	2846	2851	stets	stets	ADV	ADV	_	420	MO	_	0	*
_	8	12	423	2852	2855	das	der	ART	ART	case=acc|number=sg|gender=neut	424	NK	_	0	(NP*
_	8	12	424	2856	2861	Glück	glück	NN	NN	case=acc|number=sg|gender=neut	420	OA	_	0	*)
_	8	12	425	2861	2862	,	--	PUNC	$,	_	424	--	_	0	*
_	8	12	426	2863	2866	Wie	wie	PR	PWAV	_	433	MO	_	0	(S*
_	8	12	427	2867	2869	zu	zu	PP	APPR	_	433	MO	_	0	(PP*
_	8	12	428	2870	2873	dem	der	ART	ART	case=dat|number=sg|gender=neut	429	NK	_	0	*
_	8	12	429	2874	2882	Kaufmann	kaufmann	NN	NN	case=dat|number=sg|gender=neut	427	NK	_	0	*)
_	8	12	430	2883	2888	nicht	nicht	O	PTKNEG	_	433	NG	_	0	*
_	8	12	431	2889	2892	der	der	ART	ART	case=nom|number=sg|gender=masc	432	NK	_	0	(NP*
_	8	12	432	2893	2898	Indus	indus	NN	NN	case=nom|number=sg|gender=masc	433	SB	_	0	*)
_	8	12	433	2899	2907	schwimmt	schwimmen	V	VVFIN	number=sg|person=3|tense=pres|mood=ind	420	MO	_	0	*))
_	8	12	434	2907	2908	;	--	PUNC	$.	_	433	--	_	0	*
_	8	12	435	2909	2912	Sie	sie	PR	PPER	case=nom|number=sg|gender=fem|person=3	436	SB	_	0	(S*
_	8	12	436	2913	2916	muß	müssen	V	VMFIN	number=sg|person=3|tense=pres|mood=ind	420	MO	_	0	*
_	8	12	437	2917	2921	sich	sich	PR	PRF	case=acc|number=sg|person=3	447	OA	_	0	*
_	8	12	438	2922	2927	ruhig	ruhig	ADJ	ADJD	degree=pos	447	MO	_	0	(PP*
_	8	12	439	2928	2930	in	in	PP	APPR	_	447	MO	_	0	*
_	8	12	440	2931	2934	des	der	ART	ART	case=gen|number=sg|gender=neut	441	NK	_	0	*
_	8	12	441	2935	2941	Lebens	leben	NN	NN	case=gen|number=sg|gender=neut	439	NK	_	0	*)))
_	8	12	442	2942	2948	Schiff	schiff	NN	NN	number=sg|person=3|tense=past|mood=ind	441	NK	_	0	(NP*
_	8	12	443	2949	2952	Des	der	ART	ART	case=gen|number=sg|gender=neut	444	NK	_	0	(NP*
_	8	12	444	2953	2963	Schicksals	schicksal	NN	NN	case=gen|number=sg|gender=neut	447	DA	_	0	*))
_	8	12	445	2964	2970	wildem	wildem	ADJ	ADJA	case=dat|number=sg|gender=neut	447	MO	_	0	(S(NP*
_	8	12	446	2971	2976	Meere	meer	NN	NN	case=dat|number=sg|gender=neut	447	OA	_	0	*)
_	8	12	447	2977	2987	anvertraun	anvertraun	V	VVFIN	_	436	OC	_	0	*
_	8	12	448	2987	2988	,	--	PUNC	$,	_	447	--	_	0	*
_	8	12	449	2989	2992	Dem	der	ART	ART	case=dat|number=sg|gender=neut	450	NK	_	0	(VP(NP*
_	8	12	450	2993	2997	Wind	wind	NN	NN	case=dat|number=sg|gender=neut	455	DA	_	0	*
_	8	12	451	2998	3001	des	der	ART	ART	case=gen|number=sg|gender=masc	452	NK	_	0	(NP*
_	8	12	452	3002	3009	Zufalls	zufall	NN	NN	case=gen|number=sg|gender=masc	450	AG	_	0	*))
_	8	12	453	3010	3015	seine	sein	PR	PPOSAT	case=acc|number=sg|gender=fem	454	NK	_	0	(NP*
_	8	12	454	3016	3021	Segel	segel	NN	NN	case=acc|number=sg|gender=fem	455	OA	_	0	*)
_	8	12	455	3022	3028	öffnen	öffnen	V	VVINF	_	447	CJ	_	0	*
_	8	12	456	3028	3029	,	--	PUNC	$,	_	455	--	_	0	*
_	8	12	457	3030	3032	Es	es	PR	PPER	case=nom|number=sg|gender=neut|person=3	462	OA	_	0	(VP*
_	8	12	458	3033	3035	an	an	PP	APPR	_	462	MO	_	0	(PP*
_	8	12	459	3036	3039	der	der	ART	ART	case=dat|number=sg|gender=fem	460	NK	_	0	*
_	8	12	460	3040	3048	Hoffnung	hoffnung	NN	NN	case=dat|number=sg|gender=fem	458	NK	_	0	*
_	8	12	461	3049	3060	Steuerruder	steuerruder	NN	NN	case=*|number=*|gender=*|degree=pos	462	OA	_	0	*)
_	8	12	462	3061	3067	lenken	lenken	V	VVINF	_	455	CJ	_	0	*)))
_	8	12	463	3068	3071	Und	und	CONJ	KON	_	462	CD	_	0	(S*
_	8	12	464	3071	3072	,	--	PUNC	$,	_	463	--	_	0	*
_	8	12	465	3073	3079	stürmt	stürmen	V	VVFIN	number=sg|person=3|tense=pres|mood=ind	472	MO	_	0	*
_	8	12	466	3080	3082	es	es	PR	PPER	case=nom|number=sg|gender=neut|person=3	465	OA	_	0	(NP*
_	8	12	467	3082	3083	,	--	PUNC	$,	_	466	--	_	0	*
_	8	12	468	3084	3087	vor	vor	PP	APPR	_	472	MO	_	0	(VP(PP*
_	8	12	469	3088	3091	der	der	ART	ART	case=dat|number=sg|gender=fem	470	NK	_	0	*
_	8	12	470	3092	3097	Treue	treue	NN	NN	case=dat|number=sg|gender=fem	468	NK	_	0	*
_	8	12	471	3098	3103	Anker	anker	NN	NN	case=nom|number=sg|gender=*	472	OA	_	0	*)
_	8	12	472	3104	3108	gehn	gehn	V	VVPP	_	463	CJ	_	0	*))
_	8	12	473	3108	3109	;	--	PUNC	$.	_	472	--	_	0	*
_	8	12	474	3110	3113	Sie	sie	PR	PPER	case=nom|number=sg|gender=fem|person=3	475	SB	_	0	(S*
_	8	12	475	3114	3117	muß	müssen	V	VMFIN	number=sg|person=3|tense=pres|mood=ind	472	OC	_	0	*
_	8	12	476	3118	3121	des	der	ART	ART	case=gen|number=sg|gender=masc	477	NK	_	0	(NP*
_	8	12	477	3122	3133	Wankelmutes	wankelmut	NN	NN	case=gen|number=sg|gender=masc	479	OA	B-ORG	0	*)))
_	8	12	478	3134	3142	Sandbank	sandbank	NP	NE	degree=pos	477	NK	I-ORG	0	(S*
_	8	12	479	3143	3149	meiden	meiden	V	VVFIN	number=pl|person=3|tense=pres|mood=ind	475	OC	_	0	*
_	8	12	480	3149	3150	,	--	PUNC	$,	_	479	--	_	0	*
_	8	12	481	3151	3160	Geschickt	geschickt	NN	NN	number=sg|person=3|tense=pres|mood=ind	493	SB	_	0	(CS(S(NP*
_	8	12	482	3161	3164	des	der	ART	ART	case=gen|number=sg|gender=neut	483	NK	_	0	(NP*
_	8	12	483	3165	3174	Mißtrauns	mißtraun	NN	NN	case=gen|number=sg|gender=neut	481	AG	_	0	*
_	8	12	484	3175	3182	spitzen	spitz	ADJ	ADJA	case=gen|number=sg|gender=neut|degree=pos	493	MO	_	0	(NP*
_	8	12	485	3183	3187	Fels	fels	NN	NN	case=gen|number=sg|gender=neut	493	SB	_	0	*)))
_	8	12	486	3188	3194	umgehn	umgehn	ADJ	ADJD	_	493	MO	_	0	*)
_	8	12	487	3195	3198	Und	und	CONJ	KON	_	486	UC	_	0	*
_	8	12	488	3199	3202	mit	mit	PP	APPR	_	493	MO	_	0	(S(PP*
_	8	12	489	3203	3206	des	der	ART	ART	case=gen|number=sg|gender=neut	490	NK	_	0	*
_	8	12	490	3207	3217	Schicksals	schicksal	NN	NN	case=gen|number=sg|gender=neut	488	NK	_	0	*
_	8	12	491	3218	3224	wilden	wild	ADJ	ADJA	number=pl|person=3|tense=pres|mood=ind	492	NK	_	0	(NP*
_	8	12	492	3225	3230	Wogen	woge	NN	NN	case=nom|number=pl|gender=fem	490	AG	_	0	*))
_	8	12	493	3231	3238	kämpfen	kämpfen	V	VVFIN	number=pl|person=3|tense=pres|mood=ind	479	CJ	_	0	*
_	8	12	494	3238	3239	,	--	PUNC	$,	_	493	--	_	0	*
_	8	12	495	3240	3243	Bis	bis	PP	APPR	_	496	AC	_	0	(S(PP*
_	8	12	496	3244	3246	in	in	PP	APPR	_	499	MO	_	0	(AP(PP*
_	8	12	497	3247	3250	des	der	ART	ART	case=gen|number=sg|gender=masc	498	NK	_	0	*
_	8	12	498	3251	3258	Glückes	glück	NN	NN	case=gen|number=sg|gender=masc	496	NK	_	0	*)
_	8	12	499	3259	3266	sichern	sichern	V	VVFIN	_	493	CJ	_	0	*))
_	8	12	500	3267	3271	Port	port	NP	NE	_	499	SB	_	0	*
_	8	12	501	3272	3275	sie	sie	PR	PPER	case=nom|number=sg|gender=fem|person=3	502	OA	_	0	(NP*)
_	8	12	502	3276	3281	läuft	laufen	V	VVFIN	number=sg|person=3|tense=pres|mood=ind	500	RC	_	0	*))))
_	8	12	503	3281	3282	.	--	PUNC	$.	_	502	--	_	0	*))
