SectionId	ParagraphId	SentenceId	TokenId	Begin	End	Token	Lemma	CPOS	POS	Morphology	DependencyHead	DependencyRelation	NamedEntity	QuoteMarker	SyntaxTree
_	0	0	0	0	3	Die	der	ART	ART	case=nom|number=pl|gender=*	2	NK	_	0	(TOP(NP*
_	0	0	1	4	10	beiden	beide	PR	PIAT	case=nom|number=pl|gender=*	2	NK	_	0	(AP*)
_	0	0	2	11	17	Tauben	taube	NN	NN	number=pl|person=3|tense=pres|mood=ind	_	_	_	0	*
_	0	0	3	17	18	.	--	PUNC	$.	_	2	--	_	0	*))
_	0	1	4	19	23	Eine	ein	ART	ART	case=nom|number=sg|gender=fem	5	NK	_	0	(TOP(NP*
_	0	1	5	24	29	Fabel	fabel	NN	NN	case=nom|number=sg|gender=fem	_	_	_	0	*
_	0	1	6	30	34	nach	nach	PP	APPR	_	5	MNR	_	0	(PP*
_	0	1	7	35	45	Lafontaine	lafontaine	NP	NE	case=dat|number=sg|gender=fem	6	NK	_	0	*)
_	0	1	8	45	46	.	--	PUNC	$.	_	7	--	_	0	*))
_	0	2	9	47	51	Zwei	zwei	CARD	CARD	_	10	NK	_	0	(TOP(S(NP*
_	0	2	10	52	60	Täubchen	täubchen	NN	NN	_	11	SB	_	0	*)
_	0	2	11	61	68	liebten	lieben	V	VVFIN	number=pl|person=3|tense=past|mood=ind	_	_	_	0	*
_	0	2	12	69	73	sich	sich	PR	PRF	case=acc|number=pl|person=3	11	OA	_	0	*
_	0	2	13	74	77	mit	mit	PP	APPR	_	11	MO	_	0	(PP*
_	0	2	14	78	84	zarter	zart	ADJ	ADJA	case=dat|number=sg|gender=fem|degree=pos	15	NK	_	0	*
_	0	2	15	85	90	Liebe	liebe	NN	NN	case=dat|number=sg|gender=fem	13	NK	_	0	*)
_	0	2	16	90	91	.	--	PUNC	$.	_	15	--	_	0	*))
_	0	3	17	92	98	Jedoch	jedoch	ADV	ADV	_	29	MO	_	0	(TOP(CS*
_	0	3	18	98	99	,	--	PUNC	$,	_	17	--	_	0	*
_	0	3	19	100	103	der	der	ART	ART	case=nom|number=sg|gender=masc	21	NK	_	0	(S(NP*
_	0	3	20	104	111	weichen	weich	ADJ	ADJA	number=pl|person=3|tense=pres|mood=ind	21	NK	_	0	*
_	0	3	21	112	116	Ruhe	ruhe	NN	NN	case=acc|number=sg|gender=fem	17	APP	_	0	*)
_	0	3	22	117	128	überdrüssig	überdrüssig	ADJ	ADJD	degree=pos	21	UC	_	0	*)
_	0	3	23	128	129	,	--	PUNC	$,	_	22	--	_	0	*
_	0	3	24	130	136	Ersann	ersann	NN	NN	case=nom|number=sg|gender=masc	21	CJ	_	0	(S*
_	0	3	25	137	140	der	der	ART	ART	case=nom|number=sg|gender=masc	26	NK	_	0	(NP*
_	0	3	26	141	147	Tauber	tauber	NN	NN	case=nom|number=sg|gender=masc	24	AG	B-LOC	0	*
_	0	3	27	148	152	eine	ein	ART	ART	case=acc|number=sg|gender=fem	28	NK	_	0	(NP*
_	0	3	28	153	158	Reise	reise	NN	NN	case=acc|number=sg|gender=fem	26	AG	_	0	*))
_	0	3	29	159	163	sich	sich	PR	PRF	case=acc|number=sg|person=3	_	_	_	0	(VP*))
_	0	3	30	163	164	.	--	PUNC	$.	_	29	--	_	0	*))
_	0	4	31	165	168	Die	der	ART	ART	case=nom|number=sg|gender=fem	32	NK	_	0	(TOP(S(NP*
_	0	4	32	169	174	Taube	taube	NN	NN	case=nom|number=sg|gender=fem	33	SB	_	0	*)
_	0	4	33	175	179	rief	rufen	V	VVFIN	number=sg|person=3|tense=past|mood=ind	_	_	_	0	*
_	0	4	34	179	180	:	--	PUNC	$.	_	33	--	_	0	*
_	0	4	35	181	182	»	»	O	XY	_	36	DM	_	0	(CS(S*
_	0	4	36	182	185	Was	was	PR	PWS	case=acc|number=sg|gender=neut	37	OA	_	1	(PP(S*
_	0	4	37	186	197	unternimmst	unternimmen	V	VVFIN	number=sg|person=2|tense=pres|mood=ind	33	OC	_	1	*
_	0	4	38	198	200	du	du	PR	PPER	case=nom|number=sg|gender=*|person=2	37	SB	_	1	(NP*))))
_	0	4	39	200	201	,	--	PUNC	$,	_	38	--	_	1	*
_	0	4	40	202	208	Lieber	lieber	NN	NN	case=nom|number=*|gender=*	37	OA	_	1	(S*))
_	0	4	41	208	209	?	--	PUNC	$.	_	40	--	_	1	*))
_	0	5	42	210	213	Von	von	PP	APPR	_	51	MO	_	1	(TOP(S(NP(PP*
_	0	5	43	214	217	mir	sich	PR	PPER	case=dat|number=sg|gender=*|person=1	42	NK	_	1	*))
_	0	5	44	218	224	willst	wollen	V	VMFIN	number=sg|person=2|tense=pres|mood=ind	_	_	_	1	(VP(AVP(AVP(S*
_	0	5	45	225	227	du	du	PR	PPER	case=nom|number=sg|gender=*|person=2	51	MO	_	1	(NP*
_	0	5	46	227	228	,	--	PUNC	$,	_	45	--	_	1	*
_	0	5	47	229	232	der	der	ART	ART	case=nom|number=sg|gender=masc	49	NK	_	1	(S(NP*
_	0	5	48	233	238	süßen	süß	ADJ	ADJA	case=nom|number=sg|gender=masc|degree=sup	49	NK	_	1	*
_	0	5	49	239	247	Freundin	freundin	NN	NN	case=nom|number=sg|gender=masc	45	APP	_	1	*
_	0	5	50	247	248	,	--	PUNC	$,	_	49	--	_	1	*
_	0	5	51	249	257	scheiden	scheiden	V	VVINF	_	44	OC	_	1	(S(VP*
_	0	5	52	257	258	:	--	PUNC	$.	_	51	--	_	1	*
_	0	5	53	259	262	Der	der	ART	ART	case=nom|number=sg|gender=masc	54	NK	_	1	(CO(NP*
_	0	5	54	263	268	Uebel	uebel	NN	NN	case=nom|number=sg|gender=masc	55	SB	_	1	*)))
_	0	5	55	269	276	größtes	groß	ADJ	ADJA	case=nom|number=sg|gender=neut|degree=sup	51	CJ	_	1	(NP(AP*)))
_	0	5	56	276	277	,	--	PUNC	$,	_	55	--	_	1	*
_	0	5	57	278	283	ist's	ist's	NP	NE	number=sg|person=3|tense=pres|mood=ind	55	CJ	_	1	*)
_	0	5	58	284	287	die	der	ART	ART	case=nom|number=sg|gender=fem	59	NK	_	1	(NP*
_	0	5	59	288	296	Trennung	trennung	NN	NN	case=nom|number=sg|gender=fem	51	OA	_	1	*)))))
_	0	5	60	297	302	nicht	nicht	O	PTKNEG	_	51	NG	_	1	*))
_	0	5	61	302	303	?	--	PUNC	$.	_	60	--	_	1	*))
_	0	6	62	304	307	Für	für	PP	APPR	_	_	_	_	1	(TOP(S(PP*
_	0	6	63	308	312	dich	dich	PR	PPER	case=acc|number=sg|gender=*	62	NK	_	1	(AVP*
_	0	6	64	313	318	nicht	nicht	O	PTKNEG	_	62	NG	_	1	*))
_	0	6	65	318	319	,	--	PUNC	$,	_	64	--	_	1	*
_	0	6	66	320	326	leider	leider	ADV	ADV	_	62	MO	_	1	(AVP*)
_	0	6	67	326	327	,	--	PUNC	$,	_	66	--	_	1	*
_	0	6	68	328	343	Unempfindlicher	unempfindlicher	NN	NN	_	_	_	_	1	(NP*)
_	0	6	69	343	344	!	--	PUNC	$.	_	68	--	_	1	*))
_	0	7	70	346	350	Denn	denn	CONJ	KON	_	74	JU	_	1	(TOP(S*
_	0	7	71	351	357	selbst	selbst	ADV	ADV	_	73	MO	_	1	(NP(AVP*
_	0	7	72	358	363	nicht	nicht	O	PTKNEG	_	73	NG	_	1	*)
_	0	7	73	364	369	Mühen	mühen	NN	NN	_	74	OC	_	1	*)
_	0	7	74	370	376	können	können	V	VMFIN	_	_	_	_	1	*
_	0	7	75	377	380	und	und	CONJ	KON	_	74	CD	_	1	(CNP*
_	0	7	76	381	389	Gefahren	gefahr	NN	NN	case=dat|number=pl|gender=neut	79	PNC	_	1	*
_	0	7	77	389	390	,	--	PUNC	$,	_	76	--	_	1	*
_	0	7	78	391	394	Die	der	ART	ART	case=nom|number=pl|gender=neut	79	NK	_	1	(NP*
_	0	7	79	395	407	schreckenden	schreckend	ADJ	ADJA	case=nom|number=pl|gender=neut	75	CJ	_	1	*))
_	0	7	80	407	408	,	--	PUNC	$,	_	79	--	_	1	*
_	0	7	81	409	411	an	an	PP	APPR	_	85	MO	_	1	(VP(PP*
_	0	7	82	412	417	diese	dieser	PR	PDAT	case=acc|number=pl|gender=masc	83	NK	_	1	*
_	0	7	83	418	423	Brust	brust	NN	NN	number=sg|person=3|tense=pres|mood=ind	81	NK	_	1	*)
_	0	7	84	424	428	dich	dich	PR	PPER	case=acc|number=sg|person=2	85	OA	_	1	(NP*)
_	0	7	85	429	436	fesseln	fesseln	V	VVINF	_	79	CJ	_	1	*)
_	0	7	86	436	437	.	--	PUNC	$.	_	85	--	_	1	*))
_	0	8	87	438	440	Ja	ja	O	PTKANT	_	94	DM	_	1	(TOP(S*
_	0	8	88	440	441	,	--	PUNC	$,	_	87	--	_	1	*
_	0	8	89	442	446	wenn	wenn	CONJ	KOUS	_	94	CP	_	1	*
_	0	8	90	447	450	die	der	ART	ART	case=nom|number=sg|gender=fem	91	NK	_	1	(NP*
_	0	8	91	451	460	Jahrszeit	jahrszeit	NN	NN	case=nom|number=sg|gender=fem	94	SB	_	1	*
_	0	8	92	461	473	freundlicher	freundlich	ADJ	ADJD	degree=comp	94	PD	_	1	*)
_	0	8	93	474	477	dir	dir	PR	PPER	case=dat|number=sg|gender=*|person=2	94	PD	_	1	(NP*)
_	0	8	94	478	482	wäre	sein	V	VAFIN	number=sg|person=3|tense=past|mood=subj	_	_	_	1	*
_	0	8	95	482	483	!	--	PUNC	$.	_	94	--	_	1	*))
_	0	9	96	484	488	Doch	doch	CONJ	KON	_	101	JU	_	1	(TOP(S*
_	0	9	97	489	492	bei	bei	PP	APPR	_	101	MO	_	1	(PP*
_	0	9	98	493	496	des	der	ART	ART	case=gen|number=sg|gender=masc	99	NK	_	1	*
_	0	9	99	497	504	Winters	winter	NN	NN	case=gen|number=sg|gender=masc	97	NK	_	1	*)
_	0	9	100	505	510	immer	immer	ADV	ADV	_	101	MO	_	1	*
_	0	9	101	511	516	regen	regen	V	VVFIN	number=pl|person=3|tense=pres|mood=ind	_	_	_	1	*
_	0	9	102	517	524	Stürmen	sturm	NN	NN	case=nom|number=pl|gender=fem	101	SB	_	1	*
_	0	9	103	525	529	Dich	dich	PR	PPER	case=acc|number=sg|gender=*|person=2	110	SB	_	1	(VP*
_	0	9	104	530	532	in	in	PP	APPR	_	110	MO	_	1	(PP*
_	0	9	105	533	536	das	der	ART	ART	case=nom|number=sg|gender=neut	106	NK	_	1	*
_	0	9	106	537	541	Meer	meer	NN	NN	case=nom|number=sg|gender=neut	104	NK	_	1	*
_	0	9	107	542	548	hinaus	hinaus	PP	APZR	_	104	AC	_	1	*)
_	0	9	108	549	552	der	der	ART	ART	case=gen|number=pl|gender=neut	109	NK	_	1	(NP*
_	0	9	109	553	558	Lüfte	luft	NN	NN	case=gen|number=pl|gender=neut	110	SB	_	1	*)
_	0	9	110	559	564	wagen	wagen	V	VVINF	_	101	OC	_	1	*)
_	0	9	111	564	565	!	--	PUNC	$.	_	110	--	_	1	*))
_	0	10	112	566	573	Erwarte	erwarte	V	VVFIN	_	113	MO	_	1	(TOP(S*
_	0	10	113	574	584	mindestens	mindestens	ADV	ADV	_	115	MO	_	1	*
_	0	10	114	585	588	den	der	ART	ART	case=acc|number=sg|gender=masc	115	NK	_	1	(NP*
_	0	10	115	589	593	Lenz	lenz	NP	NE	case=acc|number=sg|gender=masc	_	_	_	1	*)
_	0	10	116	593	594	!	--	PUNC	$.	_	115	--	_	1	*))
_	0	11	117	595	598	Was	was	PR	PWS	case=nom|number=sg|gender=neut	118	OA	_	1	(TOP(S*
_	0	11	118	599	605	treibt	treiben	V	VVFIN	number=sg|person=3|tense=pres|mood=ind	_	_	_	1	*
_	0	11	119	606	610	dich	dich	PR	PPER	case=acc|number=sg|person=2	118	OA	_	1	*
_	0	11	120	610	611	?	--	PUNC	$.	_	119	--	_	1	*))
_	0	12	121	612	615	Ein	ein	ART	ART	case=nom|number=sg|gender=masc	122	NK	_	1	(TOP(S(NP*
_	0	12	122	616	620	Rab'	rab'	NN	NN	case=nom|number=sg|gender=masc	_	_	_	1	*)
_	0	12	123	621	625	auch	auch	ADV	ADV	_	122	MO	_	1	*
_	0	12	124	625	626	,	--	PUNC	$,	_	123	--	_	1	*
_	0	12	125	627	630	der	der	PR	PRELS	case=nom|number=sg|gender=masc	128	SB	_	1	(S*
_	0	12	126	631	634	den	der	ART	ART	case=acc|number=sg|gender=masc	127	NK	_	1	(NP*
_	0	12	127	635	646	Himmelsplan	himmelsplan	NN	NN	case=acc|number=sg|gender=masc	128	OA	_	1	*)
_	0	12	128	647	661	durchschweifte	durchschweifen	V	VVFIN	number=sg|person=3|tense=past|mood=ind	122	RC	_	1	*
_	0	12	129	661	662	,	--	PUNC	$,	_	128	--	_	1	*
_	0	12	130	663	669	Schien	schien	NP	NE	number=pl|person=1|tense=pres|mood=ind	134	OA	_	1	(CS(S*
_	0	12	131	670	673	mir	sich	PR	PPER	case=dat|number=sg|gender=*|person=1	134	DA	_	1	(VP(NP*)
_	0	12	132	674	677	ein	ein	ART	ART	case=nom|number=sg|gender=neut	133	NK	_	1	(NP*
_	0	12	133	678	685	Unglück	unglück	NN	NN	case=nom|number=sg|gender=neut	134	OA	_	1	*)
_	0	12	134	686	698	anzukündigen	ankündigen	V	VVIZU	_	128	OC	_	1	*))))
_	0	12	135	698	699	.	--	PUNC	$.	_	134	--	_	1	*))
_	0	13	136	700	703	Ach	ach	O	ITJ	_	145	DM	_	1	(TOP(CS(S(S*)
_	0	13	137	703	704	,	--	PUNC	$,	_	136	--	_	1	*
_	0	13	138	705	711	nichts	nichts	PR	PIS	case=*|number=*|gender=neut	144	OA	_	1	(NP*
_	0	13	139	712	715	als	als	PP	APPR	_	142	MO	_	1	(PP*
_	0	13	140	716	722	Unheil	unheil	NN	NN	case=nom|number=sg|gender=neut	139	NK	_	1	*))
_	0	13	141	723	731	zitternd	zitternd	ADJ	ADJD	degree=pos	142	PD	_	1	*
_	0	13	142	732	736	werd	werden	V	VAFIN	_	138	CC	_	1	*)
_	0	13	143	736	737	'	--	PUNC	$(	_	142	--	_	1	*
_	0	13	144	738	741	ich	ich	PR	PPER	case=nom|number=sg|gender=*|person=1	145	SB	_	1	(S*
_	0	13	145	742	749	träumen	träumen	V	VVFIN	number=pl|person=3|tense=pres|mood=ind	_	_	_	1	*
_	0	13	146	750	753	Und	und	NN	NN	_	145	OA	_	1	(NP*
_	0	13	147	754	757	nur	nur	ADV	ADV	_	149	MO	_	1	(NP*
_	0	13	148	758	761	das	der	ART	ART	case=nom|number=sg|gender=neut	149	NK	_	1	(CNP(NP*
_	0	13	149	762	766	Netz	netz	NN	NN	case=nom|number=sg|gender=neut	146	CC	_	1	*
_	0	13	150	767	772	stets	stets	ADV	ADV	_	149	MO	_	1	*)
_	0	13	151	773	776	und	und	CONJ	KON	_	149	CD	_	1	*
_	0	13	152	777	780	den	der	ART	ART	case=acc|number=sg|gender=masc	153	NK	_	1	(NP*
_	0	13	153	781	787	Falken	falke	NN	NN	case=acc|number=sg|gender=masc	151	CJ	_	1	*
_	0	13	154	788	792	sehn	sehn	CARD	CARD	_	153	NK	_	1	*)))))
_	0	13	155	792	793	.	--	PUNC	$.	_	154	--	_	1	*))
_	0	14	156	794	799	Jetzt	jetzt	ADV	ADV	_	157	MO	_	1	(TOP(NUR(S(CS(S*
_	0	14	157	800	804	ruf'	ruf'	V	VVFIN	number=sg|person=1|tense=pres|mood=ind	_	_	_	1	*
_	0	14	158	805	808	ich	ich	PR	PPER	case=nom|number=sg|gender=*|person=1	157	SB	_	1	*
_	0	14	159	809	812	aus	aus	V	PTKVZ	_	157	SVP	_	1	*
_	0	14	160	812	813	,	--	PUNC	$,	_	159	--	_	1	*
_	0	14	161	814	819	jetzt	jetzt	ADV	ADV	_	162	MO	_	1	(AP*
_	0	14	162	820	828	stürmt's	stürmt	ADJ	ADJD	_	166	PD	_	1	*)
_	0	14	163	828	829	:	--	PUNC	$.	_	162	--	_	1	*
_	0	14	164	830	834	mein	mein	PR	PPOSAT	case=nom|number=sg|gender=masc	166	NK	_	1	(NP*
_	0	14	165	835	840	süßer	süß	ADJ	ADJA	case=nom|number=sg|gender=masc	166	NK	_	1	*
_	0	14	166	841	849	Liebling	liebling	NN	NN	case=nom|number=sg|gender=masc	159	NK	_	1	*)))
_	0	14	167	849	850	,	--	PUNC	$,	_	166	--	_	1	*
_	0	14	168	851	854	Hat	haben	V	VAFIN	number=sg|person=3|tense=pres|mood=ind	166	PAR	_	1	*
_	0	14	169	855	857	er	er	PR	PPER	case=nom|number=sg|gender=masc|person=3	168	SB	_	1	*
_	0	14	170	858	863	jetzt	jetzt	ADV	ADV	_	176	MO	_	1	(NP*
_	0	14	171	864	869	alles	alle	PR	PIS	case=acc|number=sg|gender=neut	176	OA	_	1	*
_	0	14	172	870	874	auch	auch	ADV	ADV	_	176	MO	_	1	*)
_	0	14	173	874	875	,	--	PUNC	$,	_	172	--	_	1	*
_	0	14	174	876	879	was	was	PR	PWS	case=acc|number=sg|gender=neut	176	OA	_	1	(S*
_	0	14	175	880	882	er	er	PR	PPER	case=nom|number=sg|gender=masc|person=3	176	SB	_	1	*
_	0	14	176	883	889	bedarf	bedürfen	V	VVFIN	number=sg|person=3|tense=pres|mood=ind	168	OC	_	1	*
_	0	14	177	889	890	,	--	PUNC	$,	_	176	--	_	1	*
_	0	14	178	891	897	Schutz	schutz	NN	NN	case=acc|number=sg|gender=masc	166	CJ	_	1	(S(NP*)
_	0	14	179	898	901	und	und	CONJ	KON	_	178	CD	_	1	(CNP*
_	0	14	180	902	905	die	der	ART	ART	case=acc|number=sg|gender=fem	182	NK	_	1	(NP*
_	0	14	181	906	912	goldne	goldn	ADJ	ADJA	case=acc|number=sg|gender=fem	182	NK	_	1	*
_	0	14	182	913	920	Nahrung	nahrung	NN	NN	case=acc|number=sg|gender=fem	179	CJ	_	1	*
_	0	14	183	920	921	,	--	PUNC	$,	_	182	--	_	1	*
_	0	14	184	922	925	die	der	PR	PRELS	case=acc|number=sg|gender=fem	186	OA	_	1	(S*
_	0	14	185	926	928	er	er	PR	PPER	case=nom|number=sg|gender=masc|person=3	186	SB	_	1	*
_	0	14	186	929	936	braucht	brauchen	V	VVFIN	number=sg|person=3|tense=pres|mood=ind	182	RC	_	1	*))
_	0	14	187	936	937	,	--	PUNC	$,	_	186	--	_	1	*
_	0	14	188	938	943	Weich	weich	NN	NN	case=acc|number=sg|gender=*	178	CJ	_	1	(NP*
_	0	14	189	944	948	auch	auch	ADV	ADV	_	193	MO	_	1	*)
_	0	14	190	949	952	und	und	CONJ	KON	_	189	CD	_	1	*
_	0	14	191	953	957	warm	warm	ADJ	ADJD	degree=pos	190	CJ	_	1	(NP(CNP(NP*
_	0	14	192	958	961	ein	ein	ART	ART	case=nom|number=sg|gender=masc	193	NK	_	1	*
_	0	14	193	962	967	Lager	lager	NN	NN	case=nom|number=sg|gender=masc	188	CJ	_	1	*
_	0	14	194	968	971	für	für	PP	APPR	_	193	MNR	_	1	(PP*
_	0	14	195	972	975	die	der	ART	ART	case=acc|number=sg|gender=fem	196	NK	_	1	*
_	0	14	196	976	981	Nacht	nacht	NN	NN	case=acc|number=sg|gender=fem	194	NK	_	1	*))
_	0	14	197	982	985	Und	und	CONJ	KON	_	193	CD	_	1	*
_	0	14	198	986	991	alles	alle	PR	PIAT	case=nom|number=sg|gender=neut	199	NK	_	1	(NP*
_	0	14	199	992	998	Weitre	weitre	NN	NN	_	197	CJ	_	1	*))
_	0	14	200	998	999	,	--	PUNC	$,	_	199	--	_	1	*
_	0	14	201	1000	1003	was	was	PR	PRELS	case=nom|number=sg|gender=neut	203	SB	_	1	(S*
_	0	14	202	1004	1008	dazu	dazu	ADV	PROAV	_	203	OP	_	1	*
_	0	14	203	1009	1015	gehört	gehören	V	VVFIN	number=sg|person=3|tense=pres|mood=ind	171	RC	_	1	*)))))
_	0	14	204	1015	1016	?	--	PUNC	$.	_	203	--	_	1	*)
_	0	14	205	1016	1017	«	«	O	XY	_	159	NK	_	0	*))
_	0	15	206	1018	1019	–	–	O	XY	_	_	_	_	0	(TOP(NUR*
_	0	15	207	1020	1024	Dies	dieser	PR	PDS	case=nom|number=sg|gender=neut	208	NK	_	0	(S(NP*
_	0	15	208	1025	1029	Wort	wort	NN	NN	case=nom|number=sg|gender=neut	209	SB	_	0	*)
_	0	15	209	1030	1037	bewegte	bewegen	V	VVFIN	number=sg|person=3|tense=past|mood=ind	_	_	_	0	*
_	0	15	210	1038	1043	einen	ein	ART	ART	case=acc|number=sg|gender=masc	211	NK	_	0	(NP*
_	0	15	211	1044	1054	Augenblick	augenblick	NN	NN	case=acc|number=sg|gender=masc	209	OA	_	0	*
_	0	15	212	1055	1058	Den	der	ART	ART	case=acc|number=sg|gender=masc	214	NK	_	0	(NP*
_	0	15	213	1059	1066	raschen	rasch	ADJ	ADJA	case=acc|number=sg|gender=masc|degree=pos	214	NK	_	0	*
_	0	15	214	1067	1074	Vorsatz	vorsatz	NN	NN	case=acc|number=sg|gender=masc	211	AG	_	0	*))
_	0	15	215	1075	1081	unsers	unsers	PR	PPOSAT	degree=pos	217	NK	_	0	(NP*
_	0	15	216	1082	1088	jungen	jung	ADJ	ADJA	_	217	NK	_	0	*
_	0	15	217	1089	1094	Toren	tor	NN	NN	_	209	OA	_	0	*)
_	0	15	218	1094	1095	;	--	PUNC	$.	_	217	--	_	0	*
_	0	15	219	1096	1100	Doch	doch	CONJ	KON	_	222	MO	_	0	(S*
_	0	15	220	1101	1104	die	der	ART	ART	case=nom|number=sg|gender=fem	221	NK	_	0	(NP*
_	0	15	221	1105	1113	Begierde	begierde	NN	NN	case=nom|number=sg|gender=fem	222	OA	_	0	*)
_	0	15	222	1114	1118	trug	tragen	V	VVFIN	number=sg|person=3|tense=past|mood=ind	217	PAR	_	0	*)
_	0	15	223	1118	1119	,	--	PUNC	$,	_	222	--	_	0	*
_	0	15	224	1120	1123	die	der	ART	ART	case=acc|number=sg|gender=fem	225	NK	_	0	(CNP(NP*
_	0	15	225	1124	1128	Welt	welt	NN	NN	case=acc|number=sg|gender=fem	217	CJ	_	0	*
_	0	15	226	1129	1131	zu	zu	PP	APPR	_	225	MNR	_	0	(PP*
_	0	15	227	1132	1136	sehn	sehn	CARD	CARD	_	226	NK	_	0	*))
_	0	15	228	1136	1137	,	--	PUNC	$,	_	227	--	_	0	*
_	0	15	229	1138	1141	Und	und	CONJ	KON	_	225	CD	_	0	*
_	0	15	230	1142	1145	das	der	ART	ART	case=nom|number=sg|gender=neut	232	NK	_	0	(NP*
_	0	15	231	1146	1154	unruh'ge	unruh'ge	ADJ	ADJA	case=nom|number=sg|gender=neut|degree=pos	232	NK	_	0	*
_	0	15	232	1155	1159	Herz	herz	NN	NN	case=nom|number=sg|gender=neut	229	CJ	_	0	*
_	0	15	233	1160	1163	den	der	ART	ART	case=acc|number=sg|gender=masc	234	NK	_	0	(NP*
_	0	15	234	1164	1168	Sieg	sieg	NN	NN	case=acc|number=sg|gender=masc	232	AG	_	0	*)))
_	0	15	235	1169	1174	davon	davon	V	PTKVZ	_	209	SVP	_	0	*)
_	0	15	236	1174	1175	.	--	PUNC	$.	_	235	--	_	0	*))
_	0	16	237	1176	1178	Er	er	PR	PPER	case=nom|number=sg|gender=masc|person=3	238	SB	_	0	(TOP(CS(S*
_	0	16	238	1179	1184	sagte	sagen	V	VVFIN	number=sg|person=3|tense=past|mood=ind	_	_	_	0	*)
_	0	16	239	1184	1185	:	--	PUNC	$.	_	238	--	_	0	*
_	0	16	240	1186	1187	»	»	PUNC	$(	_	239	--	_	0	(S*
_	0	16	241	1187	1192	Weine	wein	ADV	ADV	_	242	MO	_	1	*
_	0	16	242	1193	1198	nicht	nicht	O	PTKNEG	_	238	OC	_	1	*)
_	0	16	243	1198	1199	!	--	PUNC	$.	_	242	--	_	1	*))
_	0	17	244	1200	1204	Zwei	zwei	CARD	CARD	_	246	NK	_	1	(TOP(NP*
_	0	17	245	1205	1210	kurze	kurz	ADJ	ADJA	case=dat|number=pl|gender=masc|degree=pos	246	NK	_	1	*
_	0	17	246	1211	1217	Monden	mond	NN	NN	case=dat|number=pl|gender=masc	_	_	_	1	*
_	0	17	247	1218	1229	Befriedigen	befriediger	NN	NN	case=dat|number=pl|gender=masc	246	NK	_	1	*
_	0	17	248	1230	1238	jedweden	jedweder	PR	PIAT	case=acc|number=sg|gender=masc	249	NK	_	1	(NP*
_	0	17	249	1239	1245	Wunsch	wunsch	NN	NN	case=acc|number=sg|gender=masc	246	PAR	_	1	*)
_	0	17	250	1246	1248	in	in	PP	APPR	_	249	MNR	_	1	(PP*
_	0	17	251	1249	1252	mir	sich	PR	PPER	case=dat|number=sg|gender=*|person=1	250	NK	_	1	*)
_	0	17	252	1252	1253	.	--	PUNC	$.	_	251	--	_	1	*))
_	0	18	253	1254	1257	Ich	ich	PR	PPER	case=nom|number=sg|gender=*|person=1	254	SB	_	1	(TOP(S*
_	0	18	254	1258	1263	kehre	kehren	V	VVFIN	number=sg|person=1|tense=pres|mood=ind	_	_	_	1	*
_	0	18	255	1264	1270	wieder	wieder	ADV	ADV	_	254	MO	_	1	*
_	0	18	256	1270	1271	,	--	PUNC	$,	_	255	--	_	1	*
_	0	18	257	1272	1280	Liebchen	liebchen	NN	NN	case=acc|number=pl|gender=fem	254	OC	_	1	*
_	0	18	258	1280	1281	,	--	PUNC	$,	_	257	--	_	1	*
_	0	18	259	1282	1284	um	um	CONJ	KOUI	_	275	CP	_	1	(VP*
_	0	18	260	1285	1288	ein	ein	ART	ART	case=acc|number=sg|gender=neut	261	NK	_	1	(NP*
_	0	18	261	1289	1296	Kleines	klein	NN	NN	case=acc|number=sg|gender=neut	259	NK	_	1	*
_	0	18	262	1296	1297	,	--	PUNC	$,	_	261	--	_	1	*
_	0	18	263	1298	1306	Jedwedes	jedweder	NP	NE	case=nom|number=sg|gender=neut	264	PNC	_	1	(S(NP*
_	0	18	264	1307	1316	Abenteuer	abenteuer	NN	NN	case=dat|number=sg|gender=neut	257	CJ	_	1	*
_	0	18	265	1316	1317	,	--	PUNC	$,	_	264	--	_	1	*
_	0	18	266	1318	1321	Zug	zug	NN	NN	case=acc|number=sg|gender=masc	264	CJ	_	1	(S(NP*
_	0	18	267	1322	1325	vor	vor	PP	APPR	_	266	MNR	_	1	(PP*
_	0	18	268	1326	1329	Zug	zug	NN	NN	case=acc|number=sg|gender=masc	267	NK	_	1	(CNP*
_	0	18	269	1329	1330	,	--	PUNC	$,	_	268	--	_	1	*
_	0	18	270	1331	1334	Das	der	NN	NN	case=acc|number=sg|gender=neut	272	SB	_	1	*)))
_	0	18	271	1335	1338	mir	sich	PR	PPER	case=dat|number=sg|gender=*|person=1	272	DA	_	1	(NP*)))
_	0	18	272	1339	1348	begegnete	begegnen	V	VVFIN	number=sg|person=3|tense=past|mood=ind	254	CJ	_	1	*
_	0	18	273	1348	1349	,	--	PUNC	$,	_	272	--	_	1	*
_	0	18	274	1350	1353	dir	dir	PR	PPER	case=dat|number=sg|gender=*|person=2	275	OA	_	1	(NP*)))
_	0	18	275	1354	1365	mitzuteilen	mitteilen	V	VVIZU	_	272	OC	_	1	*)
_	0	18	276	1365	1366	.	--	PUNC	$.	_	275	--	_	1	*))
_	0	19	277	1367	1369	Es	es	PR	PPER	case=nom|number=sg|gender=neut|person=3	278	PH	_	1	(TOP(S(S*
_	0	19	278	1370	1374	wird	werden	V	VAFIN	number=sg|person=3|tense=pres|mood=ind	282	OC	_	1	*
_	0	19	279	1375	1379	dich	dich	PR	PPER	degree=pos	280	OA	_	1	(VP*
_	0	19	280	1380	1391	unterhalten	unterhalten	V	VVPP	_	278	OC	_	1	*))
_	0	19	281	1391	1392	,	--	PUNC	$,	_	280	--	_	1	*
_	0	19	282	1393	1399	glaube	glauben	V	VVFIN	number=sg|person=3|tense=pres|mood=subj	_	_	_	1	*
_	0	19	283	1400	1403	mir	sich	PR	PPER	case=dat|number=sg|gender=*|person=1	282	DA	_	1	*
_	0	19	284	1403	1404	!	--	PUNC	$.	_	283	--	_	1	*))
_	0	20	285	1405	1408	Ach	ach	O	ITJ	_	291	DM	_	1	(TOP(S(S*
_	0	20	286	1408	1409	,	--	PUNC	$,	_	285	--	_	1	*
_	0	20	287	1410	1413	wer	wer	PR	PWS	case=nom|number=sg|gender=masc	289	SB	_	1	*
_	0	20	288	1414	1420	nichts	nichts	PR	PIS	case=*|number=*|gender=neut	289	OA	_	1	(NP*)
_	0	20	289	1421	1426	sieht	sehen	V	VVFIN	number=sg|person=3|tense=pres|mood=ind	291	SB	_	1	*)
_	0	20	290	1426	1427	,	--	PUNC	$,	_	289	--	_	1	*
_	0	20	291	1428	1432	kann	können	V	VMFIN	number=sg|person=3|tense=pres|mood=ind	_	_	_	1	*
_	0	20	292	1433	1438	wenig	wenig	ADV	ADV	_	294	MO	_	1	*
_	0	20	293	1439	1443	auch	auch	ADV	ADV	_	294	MO	_	1	(VP*
_	0	20	294	1444	1452	erzählen	erzählen	V	VVINF	_	291	OC	_	1	*)
_	0	20	295	1452	1453	.	--	PUNC	$.	_	294	--	_	1	*))
_	0	21	296	1454	1458	Hier	hier	ADV	ADV	_	300	MO	_	1	(TOP(NUR(S(S*
_	0	21	297	1458	1459	,	--	PUNC	$,	_	296	--	_	1	*
_	0	21	298	1460	1464	wird	werden	V	VAFIN	number=sg|person=3|tense=pres|mood=ind	296	PAR	_	1	*
_	0	21	299	1465	1467	es	es	PR	PPER	case=nom|number=sg|gender=neut|person=3	300	MO	_	1	*
_	0	21	300	1468	1474	heißen	heißen	V	VVINF	_	302	MO	_	1	(VP*))
_	0	21	301	1474	1475	,	--	PUNC	$,	_	300	--	_	1	*
_	0	21	302	1476	1479	war	sein	V	VAFIN	number=sg|person=1|tense=past|mood=ind	_	_	_	1	*
_	0	21	303	1480	1483	ich	ich	PR	PPER	case=nom|number=sg|gender=*|person=1	302	SB	_	1	(NP*)
_	0	21	304	1483	1484	;	--	PUNC	$.	_	303	--	_	1	*
_	0	21	305	1485	1489	dies	dieser	PR	PDS	case=acc|number=sg|gender=neut	306	OA	_	1	(VP*
_	0	21	306	1490	1496	erlebt	erleben	V	VVPP	_	302	PD	_	1	*)
_	0	21	307	1496	1497	'	--	PUNC	$(	_	306	--	_	1	*
_	0	21	308	1498	1501	ich	ich	PR	PPER	case=nom|number=sg|gender=*|person=1	312	SB	_	1	(S(NP*))
_	0	21	309	1501	1502	;	--	PUNC	$.	_	308	--	_	1	*
_	0	21	310	1503	1507	Dort	dort	ADV	ADV	_	316	MO	_	1	(S(AVP*
_	0	21	311	1508	1512	auch	auch	ADV	ADV	_	312	MO	_	1	*)
_	0	21	312	1513	1516	hat	haben	V	VAFIN	number=sg|person=3|tense=pres|mood=ind	302	CJ	_	1	*
_	0	21	313	1517	1521	mich	mich	PR	PPER	case=acc|number=sg|gender=*|person=1	316	OA	_	1	*
_	0	21	314	1522	1525	die	der	ART	ART	case=nom|number=sg|gender=fem	315	NK	_	1	(VP(NP*
_	0	21	315	1526	1531	Reise	reise	NN	NN	case=nom|number=sg|gender=fem	312	SB	_	1	*)
_	0	21	316	1532	1542	hingeführt	hingeführen	V	VVPP	_	312	OC	_	1	*))
_	0	21	317	1542	1543	;	--	PUNC	$.	_	316	--	_	1	*
_	0	21	318	1544	1547	Und	und	CONJ	KON	_	331	JU	_	1	(S*
_	0	21	319	1548	1550	du	du	PR	PPER	case=nom|number=sg|gender=*|person=2	_	_	_	1	(NP*)
_	0	21	320	1550	1551	,	--	PUNC	$,	_	319	--	_	1	*
_	0	21	321	1552	1554	im	in	PP	APPRART	case=dat|number=sg|gender=neut	330	MO	_	1	(VP(PP*
_	0	21	322	1555	1560	süßen	süß	ADJ	ADJA	case=dat|number=sg|gender=neut|degree=pos	323	NK	_	1	*
_	0	21	323	1561	1569	Wahnsinn	wahnsinn	NN	NN	case=dat|number=sg|gender=neut	321	NK	_	1	*
_	0	21	324	1570	1573	der	der	ART	ART	case=gen|number=pl|gender=fem	325	NK	_	1	(NP*
_	0	21	325	1574	1582	Gedanken	gedanke	NN	NN	case=gen|number=pl|gender=fem	323	AG	_	1	*)
_	0	21	326	1582	1583	,	--	PUNC	$,	_	325	--	_	1	*
_	0	21	327	1584	1587	Ein	ein	ART	ART	case=nom|number=sg|gender=neut	328	NK	_	1	(NP*
_	0	21	328	1588	1593	Zeuge	zeuge	NN	NN	_	323	CJ	_	1	*))
_	0	21	329	1594	1600	dessen	der	PR	PDS	case=gen|number=sg|gender=masc	328	AG	_	1	(NP*)
_	0	21	330	1601	1607	wähnen	wähnen	V	VVINF	_	331	OC	_	1	*)
_	0	21	331	1608	1613	wirst	werden	V	VAFIN	number=sg|person=2|tense=pres|mood=ind	300	OC	_	1	*
_	0	21	332	1614	1616	du	du	PR	PPER	case=nom|number=sg|gender=*|person=2	331	SB	_	1	*
_	0	21	333	1617	1621	dich	dich	PR	PRF	case=acc|number=sg|person=2	330	OA	_	1	(VP*))
_	0	21	334	1621	1622	.	--	PUNC	$.	_	333	--	_	1	*)
_	0	21	335	1622	1623	«	«	O	XY	_	_	_	_	0	*))
_	0	22	336	1624	1625	–	–	O	XY	_	_	_	_	0	(TOP(NUR*
_	0	22	337	1626	1630	Kurz	kurz	NN	NN	degree=pos	336	PD	_	0	(CS(S(NP*
_	0	22	338	1630	1631	,	--	PUNC	$,	_	337	--	_	0	*
_	0	22	339	1632	1636	dies	dieser	PR	PDS	case=nom|number=sg|gender=neut	344	SB	_	0	(S(NP*
_	0	22	340	1637	1640	und	und	CONJ	KON	_	339	CD	_	0	(AVP*
_	0	22	341	1641	1645	mehr	mehr	ADV	ADV	_	343	MO	_	0	*))
_	0	22	342	1646	1649	des	der	ART	ART	case=gen|number=sg|gender=neut	343	NK	_	0	(NP*
_	0	22	343	1650	1657	Trostes	trost	NN	NN	case=gen|number=sg|gender=neut	340	CJ	_	0	*)))
_	0	22	344	1658	1662	zart	zaren	V	VVFIN	_	_	_	_	0	*
_	0	22	345	1663	1672	erfindend	erfindend	ADJ	ADJD	degree=pos	344	MO	_	0	(AP*
_	0	22	346	1672	1673	,	--	PUNC	$,	_	345	--	_	0	*
_	0	22	347	1674	1678	Küßt	küßen	NN	NN	number=sg|person=3|tense=pres|mood=ind	349	PNC	_	0	(CS(S*
_	0	22	348	1679	1681	er	er	PR	PPER	case=nom|number=sg|gender=masc|person=3	349	NK	_	0	(NP*
_	0	22	349	1682	1683	–	–	NN	NN	_	337	CJ	_	0	*))
_	0	22	350	1684	1687	und	und	CONJ	KON	_	349	CD	_	0	*
_	0	22	351	1688	1699	unterdrückt	unterdrücken	V	VVPP	_	350	CJ	_	0	(S(VP*
_	0	22	352	1699	1700	,	--	PUNC	$,	_	351	--	_	0	*
_	0	22	353	1701	1704	was	was	PR	PWS	case=nom|number=sg|gender=neut	356	OA	_	0	(S*
_	0	22	354	1705	1709	sich	sich	PR	PRF	case=acc|number=sg|person=3	356	OA	_	0	*
_	0	22	355	1710	1713	ihm	ihm	PR	PPER	case=dat|number=sg|gender=masc|person=3	356	DA	_	0	(NP*)
_	0	22	356	1714	1718	regt	regen	V	VVFIN	number=sg|person=3|tense=pres|mood=ind	351	OC	_	0	*)))))
_	0	22	357	1719	1720	–	–	PP	APPR	case=nom|number=sg|gender=neut	356	MO	_	0	(PP*
_	0	22	358	1721	1724	Das	der	ART	ART	case=nom|number=sg|gender=neut	359	NK	_	0	*
_	0	22	359	1725	1733	Täubchen	täubchen	NN	NN	_	357	NK	_	0	*
_	0	22	360	1733	1734	,	--	PUNC	$,	_	359	--	_	0	*
_	0	22	361	1735	1738	das	der	PR	PRELS	case=acc|number=sg|gender=neut	364	SB	_	0	(S*
_	0	22	362	1739	1742	die	der	ART	ART	case=nom|number=sg|gender=fem	363	NK	_	0	(NP*
_	0	22	363	1743	1749	Flügel	flügel	NN	NN	case=nom|number=sg|gender=fem	364	OA	_	0	*)
_	0	22	364	1750	1761	niederhängt	niederhängen	V	VVFIN	_	359	RC	_	0	*)))
_	0	22	365	1761	1762	,	--	PUNC	$,	_	364	--	_	0	*
_	0	22	366	1763	1766	Und	und	CONJ	KON	_	336	CD	_	0	*
_	0	22	367	1767	1774	fleucht	fleuchen	V	VVFIN	_	366	CJ	_	0	*)
_	0	22	368	1774	1775	.	--	PUNC	$.	_	367	--	_	0	*))
_	1	23	369	1883	1892	Ergrimmte	ergrimmt	ADJ	ADJA	_	370	NK	_	0	(TOP(CS(S(NP*
_	1	23	370	1893	1898	Winde	wind	NN	NN	number=sg|person=3|tense=pres|mood=subj	371	SB	_	0	*)
_	1	23	371	1899	1906	brechen	brechen	V	VVFIN	_	_	_	_	0	*
_	1	23	372	1907	1910	los	los	V	PTKVZ	_	371	SVP	_	0	*
_	1	23	373	1910	1911	:	--	PUNC	$.	_	372	--	_	0	*
_	1	23	374	1912	1915	der	der	ART	ART	case=nom|number=sg|gender=masc	375	NK	_	0	(NP*
_	1	23	375	1916	1922	Tauber	tauber	NN	NN	case=nom|number=sg|gender=masc	378	DA	B-LOC	0	*
_	1	23	376	1923	1930	Kreucht	kreucht	NP	NE	number=sg|person=3|tense=pres|mood=ind	375	NK	_	0	*)
_	1	23	377	1931	1937	untern	untern	ADJ	ADJD	degree=pos	378	MO	_	0	*
_	1	23	378	1938	1944	ersten	erster	ADJ	ADJA	case=acc|number=sg|gender=masc|degree=pos	379	NK	_	0	(NP*
_	1	23	379	1945	1952	Strauch	strauch	NN	NN	case=acc|number=sg|gender=masc	370	PAR	_	0	*))
_	1	23	380	1952	1953	,	--	PUNC	$,	_	379	--	_	0	*
_	1	23	381	1954	1957	der	der	PR	PRELS	case=nom|number=sg|gender=masc	384	SB	_	0	(S*
_	1	23	382	1958	1962	sich	sich	PR	PRF	case=acc|number=sg|person=3	384	OA	_	0	*
_	1	23	383	1963	1966	ihm	ihm	PR	PPER	case=dat|number=sg|gender=masc|person=3	384	DA	_	0	(NP*)
_	1	23	384	1967	1971	beut	beuen	V	VVFIN	_	379	RC	_	0	*)
_	1	23	385	1971	1972	.	--	PUNC	$.	_	384	--	_	0	*))
_	1	24	386	1973	1976	Und	und	CONJ	KON	_	412	JU	_	0	(TOP(S*
_	1	24	387	1977	1984	während	während	CONJ	KOUS	_	393	CP	_	0	(S*
_	1	24	388	1985	1987	er	er	PR	PPER	case=nom|number=sg|gender=masc|person=3	393	SB	_	0	(NP*
_	1	24	389	1987	1988	,	--	PUNC	$,	_	388	--	_	0	*
_	1	24	390	1989	1992	von	von	PP	APPR	_	393	SBP	_	0	(VP(PP*
_	1	24	391	1993	2000	stiller	still	ADJ	ADJA	_	410	MO	_	0	*
_	1	24	392	2001	2005	Oed'	oed'	NN	NN	_	390	NK	_	0	*)
_	1	24	393	2006	2015	umrauscht	umrauschen	V	VVPP	_	412	MO	_	0	*))
_	1	24	394	2015	2016	,	--	PUNC	$,	_	393	--	_	0	*
_	1	24	395	2017	2020	Die	der	ART	ART	case=nom|number=sg|gender=fem	401	SB	_	0	(NP*
_	1	24	396	2021	2025	Flut	flut	NN	NN	case=nom|number=sg|gender=fem	401	MO	_	0	*
_	1	24	397	2026	2029	von	von	PP	APPR	_	401	MO	_	0	(PP*
_	1	24	398	2030	2033	den	der	ART	ART	case=dat|number=pl|gender=masc	400	NK	_	0	*
_	1	24	399	2034	2047	durchweichten	durchweicht	ADJ	ADJA	case=dat|number=pl|gender=masc|degree=pos	400	NK	_	0	*
_	1	24	400	2048	2054	Federn	feder	NN	NN	case=dat|number=pl|gender=masc	397	NK	_	0	*))
_	1	24	401	2055	2064	schüttelt	schütteln	V	VVFIN	number=sg|person=3|tense=pres|mood=ind	392	RC	_	0	*
_	1	24	402	2064	2065	,	--	PUNC	$,	_	401	--	_	0	*
_	1	24	403	2066	2069	Die	der	ART	ART	case=nom|number=sg|gender=fem	404	NK	_	0	(CS(S(NP*
_	1	24	404	2070	2079	strömende	strömend	ADJ	ADJA	case=nom|number=sg|gender=fem|degree=pos	400	APP	_	0	*)
_	1	24	405	2079	2080	,	--	PUNC	$,	_	404	--	_	0	*
_	1	24	406	2081	2084	und	und	CONJ	KON	_	404	CD	_	0	(CS(S*
_	1	24	407	2085	2093	seufzend	seufzend	ADJ	ADJD	degree=pos	410	MO	_	0	(AP*
_	1	24	408	2094	2096	um	um	PP	APPR	_	410	MO	_	0	(PP*
_	1	24	409	2097	2101	sich	sich	PR	PRF	case=acc|number=sg|person=3	408	NK	_	0	*))
_	1	24	410	2102	2108	blickt	blicken	V	VVFIN	number=sg|person=3|tense=pres|mood=ind	406	CJ	_	0	*
_	1	24	411	2108	2109	,	--	PUNC	$,	_	410	--	_	0	*
_	1	24	412	2110	2115	Denkt	denken	V	VVFIN	number=sg|person=3|tense=pres|mood=ind	_	_	_	0	(S*
_	1	24	413	2116	2118	er	er	PR	PPER	case=nom|number=sg|gender=masc|person=3	412	SB	_	0	*
_	1	24	414	2118	2119	,	--	PUNC	$,	_	413	--	_	0	*
_	1	24	415	2120	2124	nach	nach	PP	APPR	_	412	OP	_	0	(CVP(VP(PP*
_	1	24	416	2125	2135	Wandrerart	wandrerart	NN	NN	case=dat|number=sg|gender=neut	415	NK	_	0	*))
_	1	24	417	2135	2136	,	--	PUNC	$,	_	416	--	_	0	*
_	1	24	418	2137	2141	sich	sich	PR	PRF	case=acc|number=sg|person=3	420	OA	_	0	(VP*
_	1	24	419	2142	2144	zu	zu	O	PTKZU	_	420	PM	_	0	(VZ*
_	1	24	420	2145	2154	zerstreun	zerstreun	V	VVINF	_	412	OC	_	0	*)))))
_	1	24	421	2154	2155	,	--	PUNC	$,	_	420	--	_	0	*
_	1	24	422	2156	2159	Des	der	NN	NN	_	423	SB	_	0	(S*
_	1	24	423	2160	2167	blonden	blond	V	VVFIN	_	420	CJ	_	0	*
_	1	24	424	2168	2177	Täubchens	täubchen	NN	NN	_	423	OA	_	0	*
_	1	24	425	2178	2182	heim	heim	V	PTKVZ	_	423	SVP	_	0	*)
_	1	24	426	2182	2183	,	--	PUNC	$,	_	425	--	_	0	*
_	1	24	427	2184	2187	das	der	PR	PRELS	case=acc|number=sg|gender=neut	429	OA	_	0	(S*
_	1	24	428	2188	2190	er	er	PR	PPER	case=nom|number=sg|gender=masc|person=3	429	SB	_	0	*
_	1	24	429	2191	2198	verließ	verlassen	V	VVFIN	number=sg|person=3|tense=past|mood=ind	424	RC	_	0	*)
_	1	24	430	2198	2199	,	--	PUNC	$,	_	429	--	_	0	*
_	1	24	431	2200	2203	Und	und	CONJ	KON	_	423	CD	_	0	*
_	1	24	432	2204	2209	sieht	sehen	V	VVFIN	number=sg|person=3|tense=pres|mood=ind	431	CJ	_	0	(S*
_	1	24	433	2210	2214	erst	erst	ADV	ADV	_	434	MO	_	0	*
_	1	24	434	2215	2220	jetzt	jetzt	ADV	ADV	_	432	MO	_	0	*
_	1	24	435	2220	2221	,	--	PUNC	$,	_	434	--	_	0	*
_	1	24	436	2222	2225	wie	wie	PR	PWAV	_	443	MO	_	0	(S*
_	1	24	437	2226	2229	sie	sie	PR	PPER	case=nom|number=pl|gender=fem|person=3	443	SB	_	0	*
_	1	24	438	2230	2234	beim	bei	PP	APPRART	case=dat|number=sg|gender=masc	443	MO	_	0	(PP*
_	1	24	439	2235	2243	Abschied	abschied	NN	NN	case=dat|number=sg|gender=masc	438	NK	_	0	*)
_	1	24	440	2244	2254	schweigend	schweigend	ADJ	ADJD	degree=pos	443	MO	_	0	*
_	1	24	441	2255	2258	Das	der	ART	ART	case=acc|number=sg|gender=neut	442	NK	_	0	(NP*
_	1	24	442	2259	2267	Köpfchen	köpfchen	NN	NN	case=acc|number=sg|gender=neut	443	SB	_	0	*)
_	1	24	443	2268	2278	niederhing	niederhing	V	VVFIN	_	432	OC	_	0	*)))
_	1	24	444	2278	2279	,	--	PUNC	$,	_	443	--	_	0	*
_	1	24	445	2280	2283	die	der	ART	ART	case=nom|number=sg|gender=fem	446	NK	_	0	(NP*
_	1	24	446	2284	2290	Flügel	flügel	NN	NN	case=nom|number=sg|gender=fem	447	OA	_	0	*)
_	1	24	447	2291	2297	senkte	senken	V	VVFIN	number=sg|person=3|tense=past|mood=ind	443	CJ	_	0	*
_	1	24	448	2297	2298	,	--	PUNC	$,	_	447	--	_	0	*
_	1	24	449	2299	2302	Den	der	NP	NE	case=acc|number=sg|gender=masc	450	SB	_	0	(S*
_	1	24	450	2303	2309	weißen	weiß	V	VVFIN	case=acc|number=sg|gender=masc|degree=pos	447	CJ	_	0	*
_	1	24	451	2310	2315	Schoß	schoß	NN	NN	case=acc|number=sg|gender=masc	450	OA	_	0	(NP*
_	1	24	452	2316	2319	mit	mit	PP	APPR	_	450	MO	_	0	(PP*
_	1	24	453	2320	2327	stillen	still	ADJ	ADJA	case=dat|number=pl|gender=neut|degree=pos	454	NK	_	0	(CO(AP(NP*
_	1	24	454	2328	2334	Tränen	träne	NN	NN	case=dat|number=pl|gender=neut	452	NK	_	0	*)
_	1	24	455	2335	2342	netzend	netzend	ADJ	ADJD	degree=pos	450	MO	_	0	*
_	1	24	456	2342	2343	;	--	PUNC	$.	_	455	--	_	0	*)
_	1	24	457	2344	2347	Und	und	CONJ	KON	_	450	CD	_	0	*
_	1	24	458	2348	2354	selbst	selbst	ADV	ADV	_	418	MNR	_	0	(AVP*))))
_	1	24	459	2354	2355	,	--	PUNC	$,	_	458	--	_	0	*
_	1	24	460	2356	2359	was	was	PR	PWS	case=nom|number=sg|gender=neut	465	OA	_	0	(S*
_	1	24	461	2360	2365	seine	sein	PR	PPOSAT	case=acc|number=sg|gender=fem	462	NK	_	0	(NP*
_	1	24	462	2366	2371	Brust	brust	NN	NN	case=acc|number=sg|gender=fem	465	OA	_	0	*)
_	1	24	463	2372	2376	noch	noch	ADV	ADV	_	464	MO	_	0	(AVP*
_	1	24	464	2377	2380	nie	nie	ADV	ADV	_	465	MO	_	0	*)
_	1	24	465	2381	2388	empfand	empfinden	V	VVFIN	number=sg|person=1|tense=past|mood=ind	457	CJ	_	0	*)))
_	1	24	466	2388	2389	,	--	PUNC	$,	_	465	--	_	0	*
_	1	24	467	2390	2393	Ein	ein	ART	ART	case=nom|number=sg|gender=masc	468	NK	_	0	(S(NP*
_	1	24	468	2394	2401	Tropfen	tropfen	NN	NN	case=nom|number=sg|gender=masc	463	CJ	_	0	*)
_	1	24	469	2401	2402	,	--	PUNC	$,	_	468	--	_	0	*
_	1	24	470	2403	2407	groß	groß	ADJ	ADJD	degree=pos	474	MO	_	0	(CAP*
_	1	24	471	2408	2411	und	und	CONJ	KON	_	470	CD	_	0	*
_	1	24	472	2412	2420	glänzend	glänzend	ADJ	ADJD	degree=pos	471	CJ	_	0	*))))
_	1	24	473	2420	2421	,	--	PUNC	$,	_	472	--	_	0	*
_	1	24	474	2422	2428	steigt	steigen	V	VVFIN	number=sg|person=3|tense=pres|mood=ind	465	CJ	_	0	*
_	1	24	475	2429	2432	ihm	ihm	PR	PPER	case=dat|number=sg|gender=masc|person=3	474	DA	_	0	*
_	1	24	476	2433	2436	auf	auf	V	PTKVZ	_	474	SVP	_	0	*
_	1	24	477	2436	2437	.	--	PUNC	$.	_	476	--	_	0	*))
_	1	25	478	2438	2448	Getrocknet	getrocknet	ADJ	ADJD	number=pl|person=2|mood=imp	491	MO	_	0	(TOP(CS(S*
_	1	25	479	2449	2453	doch	doch	ADV	ADV	_	478	MO	_	0	(S*
_	1	25	480	2453	2454	,	--	PUNC	$,	_	479	--	_	0	*
_	1	25	481	2455	2459	beim	bei	PP	APPRART	case=dat|number=sg|gender=masc	478	PAR	_	0	(PP*
_	1	25	482	2460	2466	ersten	erster	ADJ	ADJA	case=dat|number=sg|gender=masc|degree=pos	483	NK	_	0	*
_	1	25	483	2467	2479	Sonnenstrahl	sonnenstrahl	NN	NN	case=dat|number=sg|gender=masc	481	NK	_	0	*
_	1	25	484	2479	2480	,	--	PUNC	$,	_	483	--	_	0	*
_	1	25	485	2481	2483	So	so	ADV	ADV	_	486	MO	_	0	(NP*
_	1	25	486	2484	2487	Aug	aug	NN	NN	number=sg|person=3|tense=past|mood=ind	483	APP	_	0	*)
_	1	25	487	2487	2488	'	--	PUNC	$(	_	486	--	_	0	*
_	1	25	488	2489	2492	wie	wie	CONJ	KOKOM	_	489	CM	_	0	(NP*
_	1	25	489	2493	2497	Leib	leib	NP	NE	case=nom|number=sg|gender=masc	485	CC	_	0	*))
_	1	25	490	2497	2498	,	--	PUNC	$,	_	489	--	_	0	*
_	1	25	491	2499	2504	setzt	setzen	V	VVFIN	number=sg|person=3|tense=pres|mood=ind	_	_	_	0	*
_	1	25	492	2505	2507	er	er	PR	PPER	case=nom|number=sg|gender=masc|person=3	491	SB	_	0	*
_	1	25	493	2508	2511	die	der	ART	ART	case=acc|number=sg|gender=fem	494	NK	_	0	(NP*
_	1	25	494	2512	2517	Reise	reise	NN	NN	case=acc|number=sg|gender=fem	491	OA	_	0	*)
_	1	25	495	2518	2522	fort	fort	V	PTKVZ	_	491	SVP	_	0	*))
_	1	25	496	2523	2526	Und	und	CONJ	KON	_	491	CD	_	0	*
_	1	25	497	2527	2532	kehrt	kehren	V	VVFIN	number=sg|person=3|tense=pres|mood=ind	496	CJ	_	0	(S*
_	1	25	498	2532	2533	,	--	PUNC	$,	_	497	--	_	0	*
_	1	25	499	2534	2539	wohin	wohin	PR	PWAV	_	504	MO	_	0	(CS(S*
_	1	25	500	2540	2543	ein	ein	ART	ART	case=nom|number=sg|gender=masc	501	NK	_	0	(NP*
_	1	25	501	2544	2550	Freund	freund	NN	NN	case=nom|number=sg|gender=masc	504	SB	_	0	*)))
_	1	25	502	2551	2554	ihn	ihn	PR	PPER	case=acc|number=sg|gender=masc|person=3	504	OA	_	0	(NP*)
_	1	25	503	2555	2559	warm	warm	ADJ	ADJD	degree=pos	504	MO	_	0	(VP*
_	1	25	504	2560	2569	empfohlen	empfehlen	V	VVPP	_	497	MO	_	0	*)
_	1	25	505	2569	2570	,	--	PUNC	$,	_	504	--	_	0	*
_	1	25	506	2571	2573	In	in	PP	APPR	_	509	MO	_	0	(PP*
_	1	25	507	2574	2579	eines	ein	ART	ART	case=gen|number=sg|gender=masc	508	NK	_	0	*
_	1	25	508	2580	2588	Städters	städter	NN	NN	case=gen|number=sg|gender=masc	506	NK	_	0	*
_	1	25	509	2589	2595	reiche	reich	ADJ	ADJA	number=sg|person=3|tense=pres|mood=subj	504	CJ	_	0	(NP*
_	1	25	510	2596	2603	Wohnung	wohnung	NN	NN	case=nom|number=sg|gender=fem	509	OA	_	0	*))
_	1	25	511	2604	2607	ein	ein	V	PTKVZ	_	497	SVP	_	0	*)
_	1	25	512	2607	2608	.	--	PUNC	$.	_	511	--	_	0	*))
_	1	26	513	2609	2612	Von	von	PP	APPR	_	518	SBP	_	0	(TOP(S(PP*
_	1	26	514	2613	2617	Moos	moos	NP	NE	number=pl|person=2|tense=pres|mood=ind	513	NK	_	0	(CNP*
_	1	26	515	2618	2621	und	und	CONJ	KON	_	514	CD	_	0	*
_	1	26	516	2622	2630	duft'gen	duft'g	ADJ	ADJA	case=dat|number=pl|gender=masc|degree=pos	517	NK	_	0	(NP*
_	1	26	517	2631	2639	Kräutern	kräuter	NN	NN	case=dat|number=pl|gender=masc	515	CJ	_	0	*)))
_	1	26	518	2640	2650	zubereitet	bereiten	V	VVFIN	_	_	_	_	0	*
_	1	26	519	2651	2655	Wird	werden	NN	NN	number=sg|person=3|tense=pres|mood=ind	518	SB	_	0	*
_	1	26	520	2656	2659	ihm	ihm	PR	PPER	case=dat|number=sg|gender=masc|person=3	518	DA	_	0	(NP*
_	1	26	521	2660	2663	ein	ein	ART	ART	case=nom|number=sg|gender=neut	522	NK	_	0	(NP*
_	1	26	522	2664	2668	Nest	nest	NN	NN	case=nom|number=sg|gender=neut	518	SB	_	0	*
_	1	26	523	2668	2669	,	--	PUNC	$,	_	522	--	_	0	*
_	1	26	524	2670	2672	an	an	PP	APPR	_	526	OP	_	0	(CS(S(PP*
_	1	26	525	2673	2680	Nahrung	nahrung	NN	NN	case=dat|number=sg|gender=fem	524	NK	_	0	*)
_	1	26	526	2681	2686	fehlt	fehlen	V	VVFIN	number=sg|person=3|tense=pres|mood=ind	518	CJ	_	0	*
_	1	26	527	2687	2689	es	es	PR	PPER	case=nom|number=sg|gender=neut|person=3	526	EP	_	0	*
_	1	26	528	2690	2695	nicht	nicht	O	PTKNEG	_	526	NG	_	0	*)
_	1	26	529	2695	2696	,	--	PUNC	$,	_	528	--	_	0	*
_	1	26	530	2697	2701	Viel	viel	PR	PIAT	case=*|number=*|gender=*	531	NK	_	0	(S(NP*
_	1	26	531	2702	2713	Höflichkeit	höflichkeit	NN	NN	case=acc|number=sg|gender=fem	526	SB	_	0	*
_	1	26	532	2713	2714	,	--	PUNC	$,	_	531	--	_	0	*
_	1	26	533	2715	2717	um	um	PP	APPR	_	540	MO	_	0	(PP*
_	1	26	534	2718	2724	dessen	der	PR	PDS	case=gen|number=sg|gender=masc	533	NK	_	0	*
_	1	26	535	2724	2725	,	--	PUNC	$,	_	534	--	_	0	*
_	1	26	536	2726	2729	der	der	PR	PRELS	case=nom|number=sg|gender=masc	538	SB	_	0	(S*
_	1	26	537	2730	2733	ihn	ihn	PR	PPER	case=acc|number=sg|gender=masc|person=3	538	OA	_	0	*
_	1	26	538	2734	2740	sandte	sanden	V	VVFIN	number=sg|person=3|tense=past|mood=ind	534	RC	_	0	*)))
_	1	26	539	2740	2741	,	--	PUNC	$,	_	538	--	_	0	*
_	1	26	540	2742	2746	Wird	werden	V	VAFIN	number=sg|person=3|tense=pres|mood=ind	531	PAR	_	0	*
_	1	26	541	2747	2750	ihm	ihm	PR	PPER	case=dat|number=sg|gender=masc|person=3	540	DA	_	0	*
_	1	26	542	2751	2757	zuteil	zuteil	V	PTKVZ	_	540	SVP	_	0	(AP*
_	1	26	543	2757	2758	,	--	PUNC	$,	_	542	--	_	0	*
_	1	26	544	2759	2763	viel	viel	PR	PIAT	case=*|number=*|gender=*	545	NK	_	0	(NP*
_	1	26	545	2764	2768	Güt'	güt'	NN	NN	case=nom|number=sg|gender=*	531	CJ	_	0	*)))
_	1	26	546	2769	2772	und	und	CONJ	KON	_	545	CD	_	0	*
_	1	26	547	2773	2782	Artigkeit	artigkeit	NN	NN	case=nom|number=sg|gender=*	546	CJ	_	0	(S*
_	1	26	548	2782	2783	:	--	PUNC	$.	_	547	--	_	0	*
_	1	26	549	2784	2787	Der	der	ART	ART	case=dat|number=sg|gender=fem	551	NK	_	0	(NP*
_	1	26	550	2788	2798	lieblichen	lieblich	ADJ	ADJA	number=pl|person=3|tense=pres|mood=ind	551	NK	_	0	*
_	1	26	551	2799	2806	Gefühle	gefühl	NN	NN	case=acc|number=pl|gender=neut	545	APP	_	0	*)))))
_	1	26	552	2807	2812	keins	keins	PR	PIS	case=acc|number=pl|gender=neut	551	NK	_	0	*
_	1	26	553	2813	2816	für	für	PP	APPR	_	552	MNR	_	0	(PP*
_	1	26	554	2817	2821	sich	sich	PR	PRF	case=acc|number=sg|person=3	553	NK	_	0	*)
_	1	26	555	2821	2822	.	--	PUNC	$.	_	554	--	_	0	*))
_	1	27	556	2823	2826	Und	und	CONJ	KON	_	557	JU	_	0	(TOP(S*
_	1	27	557	2827	2832	sieht	sehen	V	VVFIN	number=sg|person=3|tense=pres|mood=ind	_	_	_	0	*
_	1	27	558	2833	2836	die	der	ART	ART	case=nom|number=sg|gender=fem	559	NK	_	0	(NP*
_	1	27	559	2837	2843	Pracht	pracht	NN	NN	case=nom|number=sg|gender=fem	557	OA	_	0	*
_	1	27	560	2844	2847	der	der	ART	ART	case=gen|number=sg|gender=fem	561	NK	_	0	(NP*
_	1	27	561	2848	2852	Welt	welt	NN	NN	case=gen|number=sg|gender=fem	559	AG	_	0	(CNP*
_	1	27	562	2853	2856	und	und	CONJ	KON	_	561	CD	_	0	*
_	1	27	563	2857	2871	Herrlichkeiten	herrlichkeit	NN	NN	case=dat|number=pl|gender=fem	562	CJ	_	0	*))
_	1	27	564	2871	2872	,	--	PUNC	$,	_	563	--	_	0	*
_	1	27	565	2873	2876	Die	der	PR	PDS	case=nom|number=pl|gender=fem	566	OA	_	0	(CS(S*
_	1	27	566	2877	2889	schimmernden	schimmernd	V	VVFIN	case=nom|number=pl|gender=fem|degree=pos	561	RC	_	0	*
_	1	27	567	2889	2890	,	--	PUNC	$,	_	566	--	_	0	*
_	1	27	568	2891	2894	die	der	PR	PRELS	case=nom|number=pl|gender=fem	572	OA	_	0	(S*
_	1	27	569	2895	2898	ihm	ihm	PR	PPER	case=dat|number=sg|gender=masc|person=3	572	DA	_	0	*
_	1	27	570	2899	2902	der	der	ART	ART	case=nom|number=sg|gender=masc	571	NK	_	0	(NP(AVP(CS(CS(S(NP*
_	1	27	571	2903	2907	Ruhm	ruhm	NN	NN	case=nom|number=sg|gender=masc	572	MO	_	0	*)
_	1	27	572	2908	2915	genannt	nennen	V	VVPP	_	559	RC	_	0	*)
_	1	27	573	2915	2916	,	--	PUNC	$,	_	572	--	_	0	*
_	1	27	574	2917	2920	Und	und	CONJ	KON	_	557	CD	_	0	*
_	1	27	575	2921	2926	kennt	kennen	V	VVFIN	number=sg|person=3|tense=pres|mood=ind	574	CJ	_	0	(S*
_	1	27	576	2927	2930	nun	nun	ADV	ADV	_	575	MO	_	0	*
_	1	27	577	2931	2936	alles	alle	PR	PIS	case=acc|number=sg|gender=neut	575	OA	_	0	(NP*
_	1	27	578	2936	2937	,	--	PUNC	$,	_	577	--	_	0	*
_	1	27	579	2938	2941	was	was	PR	PRELS	case=acc|number=sg|gender=neut	582	OA	_	0	(S*
_	1	27	580	2942	2945	sie	sie	PR	PPER	case=nom|number=sg|gender=fem|person=3	582	SB	_	0	*
_	1	27	581	2946	2954	Würd'ges	würd'ge	NN	NN	case=acc|number=sg|gender=neut	582	OA	_	0	*
_	1	27	582	2955	2959	beut	beuen	V	VVFIN	case=acc|number=sg|gender=neut	577	RC	_	0	*))))
_	1	27	583	2959	2960	,	--	PUNC	$,	_	582	--	_	0	*
_	1	27	584	2961	2964	Und	und	CONJ	KON	_	577	CD	_	0	*
_	1	27	585	2965	2970	fühlt	fühlen	V	VVFIN	number=sg|person=3|tense=pres|mood=ind	584	CJ	_	0	(CS(S*
_	1	27	586	2970	2971	'	--	PUNC	$(	_	585	--	_	0	(NP*
_	1	27	587	2972	2981	unsel'ger	unsel'ger	ADJ	ADJD	degree=comp	585	MO	_	0	*)
_	1	27	588	2982	2986	sich	sich	PR	PRF	case=acc|number=sg|person=3	620	OA	_	0	*
_	1	27	589	2987	2990	als	als	CONJ	KOKOM	_	590	CM	_	0	(AVP*
_	1	27	590	2991	2993	je	je	ADV	ADV	_	587	CC	_	0	*)
_	1	27	591	2993	2994	,	--	PUNC	$,	_	590	--	_	0	*
_	1	27	592	2995	2998	der	der	ART	ART	case=nom|number=sg|gender=masc	593	NK	_	0	(NP*
_	1	27	593	2999	3003	Arme	arm	NN	NN	case=nom|number=sg|gender=masc	577	APP	_	0	*))
_	1	27	594	3003	3004	,	--	PUNC	$,	_	593	--	_	0	*
_	1	27	595	3005	3008	Und	und	CONJ	KON	_	575	CD	_	0	*
_	1	27	596	3009	3014	steht	stehen	V	VVFIN	number=sg|person=3|tense=pres|mood=ind	595	CJ	_	0	(S*
_	1	27	597	3014	3015	,	--	PUNC	$,	_	596	--	_	0	*
_	1	27	598	3016	3018	in	in	PP	APPR	_	600	MO	_	0	(CS(S(PP*
_	1	27	599	3019	3024	Oeden	oeden	NP	NE	case=dat|number=sg|gender=neut	598	NK	_	0	*)
_	1	27	600	3025	3030	steht	stehen	V	VVFIN	number=sg|person=3|tense=pres|mood=ind	596	CJ	_	0	*
_	1	27	601	3031	3034	man	man	PR	PIS	case=nom|number=sg|gender=*	600	SB	_	0	*
_	1	27	602	3035	3039	öder	öder	ADV	ADV	_	600	MO	_	0	*
_	1	27	603	3040	3045	nicht	nicht	O	PTKNEG	_	600	NG	_	0	*)
_	1	27	604	3045	3046	,	--	PUNC	$,	_	603	--	_	0	*
_	1	27	605	3047	3054	Umringt	umringen	V	VVFIN	_	600	MO	_	0	(S*
_	1	27	606	3055	3058	von	von	PP	APPR	_	605	MO	_	0	(PP*
_	1	27	607	3059	3064	allen	aller	PR	PIS	case=dat|number=pl|gender=*	606	NK	_	0	*
_	1	27	608	3065	3070	ihren	ihr	PR	PPOSAT	case=dat|number=pl|gender=*	609	NK	_	0	(NP*
_	1	27	609	3071	3078	Freuden	freude	NN	NN	case=dat|number=pl|gender=*	607	AG	_	0	*)))))))
_	1	27	610	3078	3079	,	--	PUNC	$,	_	609	--	_	0	*
_	1	27	611	3080	3082	da	da	ADV	ADV	_	613	MO	_	0	*)
_	1	27	612	3083	3086	Und	und	NN	NN	_	613	OA	_	0	*)
_	1	27	613	3087	3094	fleucht	fleuchen	V	VVFIN	_	609	CJ	_	0	*)
_	1	27	614	3094	3095	,	--	PUNC	$,	_	613	--	_	0	*
_	1	27	615	3096	3099	das	der	ART	ART	case=acc|number=sg|gender=neut	616	NK	_	0	(NP*
_	1	27	616	3100	3104	Paar	paar	NN	NN	case=acc|number=sg|gender=neut	609	CJ	_	0	*
_	1	27	617	3105	3108	der	der	ART	ART	case=nom|number=sg|gender=masc	618	NK	_	0	(NP*
_	1	27	618	3109	3115	Flügel	flügel	NN	NN	case=nom|number=sg|gender=masc	616	AG	_	0	*
_	1	27	619	3116	3121	emsig	emsig	ADJ	ADJD	degree=pos	620	MO	_	0	(CAP(AP*
_	1	27	620	3122	3128	regend	regend	ADJ	ADJD	degree=pos	616	PAR	_	0	*)
_	1	27	621	3128	3129	,	--	PUNC	$,	_	620	--	_	0	*
_	1	27	622	3130	3142	Unausgesetzt	unausgesetzt	ADJ	ADJD	degree=pos	620	CJ	_	0	*
_	1	27	623	3142	3143	,	--	PUNC	$,	_	622	--	_	0	*
_	1	27	624	3144	3147	auf	auf	PP	APPR	_	628	MO	_	0	(AP(PP*
_	1	27	625	3148	3154	keinen	kein	PR	PIAT	case=acc|number=sg|gender=masc	626	NK	_	0	*
_	1	27	626	3155	3159	Turm	turm	NN	NN	case=acc|number=sg|gender=masc	624	NK	_	0	*)
_	1	27	627	3160	3164	mehr	mehr	ADV	ADV	case=*|number=*|gender=*	626	MO	_	0	*
_	1	27	628	3165	3172	achtend	achtend	ADJ	ADJD	number=sg|person=3|tense=past|mood=ind	622	CJ	_	0	*)))
_	1	27	629	3172	3173	,	--	PUNC	$,	_	628	--	_	0	*
_	1	27	630	3174	3177	Zum	zu	PP	APPRART	case=dat|number=sg|gender=neut	628	PAR	_	0	(PP*
_	1	27	631	3178	3186	Täubchen	täubchen	NN	NN	case=dat|number=sg|gender=neut	630	NK	_	0	*))
_	1	27	632	3187	3190	hin	hin	V	PTKVZ	_	630	MO	_	0	*)
_	1	27	633	3191	3194	und	und	CONJ	KON	_	630	CD	_	0	*
_	1	27	634	3195	3200	sinkt	sinken	V	VVFIN	number=sg|person=3|tense=pres|mood=ind	633	CJ	_	0	(S*
_	1	27	635	3201	3203	zu	zu	PP	APPR	_	634	MO	_	0	(PP*
_	1	27	636	3204	3209	Füßen	fuß	NN	NN	case=dat|number=pl|gender=masc	635	NK	_	0	*))
_	1	27	637	3210	3213	ihr	ihr	PR	PPOSAT	case=dat|number=sg|gender=fem|person=3	638	NK	_	0	(CS(S(NP*
_	1	27	638	3214	3217	Und	und	NN	NN	_	636	AG	_	0	*)
_	1	27	639	3218	3227	schluchzt	schluct	V	VVFIN	number=sg|person=3|tense=pres|mood=ind	634	CJ	_	0	*
_	1	27	640	3228	3230	in	in	PP	APPR	_	639	MO	_	0	(PP*
_	1	27	641	3231	3237	endlos	endlos	ADJ	ADJD	degree=pos	642	MO	_	0	(AP*
_	1	27	642	3238	3246	heftiger	heftig	ADJ	ADJA	case=dat|number=sg|gender=fem|degree=pos	643	NK	_	0	*)
_	1	27	643	3247	3255	Bewegung	bewegung	NN	NN	case=dat|number=sg|gender=fem	640	NK	_	0	*))
_	1	27	644	3256	3259	Und	und	CONJ	KON	_	639	CD	_	0	*
_	1	27	645	3260	3266	küsset	küssen	V	VVFIN	number=sg|person=3|tense=pres|mood=ind	644	CJ	_	0	(S*
_	1	27	646	3267	3270	sie	sie	PR	PPER	case=nom|number=sg|gender=fem|person=3	645	OA	_	0	*
_	1	27	647	3271	3274	und	und	CONJ	KON	_	645	CD	_	0	(AVP(S*
_	1	27	648	3275	3279	weiß	weiß	V	VVFIN	number=sg|person=3|tense=pres|mood=ind	647	CJ	_	0	*
_	1	27	649	3280	3283	ihr	ihr	PR	PPER	case=dat|number=sg|gender=fem|person=3	648	DA	_	0	*
_	1	27	650	3284	3290	nichts	nichts	PR	PIS	case=*|number=*|gender=neut	652	OA	_	0	(NP*
_	1	27	651	3291	3293	zu	zu	O	PTKZU	_	652	PM	_	0	(VZ*
_	1	27	652	3294	3299	sagen	sagen	V	VVINF	_	648	OC	_	0	*))))))))
_	1	27	653	3300	3301	–	–	PUNC	$.	_	652	--	_	0	*
_	1	27	654	3302	3305	Ihr	ihr	PR	PPER	case=nom|number=pl|gender=*|person=2	630	SB	_	0	(NP*
_	1	27	655	3305	3306	,	--	PUNC	$,	_	654	--	_	0	*
_	1	27	656	3307	3310	die	der	PR	PRELS	case=acc|number=pl|gender=neut	662	OA	_	0	(S*
_	1	27	657	3311	3315	sein	sein	PR	PPOSAT	_	659	NK	_	0	(NP*
_	1	27	658	3316	3321	armes	arm	ADJ	ADJA	_	659	NK	_	0	*
_	1	27	659	3322	3326	Herz	herz	NN	NN	case=dat|number=sg|gender=*	662	OA	_	0	*)
_	1	27	660	3327	3331	auch	auch	ADV	ADV	_	661	MO	_	0	(AVP*
_	1	27	661	3332	3336	wohl	wohl	ADV	ADV	_	662	MO	_	0	*)
_	1	27	662	3337	3345	versteht	verstehen	V	VVFIN	number=sg|person=3|tense=pres|mood=ind	607	RC	_	0	*))
_	1	27	663	3345	3346	!	--	PUNC	$.	_	662	--	_	0	*))
_	2	28	664	3348	3351	Ihr	ihr	PR	PPOSAT	case=nom|number=pl|gender=*|person=2	665	NK	_	0	(TOP(S(NP*
_	2	28	665	3352	3359	Sel'gen	sel'gen	NN	NN	number=pl|person=2|tense=pres|mood=ind	_	_	_	0	*)
_	2	28	666	3359	3360	,	--	PUNC	$,	_	665	--	_	0	*
_	2	28	667	3361	3364	die	der	PR	PRELS	case=nom|number=sg|gender=fem	669	OA	_	0	(S*
_	2	28	668	3365	3368	ihr	ihr	PR	PPER	case=dat|number=sg|gender=fem|person=3	669	DA	_	0	*
_	2	28	669	3369	3374	liebt	lieben	V	VVFIN	number=sg|person=3|tense=pres|mood=ind	665	RC	_	0	*
_	2	28	670	3374	3375	,	--	PUNC	$,	_	669	--	_	0	*
_	2	28	671	3376	3379	ihr	ihr	PR	PPER	case=acc|number=sg|gender=neut	672	SB	_	0	(S*
_	2	28	672	3380	3385	wollt	wollt	V	VMFIN	number=pl|person=2|tense=pres|mood=ind	669	OC	_	0	*
_	2	28	673	3386	3395	verreisen	verreisen	V	VVINF	_	672	OC	_	0	(VP*)))
_	2	28	674	3395	3396	?	--	PUNC	$.	_	673	--	_	0	*))
_	2	29	675	3397	3398	O	O	O	ITJ	_	682	NK	_	0	(TOP(S(S*)
_	2	29	676	3398	3399	,	--	PUNC	$,	_	675	--	_	0	*
_	2	29	677	3400	3404	laßt	lassen	V	VVFIN	number=pl|person=2|mood=imp	_	_	_	0	*
_	2	29	678	3405	3407	es	es	PR	PPER	case=nom|number=sg|gender=neut|person=3	677	EP	_	0	*
_	2	29	679	3408	3410	in	in	PP	APPR	_	677	MO	_	0	(VP(PP*
_	2	29	680	3411	3414	die	der	ART	ART	case=acc|number=sg|gender=fem	681	NK	_	0	*
_	2	29	681	3415	3422	nächste	nächster	ADJ	ADJA	case=acc|number=sg|gender=fem|degree=pos	679	NK	_	0	*
_	2	29	682	3423	3429	Grotte	grotte	NN	NN	case=acc|number=sg|gender=fem	683	PD	_	0	*)
_	2	29	683	3430	3434	sein	sein	V	VAINF	_	677	OC	_	0	*)
_	2	29	684	3434	3435	!	--	PUNC	$.	_	683	--	_	0	*))
_	2	30	685	3436	3440	Seid	sein	V	VAIMP	number=pl|person=2|mood=imp	686	NK	_	0	(TOP(CS(S(NP(S*
_	2	30	686	3441	3445	euch	euch	PR	PPER	case=dat|number=pl|gender=*|person=2	696	DA	_	0	(NP*
_	2	30	687	3446	3449	die	der	ART	ART	case=acc|number=sg|gender=fem	688	NK	_	0	(NP*
_	2	30	688	3450	3454	Welt	welt	NN	NN	case=acc|number=sg|gender=fem	696	OA	_	0	*))))
_	2	30	689	3455	3463	einander	einander	PR	PRF	_	696	DA	_	0	(NP*
_	2	30	690	3464	3470	selbst	selbst	ADV	ADV	_	689	MNR	_	0	*))
_	2	30	691	3471	3474	und	und	CONJ	KON	_	689	CD	_	0	*
_	2	30	692	3475	3481	achtet	achten	V	VVFIN	_	691	CJ	_	0	(S*
_	2	30	693	3482	3487	Nicht	nicht	NN	NN	_	696	OA	_	0	(S(NP*
_	2	30	694	3488	3493	eines	ein	ART	ART	case=gen|number=sg|gender=masc	695	NK	_	0	(NP*
_	2	30	695	3494	3502	Wunsches	wunsch	NN	NN	case=gen|number=sg|gender=masc	693	AG	_	0	*))
_	2	30	696	3503	3507	wert	wert	V	VVFIN	degree=pos	_	_	_	0	*
_	2	30	697	3508	3511	das	der	ART	ART	case=nom|number=sg|gender=neut	698	NK	_	0	(NP*
_	2	30	698	3512	3518	übrige	übrig	ADJ	ADJA	case=nom|number=sg|gender=neut|degree=pos	696	SB	_	0	*)))
_	2	30	699	3518	3519	!	--	PUNC	$.	_	698	--	_	0	*))
_	2	31	700	3520	3523	Ich	ich	PR	PPER	case=nom|number=sg|gender=*|person=1	709	RS	_	0	(TOP(S(NP*
_	2	31	701	3524	3528	auch	auch	ADV	ADV	_	700	MO	_	0	*
_	2	31	702	3528	3529	,	--	PUNC	$,	_	701	--	_	0	*
_	2	31	703	3530	3533	das	der	ART	ART	case=nom|number=sg|gender=neut	704	NK	_	0	(NP*
_	2	31	704	3534	3538	Herz	herz	NN	NN	case=nom|number=sg|gender=neut	700	APP	_	0	*))
_	2	31	705	3539	3544	einst	einst	ADV	ADV	_	707	MO	_	0	*
_	2	31	706	3545	3550	eures	dein	PR	PPOSAT	_	707	NK	_	0	(NP*
_	2	31	707	3551	3559	Dichters	dichter	NN	NN	case=gen|number=sg|gender=*	704	AG	_	0	*)
_	2	31	708	3559	3560	,	--	PUNC	$,	_	707	--	_	0	*
_	2	31	709	3561	3567	liebte	lieben	V	VVFIN	number=sg|person=3|tense=past|mood=ind	_	_	_	0	*
_	2	31	710	3567	3568	:	--	PUNC	$.	_	709	--	_	0	*
_	2	31	711	3569	3572	Ich	ich	PR	PPER	case=nom|number=sg|gender=*|person=1	712	SB	_	0	(S*
_	2	31	712	3573	3578	hätte	haben	V	VAFIN	number=sg|person=3|tense=past|mood=subj	709	OC	_	0	*
_	2	31	713	3579	3584	nicht	nicht	O	PTKNEG	_	729	NG	_	0	(VP*
_	2	31	714	3585	3587	um	um	PP	APPR	_	729	MO	_	0	(PP*
_	2	31	715	3588	3591	Rom	rom	NP	NE	_	714	NK	B-LOC	0	(CNP*
_	2	31	716	3592	3595	und	und	CONJ	KON	_	715	CD	_	0	*
_	2	31	717	3596	3601	seine	sein	PR	PPOSAT	case=acc|number=sg|gender=fem	718	NK	_	0	(NP*
_	2	31	718	3602	3608	Tempel	tempel	NN	NN	degree=pos	716	CJ	_	0	*
_	2	31	719	3608	3609	,	--	PUNC	$,	_	718	--	_	0	*
_	2	31	720	3610	3615	Nicht	nicht	NN	NN	_	715	APP	_	0	(CS(S(NP*
_	2	31	721	3616	3618	um	um	PP	APPR	_	720	MNR	_	0	(PP*
_	2	31	722	3619	3622	des	der	ART	ART	case=gen|number=sg|gender=masc	723	NK	_	0	*
_	2	31	723	3623	3634	Firmamentes	firmament	NN	NN	case=gen|number=sg|gender=masc	721	NK	_	0	*
_	2	31	724	3635	3648	Prachtgebäude	prachtgebäude	NN	NN	case=gen|number=sg|gender=masc|degree=pos	725	PNC	_	0	(NP*
_	2	31	725	3649	3652	Des	der	NP	NE	case=gen|number=sg|gender=masc	723	NK	_	0	*)))
_	2	31	726	3653	3659	lieben	lieb	V	VVFIN	case=gen|number=sg|gender=masc|degree=pos	728	NK	_	0	*
_	2	31	727	3660	3668	Mädchens	mädchen	NP	NE	case=gen|number=sg|gender=masc	728	PNC	_	0	(MPN*
_	2	31	728	3669	3674	Laube	laube	NP	NE	case=acc|number=sg|gender=fem|degree=pos	725	NK	_	0	*))))))
_	2	31	729	3675	3687	hingetauscht	hingetauschen	V	VVPP	_	712	OC	_	0	*))
_	2	31	730	3687	3688	!	--	PUNC	$.	_	729	--	_	0	*))
_	2	32	731	3689	3693	Wann	wann	PR	PWAV	case=nom|number=sg|gender=*	732	MO	_	0	(TOP(S*
_	2	32	732	3694	3699	kehrt	kehren	V	VVFIN	number=sg|person=3|tense=pres|mood=ind	_	_	_	0	*
_	2	32	733	3700	3703	ihr	ihr	PR	PPER	case=dat|number=sg|gender=fem|person=3	732	SB	_	0	*
_	2	32	734	3704	3710	wieder	wieder	ADV	ADV	_	732	MO	_	0	*
_	2	32	735	3710	3711	,	--	PUNC	$,	_	734	--	_	0	*
_	2	32	736	3712	3713	o	O	CONJ	KOUS	_	746	CP	_	0	(S*
_	2	32	737	3714	3717	ihr	ihr	PR	PPOSAT	case=dat|number=sg|gender=fem|person=3	738	NK	_	0	(NP*
_	2	32	738	3718	3729	Augenblicke	augenblick	NN	NN	number=sg|person=1|tense=pres|mood=ind	746	SB	_	0	(CNP*
_	2	32	739	3729	3730	,	--	PUNC	$,	_	738	--	_	0	*
_	2	32	740	3731	3734	Die	der	NN	NN	case=nom|number=sg|gender=fem	746	OA	_	0	*))
_	2	32	741	3735	3738	ihr	ihr	PR	PPER	case=dat|number=sg|gender=fem|person=3	746	DA	_	0	*
_	2	32	742	3739	3742	dem	der	ART	ART	case=dat|number=sg|gender=neut	743	NK	_	0	(NP*
_	2	32	743	3743	3748	Leben	leben	NN	NN	case=dat|number=sg|gender=neut	746	DA	_	0	*
_	2	32	744	3749	3757	einz'gen	nz'egen	ADJ	ADJA	case=dat|number=sg|gender=neut|degree=pos	746	MO	_	0	(NP*
_	2	32	745	3758	3763	Glanz	glanz	NN	NN	case=dat|number=sg|gender=neut	746	OA	_	0	*))
_	2	32	746	3764	3771	erteilt	erteilen	V	VVFIN	_	732	MO	_	0	*)
_	2	32	747	3771	3772	?	--	PUNC	$.	_	746	--	_	0	*))
_	2	33	748	3773	3775	So	so	ADV	ADV	_	749	MO	_	0	(TOP(NUR(S(AVP*)
_	2	33	749	3776	3781	viele	vieler	PR	PIS	case=nom|number=pl|gender=*	758	SB	_	0	(NP*
_	2	33	750	3782	3788	jungen	jung	ADJ	ADJA	number=pl|person=3|tense=pres|mood=ind	753	NK	_	0	(NP(CAP*
_	2	33	751	3788	3789	,	--	PUNC	$,	_	750	--	_	0	*
_	2	33	752	3790	3800	lieblichen	lieblich	ADJ	ADJA	case=nom|number=pl|gender=fem|degree=pos	750	CJ	_	0	*)
_	2	33	753	3801	3810	Gestalten	gestalt	NN	NN	case=nom|number=pl|gender=fem	749	APP	_	0	*))
_	2	33	754	3810	3811	,	--	PUNC	$,	_	753	--	_	0	*
_	2	33	755	3812	3815	Mit	mit	PP	APPR	case=nom|number=sg|gender=masc	758	MO	_	0	(S(PP*
_	2	33	756	3816	3828	unempfundnem	unempfundn	ADJ	ADJA	case=dat|number=sg|gender=masc	757	NK	_	0	*
_	2	33	757	3829	3835	Zauber	zauber	NN	NN	case=dat|number=sg|gender=masc	755	NK	_	0	*)
_	2	33	758	3836	3842	sollen	sollen	V	VMFIN	number=pl|person=3|tense=pres|mood=ind	_	_	_	0	*
_	2	33	759	3843	3846	sie	sie	PR	PPER	case=nom|number=pl|gender=*|person=3	762	OA	_	0	*
_	2	33	760	3847	3849	An	an	PP	APPR	_	762	MO	_	0	(PP*
_	2	33	761	3850	3853	mir	sich	PR	PPER	case=dat|number=sg|gender=*|person=1	760	NK	_	0	*)))
_	2	33	762	3854	3865	vorübergehn	vorübergehn	V	VVFIN	_	758	OC	_	0	*
_	2	33	763	3865	3866	?	--	PUNC	$.	_	762	--	_	0	*))
_	2	34	764	3867	3870	Ach	ach	O	ITJ	_	_	_	_	0	(TOP(S(S*)
_	2	34	765	3870	3871	,	--	PUNC	$,	_	764	--	_	0	*
_	2	34	766	3872	3878	dieses	dieser	PR	PDAT	case=nom|number=sg|gender=neut	767	NK	_	0	(S(NP*
_	2	34	767	3879	3883	Herz	herz	NN	NN	case=nom|number=sg|gender=neut	764	NK	_	0	*))
_	2	34	768	3883	3884	!	--	PUNC	$.	_	767	--	_	0	*))
_	2	35	769	3885	3889	Wenn	wenn	CONJ	KOUS	_	775	CP	_	0	(TOP(S*
_	2	35	770	3890	3892	es	es	PR	PPER	case=nom|number=sg|gender=neut|person=3	775	SB	_	0	*
_	2	35	771	3893	3897	doch	doch	ADV	ADV	_	775	MO	_	0	(VP*
_	2	35	772	3898	3904	einmal	einmal	ADV	ADV	_	775	MO	_	0	*
_	2	35	773	3905	3909	noch	noch	ADV	ADV	_	775	MO	_	0	*
_	2	35	774	3910	3918	erwarmen	erwarmen	V	VVINF	_	775	OC	_	0	*)
_	2	35	775	3919	3925	könnte	können	V	VMFIN	number=sg|person=3|tense=past|mood=subj	_	_	_	0	*
_	2	35	776	3925	3926	!	--	PUNC	$.	_	775	--	_	0	*))
_	2	36	777	3927	3930	Hat	haben	V	VAFIN	number=sg|person=3|tense=pres|mood=ind	_	_	_	0	(TOP(S*
_	2	36	778	3931	3936	keine	kein	PR	PIAT	case=nom|number=sg|gender=fem	779	NK	_	0	(NP*
_	2	36	779	3937	3946	Schönheit	schönheit	NN	NN	case=nom|number=sg|gender=fem	777	SB	_	0	*)
_	2	36	780	3947	3952	einen	ein	ART	ART	case=acc|number=sg|gender=masc	781	NK	_	0	(S(NP(S(NP*
_	2	36	781	3953	3957	Reiz	reiz	NN	NN	case=acc|number=sg|gender=masc	777	OA	_	0	*)
_	2	36	782	3958	3962	mehr	mehr	ADV	ADV	_	781	MO	_	0	(PP*))
_	2	36	783	3962	3963	,	--	PUNC	$,	_	782	--	_	0	*
_	2	36	784	3964	3967	der	der	ART	ART	case=nom|number=sg|gender=masc	786	SB	_	0	*)
_	2	36	785	3968	3972	Mich	mich	PR	PPER	case=nom|number=sg|gender=masc	786	OA	_	0	(NP*)
_	2	36	786	3973	3978	rührt	rühren	V	VVFIN	number=sg|person=3|tense=pres|mood=ind	781	RC	_	0	*)
_	2	36	787	3978	3979	?	--	PUNC	$.	_	786	--	_	0	*))
_	2	37	788	3980	3983	Ist	sein	V	VAFIN	number=sg|person=3|tense=pres|mood=ind	_	_	_	0	(TOP(S*
_	2	37	789	3984	3987	sie	sie	PR	PPER	case=nom|number=sg|gender=fem|person=3	788	SB	_	0	*
_	2	37	790	3988	3996	entflohn	entflohn	V	VVPP	_	788	PD	_	0	(VP*)
_	2	37	791	3996	3997	,	--	PUNC	$,	_	790	--	_	0	*
_	2	37	792	3998	4001	die	der	ART	ART	case=nom|number=sg|gender=fem	793	NK	_	0	(NP*
_	2	37	793	4002	4006	Zeit	zeit	NN	NN	case=nom|number=sg|gender=fem	789	APP	_	0	*
_	2	37	794	4007	4010	der	der	ART	ART	case=dat|number=sg|gender=fem	795	NK	_	0	(NP*
_	2	37	795	4011	4016	Liebe	liebe	NN	NN	case=dat|number=sg|gender=fem	793	AG	_	0	*
_	2	37	796	4017	4018	–	–	PUNC	$.	_	795	--	_	0	*))
_	2	37	797	4019	4020	?	--	PUNC	$.	_	796	--	_	0	*))
